
create database doccoming;

use doccoming
;


create table authorization(
id int not null primary key,
Role varchar(20) not null CHECK (Role !="")
)
;
-- drop table authorization;
insert into authorization (id, Role) values 
(0, 'Admin'),
(1, 'Patient'),
(2, 'Doctor');

create table account(
id int not null primary key AUTO_INCREMENT,
LastName nvarchar(20),
FirstName nvarchar(25),
BirthDate date,
Gender varchar(30),
Address nvarchar(300),
Email varchar(50) not null UNIQUE CHECK (Email !=""),
PassWord varchar(200) not null ,
Phone varchar(15) null,
Avt varchar(200),
Authorization int default 1,
CreatedAt date not null,
foreign key (Authorization) references authorization(id)
)
; 
ALTER TABLE account AUTO_INCREMENT = 235523484;
-- drop table account;
insert into account (id, LastName, FirstName, BirthDate, Gender, Address, Email, PassWord, Phone, Avt, Authorization, CreatedAt) value 
('235523484', 'Anh', 'Quốc', '2008-06-18', 'Nữ', '420 Võ Văn Ngân', 'admin@doccoming.com', '$2b$07$C6fyQihiyCzqxej.1ofpieQT9hvNU4fPvszUSaYYUY0ofEedABjQu', '09024204202', 'https://res.cloudinary.com/doccomming/image/upload/v1718643338/eztzjkeml0hdtms5tv6a.png', '0', '2024-06-02'),
('235523485', 'Dung', 'Nguyễn Thị Kim', '1995-06-18', 'Nữ', '420 Võ Văn Ngân', 'kimdung@gmail.com', '$2b$07$rvSXuCxYR4eZYTucCaKhJ.5J3aQnUNJN.8x/Xfj0GQ4bztL6Bk1Vq', '0902420420', 'https://res.cloudinary.com/doccomming/image/upload/v1718199110/axwjbwbubkuervn2ovoi.png', '2', '2024-06-02'),
('235523486', 'Lâm', 'Nguyễn Sơn', '1986-07-19', 'Nam', '1 Võ Văn Ngân', 'sonlam@gmail.com', '$2b$07$agI47Yp3nBMhrz7oNNkMA.hfqPTbmWpnxGCuqmm8k11bbSr.1Zici', '123456789', 'https://res.cloudinary.com/doccomming/image/upload/v1718369157/gueq8yk4v81gq1wykxgm.png', '2', '2024-06-02'),
('235523487', 'Nghi', 'Lê Hoàng Hạnh', '1988-03-11', 'Nữ', '1 Võ Văn Ngân', 'hanhnghi@gmail.com', '$2b$07$agI47Yp3nBMhrz7oNNkMA.hfqPTbmWpnxGCuqmm8k11bbSr.1Zici', '0922817871', 'https://res.cloudinary.com/doccomming/image/upload/v1718369035/cik4xft5cmfjxmlav9re.png', '2', '2024-06-02'),
('235523488', 'Hiếu', 'Trương Quang', '1993-07-06', 'Nam', '1 Võ Văn Ngân', 'quanghieu@gmail.com', '$2b$07$agI47Yp3nBMhrz7oNNkMA.hfqPTbmWpnxGCuqmm8k11bbSr.1Zici', '0987232742', 'https://res.cloudinary.com/doccomming/image/upload/v1718369232/bpnoqnshakpdi32vxusq.png', '2', '2024-05-02'),
('235523489', 'Anh', 'Quoc', '2024-05-01', 'Nữ', '420 Võ Văn Ngân', 'oruku8888@gmail.com', '$2b$07$4dmheiksHRwPyRyJ1xlN8uS.ipX/bDPu8/9j4oiBA0rMIAwO2F3ke', '0902420420', 'https://res.cloudinary.com/doccomming/image/upload/v1720655498/cbx75l2vvxpezxpzwsks.jpg', '1', '2024-05-03'),
('235523493', 'NGUYEN', 'XUAN NAM ', '2010-05-11', 'Nam', 'Ap Ben San, xa Phuoc Thien, Nhon Trach', '19110243@student.hcmute.edu.vn', '$2b$07$agI47Yp3nBMhrz7oNNkMA.hfqPTbmWpnxGCuqmm8k11bbSr.1Zici', NULL, 'https://lh3.googleusercontent.com/a/ACg8ocJQvqt6Mypki5z_ZlsWA1FQCAJQLh0dZqlev330N74fWG95CA=s96-c', '1', '2024-06-08'),
('235523496', 'Nguyễn', 'Dương Quốc Anh ', '2010-05-11', 'Nam', 'Ap Ben San, xa Phuoc Thien, Nhon Trach', 'duongquocanh196@gmail.com', '$2b$07$agI47Yp3nBMhrz7oNNkMA.hfqPTbmWpnxGCuqmm8k11bbSr.1Zici', NULL, 'https://lh3.googleusercontent.com/a/ACg8ocJAXbnGy8LcYrOlZ-UcBHMdYdWooBj8LOcO2nZ4Oj_WdS8pPA=s96-c', '1', '2024-06-14'),
('235523508', 'Nam', 'Nguyễn Xuân', '2010-05-11', 'Nam', 'Ap Ben San, xa Phuoc Thien, Nhon Trach', 'nguyenxuannam0709@gmail.com', 'Default Password', '0337999421', 'https://lh3.googleusercontent.com/a/ACg8ocIunZWeZwymxzoyJvysMwM1wqI_Rr1D0FayySAIIo61w_dTlA=s96-c', '1', '2024-06-17'),
('235523510', 'Diễm', ' Hồng ', '2010-05-11', 'Nữ', 'Ap Ben San, xa Phuoc Thien, Nhon Trach', 'hongdiem@gmail.com', '$2b$07$se.lTuigd/7jVbEPZJQvxeZb1oPv8iiiAfGg/PXVbzDFylaKznTyK', '0902342423', 'https://res.cloudinary.com/doccomming/image/upload/v1720711777/g65pmtwajrerfxgfeugc.jpg', '1', '2024-07-11'),
('235523513', 'Anh', 'Nguyen Duong Quoc', '2010-05-11', NULL, 'Ap Ben San, xa Phuoc Thien, Nhon Trach', '19110164@student.hcmute.edu.vn', 'Default Password', NULL, 'https://lh3.googleusercontent.com/a/ACg8ocL80InJg6eGjCM_OaT0hS_MwZIml0UGt7_VByLIyyxX8nRk0w=s96-c', '1', '2024-07-11'),
('235523514', 'Giàu', 'Nguyễn Văn', '2010-05-11', 'Nam', '1 Võ Văn Ngân', 'user1@gmail.com', '$2b$07$rvSXuCxYR4eZYTucCaKhJ.5J3aQnUNJN.8x/Xfj0GQ4bztL6Bk1Vq', '0902420420', 'https://res.cloudinary.com/doccomming/image/upload/v1720718374/lmarrhrp174rducgc6qy.jpg', '1', '2024-01-11'),
('235523515', 'Đạt', 'Trần Văn', '1995-06-18', 'Nam', '1 Võ Văn Ngân', 'user2@gmail.com', '$2b$07$rvSXuCxYR4eZYTucCaKhJ.5J3aQnUNJN.8x/Xfj0GQ4bztL6Bk1Vq', '0902435453', NULL, '1', '2024-02-11'),
('235523516', 'Tâm', 'Lê Minh', '1995-06-18', 'Nữ', '1 Võ Văn Ngân', 'user3@gmail.com', '$2b$07$rvSXuCxYR4eZYTucCaKhJ.5J3aQnUNJN.8x/Xfj0GQ4bztL6Bk1Vq', '0902765345', NULL, '1', '2024-03-11'),
('235523517', 'Anh', 'Nguyễn Ngọc', '1995-06-18', 'Nam', '1 Võ Văn Ngân', 'user4@gmail.com', '$2b$07$rvSXuCxYR4eZYTucCaKhJ.5J3aQnUNJN.8x/Xfj0GQ4bztL6Bk1Vq', '0902242342', NULL, '1', '2024-04-11'),
('235523518', 'Đan', 'Lê Trung', '1995-06-18', 'Nam', '1 Võ Văn Ngân', 'user5@gmail.com', '$2b$07$rvSXuCxYR4eZYTucCaKhJ.5J3aQnUNJN.8x/Xfj0GQ4bztL6Bk1Vq', '0902786344', NULL, '1', '2024-05-11'),
('235523519', 'Quý', 'Lý Thanh', '1995-06-18', 'Nữ', '1 Võ Văn Ngân', 'user6@gmail.com', '$2b$07$rvSXuCxYR4eZYTucCaKhJ.5J3aQnUNJN.8x/Xfj0GQ4bztL6Bk1Vq', '0902786787', NULL, '1', '2024-06-11'),
('235523520', 'Ly', 'Nguyễn Trúc', '1995-06-18', 'Nữ', '1 Võ Văn Ngân', 'user7@gmail.com', '$2b$07$rvSXuCxYR4eZYTucCaKhJ.5J3aQnUNJN.8x/Xfj0GQ4bztL6Bk1Vq', '0902876446', NULL, '1', '2024-07-11'),
('235523521', 'Linh', 'Trần Lệ', '1986-06-18', 'Nữ', '1 Võ Văn Ngân', 'lelinh@gmail.com', '$2b$07$rvSXuCxYR4eZYTucCaKhJ.5J3aQnUNJN.8x/Xfj0GQ4bztL6Bk1Vq', '0902242342', 'https://res.cloudinary.com/doccomming/image/upload/v1720728928/i0umrcbjd3z3ivys32u0.png', '2', '2024-07-11'),
('235523522', 'Long', 'Trần Hoàng', '1995-06-18', 'Nam', '1 Võ Văn Ngân', 'hoanglong@gmail.com', '$2b$07$rvSXuCxYR4eZYTucCaKhJ.5J3aQnUNJN.8x/Xfj0GQ4bztL6Bk1Vq', '0902242342', 'https://res.cloudinary.com/doccomming/image/upload/v1720729139/agapyemisoufxgmniwui.png', '2', '2024-06-11'),
('235523523', 'Bỉnh', 'Trình Ngô', '1990-06-18', 'Nam', '1 Võ Văn Ngân', 'ngobinh@gmail.com', '$2b$07$rvSXuCxYR4eZYTucCaKhJ.5J3aQnUNJN.8x/Xfj0GQ4bztL6Bk1Vq', '0902242342', 'https://res.cloudinary.com/doccomming/image/upload/v1720729327/drhftwpbc8y01calwcwu.png', '2', '2024-05-11'),
('235523524', 'Tân', 'Nguyễn Đình ', '1995-06-18', 'Nam', '1 Võ Văn Ngân', 'dinhtan@gmail.com', '$2b$07$rvSXuCxYR4eZYTucCaKhJ.5J3aQnUNJN.8x/Xfj0GQ4bztL6Bk1Vq', '0902242342', 'https://res.cloudinary.com/doccomming/image/upload/v1720731743/ruoqvfokpxzq9zfu37mn.png', '2', '2024-04-11'),
('235523525', 'Linh', 'Lê Hoàng', '1995-06-18', 'Nam', '1 Võ Văn Ngân', 'hoanglinh@gmail.com', '$2b$07$rvSXuCxYR4eZYTucCaKhJ.5J3aQnUNJN.8x/Xfj0GQ4bztL6Bk1Vq', '0902242342', 'https://res.cloudinary.com/doccomming/image/upload/v1720732131/nd6fg5oocr3glozhluoe.png', '2', '2024-03-11'),
('235523526', 'Trường', 'Phạm Ngọc', '1965-06-18', 'Nam', '1 Võ Văn Ngân', 'ngoctruong@gmail.com', '$2b$07$rvSXuCxYR4eZYTucCaKhJ.5J3aQnUNJN.8x/Xfj0GQ4bztL6Bk1Vq', '0902242342', 'https://res.cloudinary.com/doccomming/image/upload/v1720732569/sbx6abitd1vmdzgv0cha.png', '2', '2024-02-11'),
('235523527', 'Khải', 'Bùi Xuân', '1995-06-18', 'Nam', '1 Võ Văn Ngân', 'xuankhai@gmail.com', '$2b$07$rvSXuCxYR4eZYTucCaKhJ.5J3aQnUNJN.8x/Xfj0GQ4bztL6Bk1Vq', '0902242342', 'https://res.cloudinary.com/doccomming/image/upload/v1720747120/tcdag0ozwyxu5bpmgjjn.png', '2', '2024-01-11'),
('235523528', 'Hà', 'Đặng Văn', '1986-06-18', 'Nam', '1 Võ Văn Ngân', 'vanha@gmail.com', '$2b$07$rvSXuCxYR4eZYTucCaKhJ.5J3aQnUNJN.8x/Xfj0GQ4bztL6Bk1Vq', '0902242342', 'https://res.cloudinary.com/doccomming/image/upload/v1720733533/thgadnmipbfvw2euhhfw.png', '2', '2023-12-11'),
('235523529', 'Huyền', 'Phạm Thị', '1995-06-18', 'Nữ', '1 Võ Văn Ngân', 'thihuyen@gmail.com', '$2b$07$rvSXuCxYR4eZYTucCaKhJ.5J3aQnUNJN.8x/Xfj0GQ4bztL6Bk1Vq', '0902242342', 'https://res.cloudinary.com/doccomming/image/upload/v1720733802/xsrocdv6ewznugvu4e9h.png', '2', '2023-11-11'),
('235523530', 'Ngọc', 'Dương Minh', '1987-06-18', 'Nam', '1 Võ Văn Ngân', 'minhngoc@gmail.com', '$2b$07$rvSXuCxYR4eZYTucCaKhJ.5J3aQnUNJN.8x/Xfj0GQ4bztL6Bk1Vq', '0902242342', 'https://res.cloudinary.com/doccomming/image/upload/v1720734061/zxsfkahz3tqtxvrelz87.png', '2', '2023-10-11'),
('235523531', 'Hòa', 'Trương Thị Ái', '1989-06-18', 'Nữ', '1 Võ Văn Ngân', 'aihoa@gmail.com', '$2b$07$rvSXuCxYR4eZYTucCaKhJ.5J3aQnUNJN.8x/Xfj0GQ4bztL6Bk1Vq', '0902242342', 'https://res.cloudinary.com/doccomming/image/upload/v1720734292/houhtoa7plqequvswbcl.png', '2', '2023-09-11'),
('235523532', 'Thanh', 'Lê Thị Mỹ', '1995-06-18', 'Nữ', '1 Võ Văn Ngân', 'mythanh@gmail.com', '$2b$07$rvSXuCxYR4eZYTucCaKhJ.5J3aQnUNJN.8x/Xfj0GQ4bztL6Bk1Vq', '0902242342', 'https://res.cloudinary.com/doccomming/image/upload/v1720734471/yujfhgcu64ijpdxulnhf.png', '2', '2023-08-11'),
('235523533', 'Ngọc', 'Trần Anh', '1995-06-18', 'Nam', '1 Võ Văn Ngân', 'anhngoc@gmail.com', '$2b$07$rvSXuCxYR4eZYTucCaKhJ.5J3aQnUNJN.8x/Xfj0GQ4bztL6Bk1Vq', '0902242342', 'https://res.cloudinary.com/doccomming/image/upload/v1720734715/ckyquh4ge4o8buthqenm.png', '2', '2023-12-11'),
('235523534', 'Sĩ', 'Nguyễn Văn', '1990-06-18', 'Nam', '1 Võ Văn Ngân', 'vansi@gmail.com', '$2b$07$rvSXuCxYR4eZYTucCaKhJ.5J3aQnUNJN.8x/Xfj0GQ4bztL6Bk1Vq', '0902242342', 'https://res.cloudinary.com/doccomming/image/upload/v1720735017/p5uvamkhi5kxvkpspehg.png', '2', '2023-11-11'),
('235523535', 'Hà', 'Trần Anh Hải', '1995-06-18', 'Nữ', '1 Võ Văn Ngân', 'haiha@gmail.com', '$2b$07$rvSXuCxYR4eZYTucCaKhJ.5J3aQnUNJN.8x/Xfj0GQ4bztL6Bk1Vq', '0902242342', 'https://res.cloudinary.com/doccomming/image/upload/v1720735182/tsazvq0nflymmtszjvgi.png', '2', '2023-10-11'),
('235523536', 'Hưng', 'Trần Quang', '1995-06-18', 'Nam', '1 Võ Văn Ngân', 'quanghung@gmail.com', '$2b$07$rvSXuCxYR4eZYTucCaKhJ.5J3aQnUNJN.8x/Xfj0GQ4bztL6Bk1Vq', '0902242342', 'https://res.cloudinary.com/doccomming/image/upload/v1720735380/ju7gobc88emivltrbxjx.png', '2', '2023-09-11'),
('235523538', 'Nga', 'Nguyễn Thị Kiều', '1992-06-18', 'Nữ', '1 Võ Văn Ngân', 'kieunga@gmail.com', '$2b$07$rvSXuCxYR4eZYTucCaKhJ.5J3aQnUNJN.8x/Xfj0GQ4bztL6Bk1Vq', '0902242342', 'https://res.cloudinary.com/doccomming/image/upload/v1720736319/hkytjariullruojl47ly.png', '2', '2023-08-11');



create table major(
id int not null primary key AUTO_INCREMENT,
Major nvarchar(40) not null CHECK (Major !="")
)
;
insert into major (id, Major) values 
('1', 'Bác sĩ gia đình'),
('2', 'Bệnh truyền nhiễm'),
('4', 'Da liễu'),
('5', 'Điều dưỡng'),
('6', 'Dinh dưỡng'),
('7', 'Hồi sức cấp cứu'),
('8', 'Nội khoa'),
('9', 'Lão khoa'),
('10', 'Ngoại khoa'),
('11', 'Nha khoa'),
('12', 'Nhãn khoa'),
('13', 'Nhi khoa'),
('14', 'Nội hô hấp'),
('15', 'Sản/Phụ khoa'),
('16', 'Tai mũi họng'),
('17', 'Tâm thần học'),
('18', 'Tim mạch'),
('19', 'Ung bướu'),
('20', 'Đa khoa'),
('21', 'Huyết học'),
('22', 'Nội tiết');


create table infordoctor(
id int not null primary key AUTO_INCREMENT,
idAccount int,
Degree varchar(30), -- trình độ
Introduce varchar(5000), -- giới thiệu
idMajor int,
Experience int, 
Training varchar(100),
foreign key (idAccount) references account(id),
foreign key (idMajor) references major(id)
)
; -- drop table infordoctor
insert into infordoctor (id, idAccount, Degree, Introduce, idMajor, Experience, Training) values
('1', '235523486', 'Bác sĩ chuyên khoa 1', '<p>ThS. BS. CKI. Nguyễn Sơn Lâm hiện đang công tác tại Bệnh viện Chợ Rẫy và Đại học Y Dược Thành phố Hồ Chí Minh, có chuyên môn sâu về điều trị bệnh Thận, nhiễm trùng đường niệu và các bệnh lý Nội khoa tổng quát.</p><p><br></p><p>Bác sĩ Lâm đã tham gia các lớp đào tạo tập huấn nâng cao chuyên môn chuyên ngành Nội Thận và Y Học Gia Đình được tổ chức trong nước.</p><p><br></p><p><strong>Quá trình công tác</strong></p><p><br></p><p><strong>2015 - nay:&nbsp;</strong>Khoa Khám bệnh, Đại học Y Dược Thành phố Hồ Chí Minh.</p><p><br></p><p><strong>2014 - nay:</strong>&nbsp;Khoa Nội Thận, Bệnh viện Chợ Rẫy Thành phố Hồ Chí Minh.</p><p><br></p><p><strong>Đào tạo</strong></p><p><br></p><p><strong>2011 - 2014:</strong>&nbsp;Bác sĩ Nội trú chuyên ngành Nội tổng quát, Đại học Y Dược Thành phố Hồ Chí Minh.</p><p><br></p><p><strong>2004 - 2010:</strong>&nbsp;Bác sĩ Đa khoa, Đại học Y Dược Thành phố Hồ Chí Minh.</p>', '20', '7', 'Đại học Y dược thành phố Hồ Chí Minh'),
('2', '235523487', 'Thạc sĩ Y Khoa', '<p>ThS. BS. Lê Hoàng Hạnh Nghi đang là Giảng viên bộ môn Dinh dưỡng của Đại học Y Khoa Phạm Ngọc Thạch và là bác sĩ khoa Dinh dưỡng tại Bệnh viện Nhi Đồng 2.</p><p><br></p><p>Bác sĩ Nghi đã tham gia các lớp đào tạo tập huấn nâng cao chuyên môn của chuyên ngành Nhi khoa được tổ chức trong nước.</p><p><br></p><p><strong>ThS.BS. Lê Hoàng Hạnh Nghi chuyên điều trị:</strong></p><p><br></p><p>Bệnh lý liên quan dinh dưỡng trẻ em: suy dinh dưỡng, béo phì, thiếu vi chất, dị ứng trẻ em…</p><p><br></p><p><strong>Quá trình công tác</strong></p><p><br></p><p>2017 - nay:&nbsp;Khoa Dinh dưỡng, Bệnh viện Nhi đồng 2 Thành phố Hồ Chí Minh.</p><p><br></p><p>2013 - nay:&nbsp;Bộ môn Dinh dưỡng – An toàn thực phẩm, Trường Đại Học Y khoa Phạm Ngọc Thạch Thành phố Hồ Chí Minh.</p><p><br></p><p><strong>Đào tạo</strong></p><p><br></p><p>2014 - 2017:&nbsp;Thạc sĩ chuyên ngành Dinh dưỡng, Đại Học Y Hà Nội Thành phố Hồ Chí Minh.</p><p><br></p><p>2006 - 2012:&nbsp;Bác sĩ đa khoa, Đại Học Y Phạm Ngọc Thạch Thành phố Hồ Chí Minh.</p>', '6', '11', 'Đại học Y dược thành phố Hồ Chí Minh'),
('3', '235523488', 'Thạc sĩ Y Khoa', '<p>ThS. BS. Trương Quang Hiếu hiện đang công tác tại khoa Tiêu hóa tại Bệnh viện Nhi Đồng 1, có chuyên môn sâu về điều trị hô hấp, tiêu hóa, tiết niệu, thần kinh, nhiễm trùng, và vấn đề dinh dưỡng cho trẻ. </p><p><br></p><p>Bác sĩ đã tham gia tích cực các khóa đào tạo chuyên sâu về Nhi khoa.</p><p><br></p><p><strong>Quá trình công tác</strong></p><p><br></p><p><strong>2020 - nay:</strong> Bác sĩ điều trị - Khoa Tiêu Hoá - Bệnh viện Nhi Đồng 1.</p><p><br></p><p><strong>Đào tạo</strong></p><p><strong><span class=\"ql-cursor\">﻿</span></strong></p><p><strong>2018 - 2020: </strong>Thạc sĩ, Đại học Y dược thành phố Hồ Chí Minh.</p><p><br></p><p><strong>2017 - 2020:</strong> Bác sĩ nội trú, chuyên ngành Nhi khoa, Đại Học Y Dược Thành phố Hồ Chí Minh.</p><p><br></p><p><strong>2011 - 2017:</strong> Bác sĩ đa khoa, Đại Học Y Dược Thành phố Hồ Chí Minh.</p>', '13', '6', 'Đại học Y dược thành phố Hồ Chí Minh'),
('5', '235523485', 'Bác sĩ chuyên khoa 1', '<p>ThS. BS. CKI. Nguyễn Thị Kim Dung hiện đang công tác tại Bệnh viện Mắt Thành phố Hồ Chí Minh,có chuyên môn sâu về điều trị bệnh lý về mi Mắt và bề mặt Nhãn cầu, bệnh lý kết giác mạc và một số bệnh lý khác (màng bồ đào, dịch kính, võng mạc,...). </p><p><br></p><p>Bác sĩ Dung đã tham giá các lớp đào tạo nâng cao chuyên môn được tổ chức trong nước.</p><p><br></p><p><strong>Quá trình công tác</strong></p><p><br></p><p><strong>2018 - nay:</strong> Bệnh viện Mắt Thành phố Hồ Chí Minh.</p><p><br></p><p><strong>Đào tạo</strong></p><p><br></p><p><strong>2015 - 2018:</strong>&nbsp;Bác sĩ Nội trú, Thạc sĩ Nhãn khoa, Đại học Y Dược Thành phố Hồ Chí Minh.</p><p><br></p><p><strong>2009 - 2015:</strong> Bác sĩ Đa khoa, Đại học Y Khoa Phạm Ngọc Thạch.</p>', '12', '6', 'Đại học Y khoa Phạm Ngọc Thạch'),
('6', '235523521', 'Thạc sĩ y khoa', '<p><span style=\"color: rgb(74, 74, 74);\">ThS. BS. Trần Lệ Linh hiện đang là Giảng viên hỗ trợ Tổ Hợp tác Quốc tế tại Đại học Y dược Thành phố Hồ Chí Minh và là bác sĩ Phòng khám Y học Gia đình. Bác sĩ Linh đã tham gia các lớp đào tạo về chuyên môn chuyên ngành Y học Gia đình. Ngoài bác sĩ còn là tác giả và đồng tác giả của các bài viết về khoa học được đăng trên tạp chí y học trong nước.</span></p><p><br></p><p><strong>Quá trình công tác</strong></p><p><br></p><p><strong>2020 - nay:</strong> Giảng viên hỗ trợ Tổ Hợp tác quốc tế - Nghiên cứu khoa học, Khoa Y Đại học Y dược Thành phố Hồ Chí Minh.</p><p><br></p><p><strong>2017 - nay:</strong> Phòng khám Y học gia đình.</p><p><br></p><p><strong>2015 - nay:</strong>&nbsp;Giảng viên, Đại học Y dược Thành phố Hồ Chí Minh.</p><p><br></p><p><strong>Đào tạo</strong></p><p><br></p><p><strong>2014:</strong>&nbsp;Bác sĩ nội trú chuyên ngành Lão Khoa, Đại học Y Dược Thành phố Hồ Chí Minh.</p><p><br></p><p><strong>2004:</strong>&nbsp;Bác sĩ đa khoa, Đại học Y Khoa Phạm Ngọc Thạch.</p>', '1', '8', 'Đại học Y dược thành phố Hồ Chí Minh'),
('7', '235523522', 'Thạc sĩ y khoa', '<p>Bác sĩ Long đã có 2 bài viết về khoa học được đăng trên tạp chí Y Học Lâm Sàng vào các năm 2019 và 2021.</p><p><br></p><p>Ngoài ra bác sĩ Trần Hoàng Long còn vinh dự nhận được bằng khen của Bộ trưởng Bộ Y tế đã có nhiều thành tích trong công tác hỗ trợ phòng chống dịch Covid-19 tại CHDCND Lào năm 2021 và bằng khen của Chủ tịch Tổng hội Y học Việt Nam đã có thành tích xuất sắc trong phòng chống dịch Covid-19 năm 2021.</p><p><br></p><p><strong>Quá trình công tác</strong></p><p><br></p><p><strong>2018 - nay:</strong> Phòng Hồi sức cấp cứu - Trung tâm Bệnh Nhiệt đới - Bệnh viện Bạch Mai.</p><p><br></p><p><strong>2018 - 2019:&nbsp;</strong>Tạp chí BMJ (British Medical Journal).</p><p><br></p><p><strong>01/2019 - 11/2020:</strong> IQVIA Viet Nam.</p><p><br></p><p><strong>Đào tạo</strong></p><p><br></p><p><strong>2014 - 2017: </strong>Bác sĩ Nội trú truyền nhiễm, Đại học Y Hà Nội</p><p><br></p><p><strong>2008 - 2014:</strong> Bác sĩ đa khoa, Học viện Quân Y</p>', '2', '8', 'Học viện quân Y'),
('8', '235523523', 'Thạc sĩ y khoa', '<p><span style=\"color: rgb(74, 74, 74);\">Bác sĩ Bỉnh hiện là bác sĩ Da liễu tại bệnh viện Pháp Việt Thành phố Hồ Chí Minh, và từng có thời gian dài làm việc tại bệnh viện Vinmec Central Park và bệnh viện Da liễu TP.HCM. BS. Trình Ngô Bỉnh có nhiều đóng góp về nghiên cứu khoa học được đăng lên các tạp chí y học uy tín trong và ngoài nước.</span></p><p><br></p><p><span style=\"color: rgb(74, 74, 74);\">Bác sĩ Trình Ngô Bỉnh còn tích cực tham gia các hội nghị và các lớp đào tạo tập huấn chuyên môn ngắn hạn tại Việt Nam và nước ngoài. Bác sĩ Bỉnh cũng là thành viên Hiệp hội Da liễu Việt Nam.</span></p><p><br></p><p><strong>Quá trình công tác</strong></p><p><br></p><p><strong>9/2022 - nay:</strong> Bệnh Viện Pháp Việt Thành phố Hồ Chí Minh và Đại Học Nguyễn Tất Thành.</p><p><br></p><p><strong>2019 - 8/2022:</strong> Bệnh viện Da Liễu Thành phố Hồ Chí Minh.</p><p><br></p><p><strong>2015 - 2019:</strong> Bệnh Viện Đa Khoa Quốc Tế Vinmec Central Park.</p><p><br></p><p><strong>Đào tạo</strong></p><p><br></p><p><strong>2012 – 2015: </strong>Bác sĩ nội trú, thạc sĩ, bác sĩ chuyên khoa 1 chuyên ngành Da Liễu, Đại Học Y Dược Thành phố Hồ Chí Minh.</p><p><br></p><p><strong>2005 – 2011: </strong>Bác sĩ đa khoa, Đại Học Y Dược Thành phố Hồ Chí Minh.</p>', '4', '11', 'Đại học Y dược thành phố Hồ Chí Minh'),
('9', '235523524', 'Cử nhân điều dưỡng', '<p><span style=\"color: rgb(74, 74, 74);\">Cử nhân xét nghiệm, thực hiện việc lấy các mẫu bệnh phẩm;&nbsp;giải thích, phân tích các kết quả xét nghiệm,...</span></p><p><br></p><p><strong>Quá trình công tác</strong></p><p><br></p><p><strong>2018 - nay:</strong> Điều dưỡng Team Home Visit tại Phòng Khám Đa Khoa Jio Health.</p><p><br></p><p><strong>2015-2016:</strong> Thực tập tại khoa xét nghiệm Bệnh Viện Đa Khoa Đặng Thùy Trâm, Đức Phổ, Quảng Ngãi.</p><p><br></p><p><strong>Đào tạo</strong></p><p><br></p><p><strong>2016 – 2019:</strong> Cử nhân xét nhiệm tại Đại Học Quốc Tế Hồng Bàng, Thành phố Hồ Chí Minh.</p><p><br></p><p><strong>2013 – 2015:</strong> Kỹ thuật viên xét nghiệm, Cao Đẳng Y Tế Đặng Thùy Trâm, Quảng Ngãi.</p>', '5', '6', 'Đại học Quốc Tế Hồng Bàng - Khoa Y Dược'),
('10', '235523525', 'Thạc sĩ y khoa', '<p><span style=\"color: rgb(74, 74, 74);\">BS. chuyên khoa 1 Lê Hoàng Linh từng công tác tại Bệnh viện Giao Thông Vận Tải có chuyên sâu về chẩn đoán và điều trị, khám và tư vấn hồi sức cấp cứu. Trong quá trình làm việc bác sĩ còn tích cực tham gia các lớp tập huấn nâng cao chuyên môn, các chứng chỉ đào tạo liên tục được tổ chức trong nước. Bác Linh còn đạt được thành tựu \"Hội viện hội hồi sức cấp cứu và chống độc Việt Nam 2022\". \"Hội viên hội tim mạch Việt Nam 2016\".</span></p><p><br></p><p><strong>Quá trình công tác</strong></p><p><br></p><p><strong>2017 – 2023:</strong>&nbsp;Bác sĩ điều trị khoa cấp cứu – Bệnh viện Giao Thông Vận Tải.</p><p><br></p><p><strong>Đào tạo</strong></p><p><br></p><p><strong>2021 – 2023:</strong>&nbsp;Chuyên khoa I hồi sức cấp cứu – Đại học Y Hà Nội.</p><p><br></p><p><strong>2009 – 2015:</strong>&nbsp;Học viện Quân Y.</p>', '7', '6', 'Đại học Y Hà Nội'),
('11', '235523526', 'Tiến sĩ y khoa', '<p><span style=\"color: rgb(74, 74, 74);\">TS. BS. Phạm Ngọc Trường hiện đang công tác tại Phòng Khám đa khoa Việt Nhật. Bác sĩ Trường đã tham gia thường xuyên các lớp đào tạo chuyên sâu, và cũng là tác giả trong nhiều bài viết về khoa học được đăng trên các tạp chí y học trong nước.</span></p><p><br></p><p><strong>Quá trình công tác</strong></p><p><br></p><p><strong>12/2021 – 03/2023:</strong>&nbsp;Bác sĩ Nội, Phòng Khám đa khoa Việt Nhật</p><p>.</p><p><strong>05/2020 – 11/2021:</strong>&nbsp;Bác sĩ Nội, Phòng Khám đa khoa Hòa Bình.</p><p><br></p><p><strong>10/2003 – 04/2020:</strong>&nbsp;Phó chủ nhiệm Khoa Kiểm soát nhiễm khuẩn, Bệnh viện Trung ương Quân đội 108.</p><p><br></p><p><strong>05/1992 – 10/2003:&nbsp;</strong>Viện Y học dự phòng Quân đội.</p><p><br></p><p><strong>02/1989 – 05/1992:&nbsp;</strong>Bác sĩ tại Bộ tư lệnh Đặc công.</p><p><br></p><p><strong>10/1987 – 02/1989:&nbsp;</strong>Học viện Quân y.</p><p><br></p><p><strong>05/1985 – 10/1987:&nbsp;</strong>Bác sĩ quân y tại chiến trường Campuchia.</p><p><br></p><p><strong>Đào tạo</strong></p><p><br></p><p><strong>2007 – 2011:&nbsp;</strong>Tiến sĩ, Học viện Quân y.</p><p><br></p><p><strong>1999 – 2001:</strong>&nbsp;Thạc sĩ, Học viện Quân y.</p><p><br></p><p><strong>1995 – 1997:</strong>&nbsp;Bác sĩ chuyên khoa 1, Trường đại học Y tế Công cộng.</p>', '8', '32', 'Học viện Quân y'),
('12', '235523527', 'Thạc sĩ y khoa', '<p><span style=\"color: rgb(74, 74, 74);\">BS. CKI. Bùi Xuân Khải đang là Giảng viên khoa Y ở Đại học Quốc gia Thành phố Hồ Chí Minh , có chuyên môn sâu về các bệnh lý ở người cao tuổi</span></p><p><br></p><p><span style=\"color: rgb(74, 74, 74);\">Bác sĩ từng có thời gian làm việc ở Bệnh viện Chợ Rẫy và Bệnh viện Nhân dân Gia Định. Trong qua trình công tác bác sĩ Khải đã tham gia các lớp đào tạo tập huấn nâng cao chuyên môn được tổ chức trong nước.</span></p><p><br></p><p><strong>Quá trình công tác</strong></p><p><br></p><p class=\"ql-align-justify\"><strong>2016 - nay: </strong>Giảng viên Khoa Y – Đại học Quốc gia Thành phố Hồ Chí Minh. </p><p class=\"ql-align-justify\"><br></p><p class=\"ql-align-justify\"><strong>2017 - 2019:</strong>&nbsp;Bác sĩ nội trú tại khoa Lão khoa, Bệnh viện Chợ Rẫy.</p><p class=\"ql-align-justify\"><br></p><p class=\"ql-align-justify\"><strong>2016 - 2017:&nbsp;</strong>Bác sĩ nội trú tại Bệnh viện Nhân Dân Gia Định.</p><p class=\"ql-align-justify\"><br></p><p><strong>Đào tạo</strong></p><p class=\"ql-align-justify\"><br></p><p class=\"ql-align-justify\"><strong>2010 - 2019: </strong>Bác sĩ Nội trú chuyên ngành Lão Khoa, Đại học Y Dược Thành phố Hồ Chí Minh.</p>', '9', '6', 'Đại học Y dược thành phố Hồ Chí Minh'),
('13', '235523528', 'Thạc sĩ y khoa', '<p><strong>Quá trình công tác</strong></p><p><br></p><p><strong>2020 - 2022:&nbsp;</strong>Bệnh viện đa khoa quốc tế Bắc Hà</p><p><br></p><p><strong>2018 - 2019:&nbsp;</strong>Phòng khám đa khoa Quang Thành</p><p><br></p><p><strong>2007 - 2018:&nbsp;</strong>Bệnh viện đa khoa Sơn Tây</p><p><br></p><p><strong>Đào tạo</strong></p><p><br></p><p><strong>2016:&nbsp;</strong>Tốt nghiệp bác sĩ chuyên khoa Ngoại, Trường đại học y Hà Nội.</p><p><br></p>', '10', '16', 'Đại học Y Hà Nội'),
('14', '235523529', 'Thạc sĩ y khoa', '<p><span style=\"color: rgb(74, 74, 74);\">ThS.BS. Phạm Thị Huyền hiện công tác tại Trường Đại học Y Dược Hà Nội. Trong quá trình làm việc bác sĩ còn tích cực tham gia các lớp tập huấn nâng cao chuyên môn, các chứng chỉ đào tạo liên tục được tổ chức trong nước.</span></p><p><br></p><p><span style=\"color: rgb(74, 74, 74);\">Bác sĩ&nbsp;có chuyên sâu về chẩn đoán và điều trị nắn chỉnh răng, phục hình răng sứ,...</span></p><p><br></p><p><strong>Quá trình công tác</strong></p><p><br></p><p><strong>2021 - nay:</strong>&nbsp;Trường Đại học Y Dược Hà Nội, Đại học Quốc gia Hà Nội.</p><p><br></p><p><strong>2014 - 2021:</strong>&nbsp;Phòng khám tư chuyên khoa răng hàm mặt.</p><p><br></p><p><strong>Đào tạo</strong></p><p><br></p><p><strong>2017 - 2019:&nbsp;</strong>Học thạc sĩ chuyên ngành răng hàm mặt.</p><p><br></p><p><strong>2014:&nbsp;</strong>Đại học Y Hà Nội.</p>', '11', '11', 'Đại học Y Dược Hà Nội'),
('15', '235523530', 'Thạc sĩ y khoa', '<p><span style=\"color: rgb(74, 74, 74);\">ThS. BS. Dương Minh Ngọc đang là Giảng viện bộ môn Nội tại Đại học Y Dược Thành phố Hồ Chí Minh. Bác sĩ đã tham gia các lớp đào tạo nâng cao chuyên môn của chuyên ngành Nội khoa được tổ chức ở trong nước và nước ngoài, có chuyên môn sâu về điều trị các bệnh liên quan đến đường Hô hấp.</span></p><p><br></p><p><strong>Quá trình công tác</strong></p><p><br></p><p><strong>2015 - nay:&nbsp;</strong>Giảng viên bộ môn Nội, Đại học Y Dược Thành phố Hồ Chí Minh.</p><p><br></p><p><strong>Đào tạo</strong></p><p><br></p><p><strong>2005 - 2015:</strong>&nbsp;Bác sĩ Nội trú chuyên ngành Nội tổng quát, Đại học Y Dược Thành phố Hồ Chí Minh.</p>', '14', '11', 'Đại học Y dược thành phố Hồ Chí Minh'),
('16', '235523531', 'Thạc sĩ y khoa', '<p><span style=\"color: rgb(74, 74, 74);\">Bác sĩ Trương Thị Ái Hòa đang làm bác sĩ điều trị khoa khám Phụ sản tại Bệnh viện Từ Dũ, bác sĩ cũng từng làm việc tại Bệnh viện quận 2, có chuyên môn sâu về khám và điều trị các bệnh lý về Phụ khoa</span></p><p><br></p><p><span style=\"color: rgb(74, 74, 74);\">Bác sĩ Hòa đã tham gia các lớp đào tạo tập huấn nâng cao chuyên môn của chuyên ngành Sản phụ khoa được tổ chức trong nước.</span></p><p><br></p><p><strong>Quá trình công tác</strong></p><p><br></p><p><strong>2017 - nay:&nbsp;</strong>Khoa khám Phụ khoa, Bệnh viện Từ Dũ.</p><p><br></p><p><strong>2013 - 2017:</strong>&nbsp;Khoa Phụ sản, Bệnh viện Quận 2.</p><p><br></p><p><strong>Đào tạo</strong></p><p><br></p><p><strong>2015 - 2017:&nbsp;</strong>Thạc sĩ Sản phụ khoa, Đại học Y Dược Thành phố Hồ Chí Minh.</p><p><br></p><p><strong>2007- 2014:</strong>&nbsp;Bác sĩ định hướng Chuyên khoa Phụ sản, Bệnh viện Từ Dũ.</p>', '15', '10', 'Đại học Y dược thành phố Hồ Chí Minh'),
('17', '235523532', 'Thạc sĩ y khoa', '<p><span style=\"color: rgb(74, 74, 74);\">ThS. BS. Lê Thị Mỹ Thanh từng là bác sĩ điều trị tai mũi họng tại Phòng khám DYM Medical Center Việt Nam. Bác sĩ Thanh có nhiều bài báo khoa học đã công bố trong các tạp chí khoa học uy tín trong nước. Có chuyên môn sâu về chẩn đoán và điều trị các bệnh lý viêm mũi họng cấp, viêm xoang cấp, viêm thanh quản cấp, viêm Amidan cấp,...</span></p><p><br></p><p><span style=\"color: rgb(74, 74, 74);\">Ngoài ra, trong quá trình làm việc bác sĩ còn tích cực tham gia các lớp tập huấn nâng cao chuyên môn, các chứng chỉ đào tạo liên tục được tổ chức trong nước.</span></p><p><br></p><p><strong>Quá trình công tác</strong></p><p><br></p><p><strong>11/2021 – 11/2022:</strong>&nbsp;Bác sĩ Tai Mũi Họng tại Phòng khám DYM Medical Center Việt Nam.</p><p><br></p><p><strong>2019 – 2021:</strong>&nbsp;Hợp tác khám, tư vấn và điều trị tại Bệnh viện Quốc Tế Nam Sài Gòn, Bệnh viện Đại học Y Dược Shingmark và Phòng khám đa khoa quốc tế Timec.</p><p><br></p><p><strong>2017 – 2019:&nbsp;</strong>Bác sĩ Tai Mũi Họng tại Bệnh viện Thạnh Phú - Bến Tre.</p><p><br></p><p><strong>Đào tạo</strong></p><p><br></p><p><strong>2019 - 2021:&nbsp;</strong>Thạc sĩ Tai Mũi Họng, Đại Học Y Dược Thành phố Hồ Chí Minh.</p><p><br></p><p><strong>2011 - 2017:&nbsp;</strong>Bác sĩ đa khoa, Đại học Y dược Cần Thơ.</p>', '16', '6', 'Đại học Y dược thành phố Hồ Chí Minh'),
('18', '235523533', 'Bác sĩ chuyên khoa 1', '<p><span style=\"color: rgb(74, 74, 74);\">ThS. BS. CKI. Trần Anh Ngọc có nhiều đóng góp nghiên cứu khoa học được đăng trên nhiều tạp chí y học uy tín trong nước, và là thành viên Hiệp hội Tâm thần học Hoa kỳ, Hội tâm lý trị liệu Việt Nam và Hội Y học giấc ngủ Việt Nam.</span></p><p><br></p><p><span style=\"color: rgb(74, 74, 74);\">ThS. BS. CKI. Trần Anh Ngọc chuyên điều trị Tầm soát, thăm khám, chẩn đoán, điều trị và quản lý các rối loạn tâm thần thường gặp: nhóm rối loạn loạn thần; các vấn đề về trầm cảm, hưng cảm, các rối loạn liên quan đến stress và sang chấn...</span></p><p><br></p><p><strong>Quá trình công tác</strong></p><p><strong>01/2021 - nay:</strong> Bác sĩ điều trị khoa Nội trú, Bệnh viện Tâm thần Thành phố Hồ Chí Minh.</p><p><strong>10/2020 - nay: </strong>Giảng viên, Bộ môn Tâm thần, Đại học Y Dược Thành phố Hồ Chí Minh.</p><p><strong>06/2018 - 2020: </strong>Tham gia cộng tác biên dịch và hiệu đính các bản dịch với tạp chí y khoa hàng đầu British Medical Journal.</p><p><strong>11/2016 - 2019:</strong> Bác sĩ Nội trú chuyên ngành Tâm thần, Đại học Y Dược Thành phố Hồ Chí Minh.</p><p><br></p><p><strong>Đào tạo</strong></p><p><strong>2017 - 2019:&nbsp;</strong>Thạc sĩ Y khoa, ngành Tâm thần, Đại học Y Dược Thành phố Hồ Chí Minh.</p><p><strong>2016 - 2019:</strong>&nbsp;Bác sĩ Nội trú, chuyên ngành Tâm thần, Đại học Y Dược Thành phố Hồ Chí Minh.</p>', '17', '6', 'Đại học Y dược thành phố Hồ Chí Minh'),
('19', '235523534', 'Tiến sĩ y khoa', '<p><span style=\"color: rgb(74, 74, 74);\">TS.BS Nguyễn Văn Sĩ có chuyên môn sâu trong lĩnh vực Nội tổng quát và Nội tim mạch tại các bệnh viện lớn trong thành phố Hồ Chí Minh. Chuyên điều trị Bệnh lý Tim mạch: Tăng huyết áp, rối loạn lipid máu, bệnh tim thiếu máu cục bộ, suy tim,...</span></p><p><br></p><p><strong>Quá trình công tác</strong></p><p><br></p><p><strong>2016 - nay: </strong>Bác sĩ, Khoa Tim mạch - Bệnh viện Nhân dân Gia Định.</p><p><br></p><p><strong>2012 - nay:</strong> Giảng viên, Bộ môn Nội tổng quát – Khoa Y - Đại học Y dược Thành phố Hồ Chí Minh.</p><p><br></p><p><strong>2009 - 2012: </strong>Bác sĩ Nội trú, Khoa tim mạch can thiệp - Bệnh viện Chợ Rẫy.</p><p><br></p><p><strong>Đào tạo</strong></p><p><br></p><h5><strong>Đào tạo trong nước:</strong></h5><p><br></p><p><strong>2008 - 2011:</strong>&nbsp;Bác sĩ chuyên ngành Nội tổng quát, Đại Học Y Dược Thành phố Hồ Chí Minh.</p><p><br></p><p><strong>2002 - 2008:&nbsp;</strong>Bác sĩ Đa khoa, Đại học Y Dược Thành phố Hồ Chí Minh.</p><p><br></p><h5><strong>Đào tạo nước ngoài:</strong></h5><p><br></p><p><strong>2013 - 2016:&nbsp;</strong>Tiến sĩ Y Khoa, Đại học Yamanashi, Nhật Bản.</p><p><br></p><p><br></p>', '18', '15', 'Đại học Y dược thành phố Hồ Chí Minh'),
('20', '235523535', 'Thạc sĩ y khoa', '<p><span style=\"color: rgb(74, 74, 74);\">BS.Trần Anh Hải Hà đang công tác tại Bệnh viên Ung bướu Thành phố Hồ Chí Minh. Trong quá trình làm việc bác sĩ còn tích cực tham gia các lớp tập huấn nâng cao chuyên môn, các chứng chỉ đào tạo liên tục được tổ chức trong nước. Ngoài ra bác sĩ còn có nhiều bài báo cáo khoa học trong nước.</span></p><p><br></p><p><strong>Quá trình công tác</strong></p><p><br></p><p><strong>01/2020 - nay:</strong>&nbsp;Bệnh viện Ung Bướu Thành phố Hồ Chí Minh.</p><p><br></p><p><strong>Đào tạo</strong></p><p><br></p><h5><strong>Đào tạo trong nước:</strong></h5><p><br></p><p><strong>2019 - 2022:&nbsp;</strong>Bác sĩ Nội trú chuyên ngành Ung bướu, Đại học y khoa Phạm Ngọc Thạch.</p><p><br></p><p><strong>2013 - 2019:&nbsp;</strong>Bác sĩ đa khoa, Đại học Y khoa Phạm Ngọc Thạch.</p><p><br></p><h5><strong>Đào tạo nước ngoài:</strong></h5><p><br></p><p><strong>2024:&nbsp;</strong>Radiation Safety and Quality Assurance in Radiation Therapy Short Course – The University of Newcastle, Australia – Online Certificate.</p>', '19', '6', 'Đại học Y khoa Phạm Ngọc Thạch.'),
('21', '235523536', 'Thạc sĩ y khoa', '<p><span style=\"color: rgb(74, 74, 74);\">BS Hưng có thời gian dài công tác tại khoa Ghép của Bệnh viện Truyền máu Huyết học Thành phố Hồ Chí Minh. Bác sĩ Hưng là tác giả và đồng tác giả nhiều bài báo khoa học được đăng trên các tạp chí y học uy tín trong nước và quốc tế, chuyên điều trị các bệnh lý chuyên khoa huyết học.</span></p><p><br></p><p><strong>Quá trình công tác</strong></p><p><br></p><p class=\"ql-align-justify\"><strong>2017 – 2022:&nbsp;</strong>Bệnh viện truyền máu Huyết học Thành phố Hồ Chí Minh.</p><p class=\"ql-align-justify\"><br></p><p><strong>Đào tạo</strong></p><p><br></p><h5 class=\"ql-align-justify\"><strong>Đào tạo trong nước:</strong></h5><p class=\"ql-align-justify\"><br></p><p><strong>2015 – 2018:</strong>&nbsp;Bác sĩ nội trú chuyên ngành Huyết học - Truyền máu.</p><p><br></p><p><strong>2009 – 2015:&nbsp;</strong>Bác sĩ đa khoa, Đại học Y Dược Thành phố Hồ Chí Minh.</p><p><br></p><h5><strong>Đào tạo nước ngoài:</strong></h5><p><br></p><p><strong>2017 – 2018:&nbsp;</strong>Đào tạo chuyên sâu về Ghép tế bào gốc tạo máu tại IHOP, Lyon, Pháp.</p>', '21', '10', 'Đại học Y dược thành phố Hồ Chí Minh'),
('23', '235523538', 'Bác sĩ chuyên khoa 1', '<p><span style=\"color: rgb(74, 74, 74);\">BS. CKI. Nguyễn Thị Kiều Nga từng làm việc tại Bệnh viện Nguyễn Tri Phương, Bệnh viện Chợ Rẫy và Đại học Y Dược Thành phố Hồ Chí Minh, có chuyên môn sâu về dái tháo đường, cường giáp, suy giáp, bệnh lý tuyến yên, béo phì,...</span></p><p><br></p><p><span style=\"color: rgb(74, 74, 74);\">Bác sĩ Nga đã tham gia các lớp đào tạo tập huấn nâng cao chuyên môn chuyênh ngành Nội tiết được tổ chức trong nước.</span></p><p><br></p><p><strong>Quá trình công tác</strong></p><p><br></p><p><strong>2020 - nay: </strong>Bác sĩ điều trị khoa Nội tiết Bệnh viện Nhân dân 115</p><p><br></p><p><strong>2017 - 2019: </strong>Khoa Nội tiết bệnh viện Nhân dân 115, bệnh viện Đại học Y Dược TP HCM, bệnh viện Chợ Rẫy và bệnh viện Nguyễn Tri Phương.</p><p><br></p><p><strong>Đào tạo</strong></p><p><br></p><p><strong>2016 – 2019: </strong>Bác sĩ nội trú, bác sĩ chuyên khoa 1 chuyên ngành Nội tiết, Đại Học Y Dược TP.HCM</p><p><br></p><p><strong>2010 – 2016: </strong>Bác sĩ đa khoa, Đại Học Y Dược Thành phố Hồ Chí Minh</p>', '22', '6', 'Đại học Y dược thành phố Hồ Chí Minh');


create table service(
id int not null primary key AUTO_INCREMENT,
Service nvarchar(100),
Description text
)
; -- drop table service
insert into service (id, Service, Description) values
('1', 'Thăm khám và tư vấn', 'Tới nhà thăm khám và tư vấn bệnh tình'),
('2', 'Tư vấn và trị liệu về sức khỏe tâm lý', 'Một buổi trị liệu tâm lí riêng biệt'),
('3', 'Khí dung xông mũi họng', 'Dành cho các bệnh nhân gặp vấn đề về hô hấp, nghẹt mũi'),
('4', 'Truyền dịch khoáng chất', 'Truyền dịch ngay tại nhà với các bác sĩ chuyên nghiệp'),
('5', 'Dịch vụ thay băng, lấy mẫu tại nhà', 'Thay băng, lấy mẫu xét nghiệm tại nhà cho các bệnh nhân khó di chuyển, kết quả xét nghiệm sẽ do bác sĩ quản lí và thông báo cho bệnh nhân'),
('6', 'Xét nghiệm test nhanh HIV', 'Xét nghiệm HIV'),
('7', 'Xét nghiệm Giang Mai', 'Xét nghiệm giang mai'),
('8', 'Tiêm thuốc tránh thai', 'Tiêm thuốc tránh thai tại nhà'),
('9', 'Xét nghiệm tầm soát STD', 'Xét nghiệm và xác định các bệnh lây qua đường tình dục'),
('10', 'Đo khúc xạ', 'Đo khúc xạ ngay tại nhà, và đặt mua kính cận thị, viễn thị thông qua bác sĩ'),
('13', 'Khám sức khỏe định kỳ', NULL),
('16', 'Khám sức khỏe tổng quát', NULL),
('17', 'Chăm sóc sau phẫu thuật và phục hồi chức năng', NULL),
('18', 'Chăm sóc sức khỏe người cao tuổi', NULL),
('19', 'Khám và chẩn đoán bệnh truyền nhiễm', NULL),
('20', 'Tư vấn và phòng ngừa lây nhiễm', NULL),
('21', 'Quản lý và theo dõi bệnh nhân nhiễm trùng mãn tính', NULL),
('22', 'Khám và chẩn đoán bệnh da liễu', NULL),
('23', 'Chăm sóc da sau điều trị thẩm mỹ', NULL),
('24', 'Điều trị các bệnh nhiễm trùng da', NULL),
('25', 'Tư vấn và điều trị dị ứng da', NULL),
('26', 'Chăm sóc bệnh nhân sau đột quỵ', NULL),
('27', 'Theo dõi và chăm sóc sau sinh', NULL),
('28', 'Tư vấn dinh dưỡng cho trẻ em và trẻ sơ sinh', NULL),
('29', 'Tư vấn dinh dưỡng cho người cần tăng hoặc giảm cân', NULL),
('30', 'Tư vấn và quản lý dinh dưỡng cho bệnh nhân sau phẫu thuật', NULL),
('31', 'Phục hồi chức năng', NULL),
('32', 'Khám sức khỏe tổng quát cho người cao tuổi', NULL),
('33', 'Tháo chỉ và cắt chỉ', NULL),
('34', 'Điều trị các vết thương hở và vết loét', NULL),
('35', 'Điều trị và bảo vệ răng miệng', NULL),
('36', 'Chăm sóc nha khoa định kỳ', NULL),
('37', 'Khám và điều trị các vấn đề khẩn cấp về răng miệng', NULL),
('38', 'Chẩn đoán và điều trị bệnh lý mắt cơ bản', NULL),
('40', 'Tiêm phòng và tư vấn vắc xin', NULL),
('41', 'Đo lường và theo dõi sự phát triển của trẻ', NULL),
('42', 'Giám sát và theo dõi sức khỏe hô hấp', NULL),
('43', 'Điều trị và quản lý bệnh lý hô hấp', NULL),
('44', 'Điều trị hỗ trợ và cấp cứu tại nhà', NULL),
('45', 'Chẩn đoán và điều trị vô sinh', NULL),
('46', 'Khám và chẩn đoán các vấn đề Tai mũi họng', NULL),
('47', 'Điều trị nhiễm trùng Tai mũi họng', NULL),
('49', 'Khám tim mạch lâm sàng', NULL),
('50', 'Đo lường chức năng tim mạch và theo dõi sức khỏe', NULL),
('51', 'Khám và chẩn đoán đái tháo đường', NULL),
('52', 'Giám sát và điều trị giảm thiểu biến chứng đái tháo đường', NULL),
('53', 'Điều trị chứng mất ngủ', NULL);

create table categories(
id int not null primary key AUTO_INCREMENT,
Categories nvarchar(100) not null CHECK (Categories !=""),
Image nvarchar(200),
Description text(10000)
)
; -- drop table categories
insert into categories (id, Categories, Image, Description) values 
('1', 'Tiểu đường', 'https://res.cloudinary.com/doccomming/image/upload/v1717327128/Category1_nva3da.webp', 'Bệnh tiểu đường có thể gây ảnh hưởng nghiêm trọng đến sức khỏe, làm suy giảm các chức năng quan trọng của cơ thể. Hãy tìm hiểu về các loại bệnh tiểu đường, triệu chứng, yếu tố nguy cơ và cách điều trị tại đây.'),
('2', 'Bệnh tim mạch', 'https://res.cloudinary.com/doccomming/image/upload/v1717327127/Category2_w2ksne.webp', 'Tim giúp bơm máu đi khắp cơ thể để nuôi các cơ quan khác. Nếu tim có bất kỳ sự gián đoạn hay suy yếu nào, sức khỏe có thể bị ảnh hưởng nghiêm trọng. Tìm hiểu cách tăng cường và bảo vệ sức khỏe tim mạch ngay tại đây.'),
('3', 'Bệnh hô hấp', 'https://res.cloudinary.com/doccomming/image/upload/v1717327127/Category3_lgyfom.webp', 'Phổi và hệ hô hấp phối hợp đưa oxy trong không khí vào cơ thể, đồng thời loại bỏ carbon dioxide khi thở ra, giúp duy trì các chức năng quan trọng. Tìm hiểu cách tăng cường sức khỏe hệ hô hấp và bảo vệ phổi tại đây.'),
('4', 'Ung thư - Ung bướu', 'https://res.cloudinary.com/doccomming/image/upload/v1717327127/Category4_znhl9y.webp', 'Tùy từng người, ung thư có thể biểu hiện khác nhau và không phân biệt đối tượng hay độ tuổi. Cùng tìm hiểu tất cả thông tin về ung thư như nguyên nhân, yếu tố nguy cơ, triệu chứng, phương pháp chẩn đoán, điều trị và phòng ngừa tại đây.'),
('5', 'Bệnh tiêu hóa', 'https://res.cloudinary.com/doccomming/image/upload/v1717327128/Category5_v23gwp.png', 'Hầu hết dưỡng chất cơ thể cần đều phải bổ sung bằng thực phẩm, do đó hệ tiêu hóa có vai trò rất quan trọng. Miệng, dạ dày, ruột non và ruột già, gan, thận, tuyến tụy, túi mật... phải làm việc cùng nhau để đảm bảo hệ tiêu hóa hoạt động hiệu quả. Cùng tìm hiểu các vấn đề thường gặp ở đường ruột và cách điều trị, bảo vệ sức khỏe tiêu hóa tại đây.'),
('6', 'Tâm lí - Tâm thần', 'https://res.cloudinary.com/doccomming/image/upload/v1717327128/Category6_pjprpv.webp', 'Nhiều vấn đề về tâm lý - tâm thần nghiêm trọng có thể không được phát hiện sớm. Biết cách duy trì tinh thần khỏe mạnh và cách nhận biết yếu tố nguy cơ, dấu hiệu bệnh tâm lý sẽ hữu ích cho bạn và người thân.'),
('7', 'Da liễu', 'https://res.cloudinary.com/doccomming/image/upload/v1717327129/Category7_q8ebs6.webp', 'Một làn da khỏe mạnh có ý nghĩa quan trọng trong việc điều chỉnh thân nhiệt, bảo vệ cơ thể khỏi nguy cơ nhiễm trùng.  Mời bạn tìm hiểu thêm cách bảo vệ da; những tình trạng da phổ biến và cách chăm sóc da tại đây.'),
('8', 'Dị ứng', 'https://res.cloudinary.com/doccomming/image/upload/v1717327129/Category9_vuwkj3.webp', 'Dị ứng là một tình trạng phổ biến, xảy ra khi hệ miễn dịch phản ứng với chất gây dị ứng, như thực phẩm, phấn hoa hoặc lông thú cưng. Tìm hiểu về các loại dị ứng và cách đối phó với các tình trạng này tại đây.'),
('9', 'Bệnh cơ xương khớp', 'https://res.cloudinary.com/doccomming/image/upload/v1717327129/Category10_e7xz9s.webp', 'Càng nhiều tuổi, hệ cơ xương khớp càng trải qua quá trình hao mòn nhất định, gây đau khớp, đau lưng cũng như các chấn thương cơ xương khớp khác, làm ảnh hưởng hoặc hạn chế khả năng vận động. Cùng tìm hiểu thêm về những tình trạng sức khỏe có thể tác động đến hệ thống cơ xương khớp của bạn ngay tại đây.Càng nhiều tuổi, hệ cơ xương khớp càng trải qua quá trình hao mòn nhất định, gây đau khớp, đau lưng cũng như các chấn thương cơ xương khớp khác, làm ảnh hưởng hoặc hạn chế khả năng vận động. Cùng tìm hiểu thêm về những tình trạng sức khỏe có thể tác động đến hệ thống cơ xương khớp của bạn ngay tại đây.'),
('10', 'Bệnh về máu', 'https://res.cloudinary.com/doccomming/image/upload/v1717327130/Category11_rgsck7.webp', 'Chúng ta cần máu để tồn tại vì máu mang oxy và chất dinh dưỡng đến tất cả các bộ phận, bảo đảm các chức năng của cơ thể hoạt động bình thường. Những rối loạn về máu có thể ảnh hưởng đến hồng cầu, bạch cầu, huyết tương và tiểu cầu. Tìm hiểu ngay!'),
('11', 'Bệnh truyền nhiễm', 'https://res.cloudinary.com/doccomming/image/upload/v1717327130/Category12_bbc5vu.webp', 'Cơ thể chúng ta là ngôi nhà của vô vàn vi sinh vật khác nhau. Dù thường vô hại nhưng chúng vẫn có thể đe dọa sức khỏe. Hãy tìm hiểu thêm về các bệnh truyền nhiễm do vi khuẩn, virus, nấm hoặc ký sinh trùng tại đây.'),
('12', 'Sức khỏe mắt', 'https://res.cloudinary.com/doccomming/image/upload/v1717327130/Category13_uvkhrz.png', 'Mắt là một trong những cơ quan cảm giác phát triển nhất trong cơ thể. Ta phụ thuộc vào thị lực để có thể thực hiện hầu hết các hoạt động hàng ngày. Vì vậy, việc duy trì sức khỏe đôi mắt tốt là điều cần được ưu tiên. Tìm hiểu những vấn đề có thể ảnh hưởng đến thị lực và cách ngăn ngừa bệnh lý về mắt ngay tại đây.'),
('13', 'Bệnh về não và Hệ thần kinh', 'https://res.cloudinary.com/doccomming/image/upload/v1717327130/Category14_gjwfr6.webp', 'Hệ thần kinh kiểm soát não, tủy sống và hàng nghìn tỷ dây thần kinh. Khi hệ thống này bị ảnh hưởng, người bệnh có thể phải đối mặt với những rối loạn thần kinh như co giật, chứng phình động mạch hoặc u não. Tìm hiểu thêm các tình trạng ảnh hưởng đến não và hệ thần kinh cũng như biện pháp ngăn ngừa, điều trị ngay tại đây.'),
('14', 'Ăn uống lành mạnh', 'https://res.cloudinary.com/doccomming/image/upload/v1717327128/Category15_exiojx.webp', 'Chế độ ăn uống có tác động lớn đến sức khỏe tổng thể và khả năng ngăn ngừa bệnh tật của một người. Người có chế độ ăn uống lành mạnh thường sống khỏe, trẻ lâu. Làm thế nào để xây dựng và tạo lập thói quen ăn uống khoa học?'),
('15', 'Thể dục thể thao', 'https://res.cloudinary.com/doccomming/image/upload/v1717327128/Category17_hqxk72.webp', 'Thể dục thể thao là hoạt động không thể thiếu nếu bạn muốn có tinh thần sảng khoái, cơ thể khỏe mạnh! Tập thể dục mỗi ngày cũng giúp bạn phòng ngừa bệnh tật. Bạnhãy chọn môn thể dục yêu thích và tập luyện mỗi ngày.'),
('18', 'Mang thai', 'https://res.cloudinary.com/doccomming/image/upload/v1717327129/Category19_z563yu.webp', 'Kể từ lúc mang thai đến khi sinh con, bạn sẽ trải qua nhiều điều thú vị cùng vô vàn những khó khăn, thách thức. Hãy tìm hiểu để có sự chuẩn bị giúp đảm bảo một thai kỳ an toàn và khỏe mạnh ngay tại đây.'),
('19', 'Nuôi dạy con', 'https://res.cloudinary.com/doccomming/image/upload/v1717327129/Category20_au5xk9.webp', 'Là cha mẹ bạn cần biết cách nuôi dạy, chăm sóc để con phát triển tốt, khỏe mạnh và vui vẻ. Tại đây, bạn sẽ tìm thấy những thông tin hữu ích, lời khuyên về cách nuôi dạy con phù hợp.'),
('20', 'Bệnh tai mũi họng', 'https://res.cloudinary.com/doccomming/image/upload/v1717327129/Category21_swaabi.webp', 'Tai mũi họng là một phần của đường hô hấp trên, giúp chúng ta thở, ngửi, nghe, giữ thăng bằng, nuốt và nói. Làm sao giữ tai mũi họng luôn khỏe mạnh, đâu là những tình trạng sức khỏe có thể ảnh hưởng đến tai mũi họng? Tìm hiểu thêm tại đây.'),
('21', 'Sức khỏe phụ nữ', 'https://res.cloudinary.com/doccomming/image/upload/v1717327129/Category22_rzr5ad.webp', 'Một người phụ nữ khỏe mạnh, biết cách chăm sóc bản thân sẽ xinh đẹp và hạnh phúc. Kiến thức chăm sóc sức khỏe phụ nữ từ độ tuổi bắt đầu hành kinh đến khi mãn kinh sẽ giúp bạn biết cách chăm sóc bản thân trước nhiều tình trạng khác nhau như mất cân bằng nội tiết, nhiễm trùng...'),
('22', 'Sức khỏe', 'https://res.cloudinary.com/doccomming/image/upload/v1717327129/Category23_gp1lu9.png', 'Bạn cần tìm tin tức y khoa, bảo hiểm y tế, những kinh nghiệm khám chữa bệnh tại các phòng khám và bệnh viện trên toàn quốc? Đây là chuyên mục dành cho bạn. Ngoài ra, bạn còn có thể đọc thêm nhiều thông tin thú vị về sức khỏe ngay tại đây.'),
('23', 'Chăm sóc giấc ngủ', 'https://res.cloudinary.com/doccomming/image/upload/v1717327130/Category24_migfvj.webp', 'Giấc ngủ có vai trò vô cùng quan trọng đối với sức khỏe. Thế nhưng, trong xã hội hiện đại, thật khó để chúng ta duy trì được giấc ngủ lành mạnh. Vậy làm sao để chăm sóc giấc ngủ tốt hơn? Những thông tin dưới đây sẽ hữu ích cho bạn.'),
('24', 'Thói quen lành mạnh', 'https://res.cloudinary.com/doccomming/image/upload/v1717327130/Category25_tabu1w.webp', 'Thói quen lành mạnh giúp bạn sống khỏe mạnh, hạnh phúc hơn. Trước khi bắt đầu tạo lập những thói quen tốt, bạn cần biết cách nhận biết những thói quen nào tốt hoặc không tốt cho sức khỏe thể chất chất và tinh thần ở đây.'),
('25', 'Sức khỏe nam giới', 'https://res.cloudinary.com/doccomming/image/upload/v1717327130/Category26_x3cova.webp', 'Các vấn đề về sinh lý, đời sống tinh thần, sự thay đổi nội tiết... đều có thể ảnh hưởng đến sức khỏe nam giới. Dưới đây là những tình trạng quan trọng và phổ biến mà cánh mày râu cần lưu tâm.'),
('26', 'Sức khỏe răng miệng', 'https://res.cloudinary.com/doccomming/image/upload/v1717327131/Category27_tdqsyc.webp', 'Khoang miệng của chúng ta chứa đầy vi khuẩn và chúng thường vô hại. Việc không chăm sóc răng miệng đúng cách có thể khiến vi khuẩn tăng sinh mất kiểm soát, dẫn đến các bệnh về răng miệng. Hãy tìm hiểu cách cải thiện sức khỏe răng miệng và bảo vệ bản thân chống lại các bệnh khác ngay bây giờ'),
('27', 'Lão hóa lành mạnh', 'https://res.cloudinary.com/doccomming/image/upload/v1717327131/Category28_iyfgav.webp', 'Lão hóa là quá trình tự nhiên của cuộc sống mà bất kỳ ai cũng đều trải qua. Hiểu rõ những thay đổi của cơ thể về mặt thể chất và tinh thần theo thời gian sẽ giúp bạn giữ gìn sức khỏe tốt hơn, đồng thời giảm đi những lo lắng không đáng có. Cùng Hello Bacsi tìm hiểu về lão hóa lành mạnh ngay sau đây.'),
('28', 'Sức khỏe tình dục', 'https://res.cloudinary.com/doccomming/image/upload/v1717327129/Category8_qsflrr.webp', 'Tình dục là một phần không thể thiếu để duy trì hạnh phúc hôn nhân. Sức khỏe tình dục là những thông tin khoa học liên quan đến bệnh tình dục, cách bảo vệ, phòng ngừa, điều trị, các tư thế quan hệ, cách quan hệ dễ lên đỉnh... để bạn có đời sống tình dục an toàn.'),
('29', 'Bệnh thận và đường tiết niệu', 'https://res.cloudinary.com/doccomming/image/upload/v1717327127/Category16_dafsri.webp', 'Một trong những chức năng chính của hệ tiết niệu là lọc máu và tạo ra các sản phẩm phụ như nước tiểu sau khi cơ thể đã hấp thu hết dưỡng chất. Để duy trì sức khỏe hệ tiết niệu, bạn cần giữ cho thận, niệu quản, niệu đạo và bàng quang luôn trong trạng thái hoạt động hiệu quả nhất.')
;

create table similarcategories (
id int not null primary key AUTO_INCREMENT,
idCategories int,
Similar nvarchar(100) not null,
Image nvarchar(200),
Description text(10000)
); -- drop table similarcategories

insert into similarcategories (id, idCategories, Similar, Image, Description) values 
('1', '1', 'Tiểu đường type 1', 'https://res.cloudinary.com/doccomming/image/upload/v1717327128/Category1_nva3da.webp', 'Bệnh tiểu đường type 1 là một bệnh tự miễn, do hệ thống miễn dịch tấn công nhầm vào các tế bào beta sản xuất insulin trong tuyến tụy, làm tuyến này mất dần khả năng sản xuất insulin. Do đó, người bệnh phải phụ thuộc vào việc tiêm insulin.'),
('2', '1', 'Tiểu đường type 2', 'https://res.cloudinary.com/doccomming/image/upload/v1717327128/Category1_nva3da.webp', 'Bệnh tiểu đường type 1 là một bệnh tự miễn, do hệ thống miễn dịch tấn công nhầm vào các tế bào beta sản xuất insulin trong tuyến tụy, làm tuyến này mất dần khả năng sản xuất insulin. Do đó, người bệnh phải phụ thuộc vào việc tiêm insulin.'),
('3', '1', 'Biến chứng tiểu đường', 'https://res.cloudinary.com/doccomming/image/upload/v1720627336/Diabetes-Complications-2_ft2vjm.png', 'Biến chứng của tiểu đường ảnh hưởng rất nhiều đến sức khỏe và có thể gây nguy hiểm cho người bệnh. Các biến chứng mà người mắc bệnh tiểu đường có thể phải đối mặt như: vết thương lâu lành, thị lực giảm sút, biến chứng thần kinh, tim mạch, thận, hạ đường huyết, hôn mê...'),
('4', '2', 'Tăng huyết áp', 'https://res.cloudinary.com/doccomming/image/upload/v1720627094/Hypertension-1_osveys.png', 'Tăng huyết áp thường không có triệu chứng rõ. Tuy nhiên nếu không được điều trị, bệnh sẽ làm tăng nguy cơ mắc các vấn đề nghiêm trọng như đau tim và đột quỵ. Tìm hiểu về triệu chứng, điều trị và phòng ngừa bệnh tại đây.'),
('5', '2', 'Suy tim', 'https://res.cloudinary.com/doccomming/image/upload/v1720627094/Heart-Failure-1_sc4brf.png', 'Suy tim thường thường là biến chứng của các tình trạng sức khỏe khác gây tổn thương tim. Đây là một tình trạng nguy hiểm, có thể đe dọa tính mạng. Tìm hiểu về cách nhận biết, điều trị và phòng ngừa bệnh tại đây.'),
('6', '2', 'Động mạch vành', 'https://res.cloudinary.com/doccomming/image/upload/v1720627302/Coronary-Artery-Disease_nhoorn.webp', 'Bệnh động mạch vành là một dạng bệnh tim xảy ra khi các động mạch không thể cung cấp đủ máu giàu oxy đến tim. Tìm hiểu về triệu chứng, nguyên nhân và cách điều trị bệnh tại đây.'),
('7', '2', 'Bệnh tim', 'https://res.cloudinary.com/doccomming/image/upload/v1720627094/Heart-Disease-1_xadqfl.webp', 'Bệnh tim bao gồm rất nhiều loại với các triệu chứng khác nhau. Hầu hết các dạng bệnh tim có thể phòng ngừa hoặc điều trị bằng thay đổi lối sống. Tìm hiểu thêm tại đây!'),
('8', '3', 'Hen suyễn', 'https://res.cloudinary.com/doccomming/image/upload/v1720627258/Asthma-1_hlxyw0.png', 'Hen suyễn thường gây ho và khó thở cho người bệnh, đôi khi có thể cản trở các hoạt động hàng ngày. Tìm hiểu về cách điều trị và kiểm soát hen suyễn tại đây.'),
('9', '3', 'Viêm phế quản mãn tính', 'https://res.cloudinary.com/doccomming/image/upload/v1720627296/Chronic-bronchitis_lu4yzp.webp', 'Viêm phế quản mạn tính là một loại của bệnh phổi tắc nghẽn mạn tính. Các ống phế quản bị viêm tạo ra rất nhiều đàm, dẫn đến ho và khó thở. Hãy cùng tìm hiểu những thông tin hữu ích về bệnh tại đây.'),
('10', '3', 'Bệnh lao', 'https://res.cloudinary.com/doccomming/image/upload/v1720627223/Tuberculosis-1_tbbd58.png', 'Bệnh lao là một bệnh truyền nhiễm nguy hiểm, lây lan từ người sang người thông qua tiếp xúc dịch tiết của người bệnh. Tìm hiểu về các dạng bệnh lao, mức độ nguy hiểm và cách điều trị tại đây.'),
('11', '4', 'Ung thư phổi', 'https://res.cloudinary.com/doccomming/image/upload/v1720627095/Lung-Cancer-1_oaiquj.png', 'Bạn có biết ung thư phổi là dạng ung thư phổ biến và nguy hiểm nhất. Tìm hiểu tất cả thông tin về triệu chứng, nguyên nhân, điều trị và phòng ngừa bệnh tại đây.'),
('12', '4', 'Ung thư đại trực tràng', 'https://res.cloudinary.com/doccomming/image/upload/v1720627301/Colorectal-Cancer_lqys2j.webp', 'Ung thư đại trực tràng gồm ung thư ruột kết và ung thư trực tràng với những đặc điểm giống nhau. Tìm hiểu về các dạng ung thư đại trực tràng và các phương pháp điều trị tại đây.'),
('13', '4', 'Ung thư dạ dày', 'https://res.cloudinary.com/doccomming/image/upload/v1720627206/Stomach-Cancer-1_bmlvbx.webp', 'Ung thư dạ dày là nguyên nhân phổ biến thứ 3 gây tử vong trên thế giới. Vậy làm sao phát hiện và điều trị bệnh hiệu quả? Xem ngay tại đây.'),
('14', '5', 'Táo bón', 'https://res.cloudinary.com/doccomming/image/upload/v1720627302/Constipation-1_po0qe9.png', 'Táo bón là một tình trạng phổ biến thường do chế độ ăn uống không hợp lý, có thể gây ra bệnh trĩ. Vậy làm sao để điều trị, phòng ngừa và kiểm soát bệnh hiệu quả? Xem ngay tại đây.'),
('15', '5', 'Viêm dạ dày', 'https://res.cloudinary.com/doccomming/image/upload/v1720627094/Gastritis-1_ex0kl2.png', 'Viêm dạ dày là tình trạng lớp niêm mạc dạ dày bị viêm do nhiều nguyên nhân. Nếu không được điều trị, bệnh có thể gây loét và chảy máu dạ dày. Tìm hiểu tất cả thông tin về viêm dạ dày tại đây.'),
('16', '5', 'Loét dạ dày', 'https://res.cloudinary.com/doccomming/image/upload/v1720627206/Stomach-Ulcer-1_hbcidw.png', 'Loét dạ dày là tình trạng loét ở niêm mạc dạ dày, có thể gây ra nhiều biến chứng nguy hiểm. Tìm hiểu về triệu chứng, nguyên nhân và cách điều trị bệnh tại đây.'),
('17', '6', 'Chứng nghiện', 'https://res.cloudinary.com/doccomming/image/upload/v1720627241/Addiction-1_jnxo6v.webp', 'Chứng nghiện (điện thoại, tình dục, rượu, ma túy hoặc những chất kích thích khác và hành vi tiêu cực) sẽ dần hủy hoại sức khỏe thể chất và tinh thần người nghiện. Để cai nghiện hiệu quả, ngoài sự quyết tâm, bạn cần hiểu biết đúng và đủ về chúng!'),
('18', '6', 'Rối loạn lo âu', 'https://res.cloudinary.com/doccomming/image/upload/v1720627258/Anxiety-Disorder-1_ghi5s9.png', 'Chứng rối loạn lo âu sẽ khiến mỗi ngày của bạn trôi qua trong sự nặng nề, lo sợ. Nó làm chất lượng cuộc sống giảm sút nghiêm trọng. Làm sao để khắc phục và điều trị?'),
('19', '6', 'Trầm cảm, rối loạn cảm xúc', 'https://res.cloudinary.com/doccomming/image/upload/v1720627095/Mood-Disorder-1_tivkti.webp', 'Trầm cảm có thể khiến người bệnh tự kết liễu đời mình. Đáng sợ hơn, rất nhiều bệnh nhân không nhận ra họ đang có dấu hiệu trầm cảm. Cách phát hiện bệnh là gì? Làm sao để giúp đỡ một người đang bị trầm cảm? Mời bạn tìm hiểu ở đây.'),
('20', '7', 'Chăm sóc da', 'https://res.cloudinary.com/doccomming/image/upload/v1720627206/Skin-Health-3_h4dlze.webp', 'Một làn da khỏe mạnh có ý nghĩa quan trọng trong việc điều chỉnh thân nhiệt, bảo vệ cơ thể khỏi nguy cơ nhiễm trùng. Da đẹp cũng làm dung mạo cuốn hút hơn. Mời bạn tìm hiểu thêm cách bảo vệ da; những tình trạng da phổ biến và cách chăm sóc da tại đây.'),
('21', '7', 'Trị mụn', 'https://res.cloudinary.com/doccomming/image/upload/v1720627240/Acne-1_wsftbn.png', 'Mụn là một trong những vấn đề phổ biến ở da. Mụn nặng có thể làm hỏng da, gây sẹo, ảnh hưởng nghiêm trọng đến thẩm mỹ. Bạn cần biết cách trị mụn ngay khi nhận thấy mụn xuất hiện để chúng không phát triển nặng hơn.'),
('22', '7', 'Vảy nến', 'https://res.cloudinary.com/doccomming/image/upload/v1720627180/Psoriasis-1_dltc7q.png', 'Vảy nến là một dạng bệnh da liễu mãn tính. Bên cạnh việc tìm cách kiểm soát triệu chứng bệnh, bạn cũng cần biết cách \"sống chung với vảy nến\" để không làm giảm chất lượng cuộc sống. Bạn có thể tìm thấy mọi thông tin liên quan đến bệnh vảy nến ở đây!'),
('23', '8', 'Dị ứng ở mắt & mũi', 'https://res.cloudinary.com/doccomming/image/upload/v1720627133/Nose-Eye-1_py73fm.png', 'Hầu hết các trường hợp dị ứng ở mũi và mắt là do dị ứng với nấm mốc, phấn hoa và lông vật nuôi. Tìm hiểu về các triệu chứng dị ứng mũi và mắt, cách điều trị và phòng ngừa tại đây.'),
('24', '8', 'Dị ứng da', 'https://res.cloudinary.com/doccomming/image/upload/v1720627201/Skin-Allergies-1_th5cfv.png', 'Dị ứng da là một tình trạng rất phổ biến, có thể xảy ra ở bất cứ ai. Bệnh có nhiều loại với các nguyên nhân và cách điều trị. Tìm hiểu thêm tại đây.'),
('25', '8', 'Dị ứng với động vật & côn trùng', 'https://res.cloudinary.com/doccomming/image/upload/v1720627241/Animal-Insect-1_xxrpsf.png', 'Dị ứng động vật và côn trùng thường không quá nguy hiểm, nhưng nếu hiểu rõ bạn có thể phòng ngừa được tình trạng này. Tìm hiểu thêm tại đây.'),
('26', '9', 'Viêm khớp', 'https://res.cloudinary.com/doccomming/image/upload/v1720627258/Arthritis-1_eguspj.png', 'Viêm khớp có rất nhiều loại và thường ảnh hưởng nghiêm trọng đến chất lượng cuộc sống của người bệnh. Làm sao để nhận biết và điều trị viêm khớp hiệu quả? Xem ngay tại đây.'),
('27', '9', 'Loãng xương', 'https://res.cloudinary.com/doccomming/image/upload/v1720627148/Osteoporosis-1_aqcja5.png', 'Bệnh loãng xương thường diễn biến âm thầm, nhưng có thể gây hậu quả nặng nề như gãy xương, tàn phế. Hãy cùng tìm hiểu các cách điều trị và bảo vệ xương luôn khỏe mạnh tại đây.'),
('28', '9', 'Đau cơ xương khớp', 'https://res.cloudinary.com/doccomming/image/upload/v1720627133/Musculoskeletal-Pain-1_d8xqde.png', 'Đau cơ xương khớp là tình trạng đau ở cơ, xương, dây chằng, gân và dây thần kinh. Tình trạng này có thể là cấp tính hoặc mạn tính. Tìm hiểu thêm về đau cơ xương khớp tại đây.'),
('29', '10', 'Thiếu máu', 'https://res.cloudinary.com/doccomming/image/upload/v1720627241/Anemia-1_jq4jrv.webp', 'Thiếu máu là một vấn đề sức khỏe phổ biến, có thể dẫn đến nhiều biến chứng nguy hiểm. Vậy làm sao để phát hiện, điều trị và phòng ngừa thiếu máu? Tìm hiểu tại đây.'),
('30', '10', 'Tan máu bẩm sinh', 'https://res.cloudinary.com/doccomming/image/upload/v1720627223/Thalassemia-1_rx2pnj.png', 'Tan máu bẩm sinh xảy ra ở 7% người dân trên toàn thế giới và 1,1% cặp vợ chồng có nguy cơ sinh con mắc bệnh này. Tìm hiểu các thông tin về tan máu bẩm sinh cũng như cách điều trị bệnh tại đây.'),
('31', '10', 'Rối loạn tiểu cầu', 'https://res.cloudinary.com/doccomming/image/upload/v1720627175/Platelet-Disorder-1_pb1evv.webp', 'Tiểu cầu có nhiệm vụ giúp đông máu. Nếu không được sử dụng để tạo máu đông trong vòng 7 đến 10 ngày thì tiểu cầu sẽ bị phá hủy. Bất kỳ rối loạn nào ở tiểu cầu đều gây ra vấn đề với đông máu. Tìm hiểu thêm tình trạng này tại đây.'),
('32', '11', 'Nhiễm trùng đường hô hấp', 'https://res.cloudinary.com/doccomming/image/upload/v1720627181/Respiratory-Infections_gqtwxy.webp', 'Nhiễm trùng đường hô hấp bao gồm nhiễm trùng đường hô hấp trên và nhiễm trùng đường hô hấp dưới với các triệu chứng khác nhau. Tìm hiểu về các bệnh đường hô hấp, cách điều trị và phòng ngừa tại đây.'),
('33', '11', 'Nhiễm trùng đường ăn uống', 'https://res.cloudinary.com/doccomming/image/upload/v1720627094/Foodborne-Infections_mhvvvt.webp', 'Các triệu chứng của bệnh nhiễm trùng đường ăn uống biểu hiện với mức độ từ nhẹ đến nghiêm trọng, có thể dẫn đến tử vong nếu không được điều trị kịp thời. Vậy bệnh nhiễm trùng đường ăn uống là gì và làm thế nào để điều trị bệnh hiệu quả? Xem ngay tại đây.'),
('34', '11', 'Các vấn đề nhiễm khuẩn khác', 'https://res.cloudinary.com/doccomming/image/upload/v1720627148/Other-bacterial-infections-1_r0xqbn.webp', 'Vi khuẩn có thể sống trong hầu hết mọi môi trường, kể cả trong hoặc trên cơ thể con người. Chỉ một số ít vi khuẩn gây nhiễm trùng ở người. Cùng tìm hiểu nhiễm trùng do vi khuẩn tại đây.'),
('35', '12', 'Suy giảm & mất thị lực', 'https://res.cloudinary.com/doccomming/image/upload/v1720627223/Vision-Impairment-Loss-1_bxscbo.webp', 'Bất kỳ một vấn đề nào ở mắt cũng có thể gây suy giảm và mất thị lực, ảnh hưởng nghiêm trọng đến cuộc sống của người bệnh. Tìm hiểu các cách giúp điều trị và bảo vệ đôi mắt thân yêu tại đây.'),
('36', '12', 'Bệnh nhãn khoa', 'https://res.cloudinary.com/doccomming/image/upload/v1720627094/Eye-Diseases_m4coo8.webp', 'Bạn có biết các bệnh ở mắt có thể gây tổn thương và mất thị lực vĩnh viễn nếu không điều trị kịp thời? Tìm hiểu các cách nhận biết và điều trị bệnh hiệu quả tại đây.'),
('37', '12', 'Chăm sóc mắt', 'https://res.cloudinary.com/doccomming/image/upload/v1720627094/Eye-Care-1_ycl8kp.png', 'Đôi mắt là cửa sổ tâm hồn, giúp chúng ta có thể quan sát rõ thế giới xung quanh. Làm thế nào để chăm sóc và bảo vệ đôi mắt luôn khỏe mạnh? Tìm hiểu ngay tại đây.'),
('38', '13', 'Rối loạn co giật', 'https://res.cloudinary.com/doccomming/image/upload/v1720627181/Seizure-Disorders-1_dewyhh.png', 'Bạn có biết các cơn co giật do động kinh rất nguy hiểm, không nên xem nhẹ. Vậy làm sao để xử lý các cơn động kinh? Có cách nào phòng ngừa tình trạng này không? Xem ngay tại đây.'),
('39', '13', 'Sa sút trí tuệ & Alzheimer', 'https://res.cloudinary.com/doccomming/image/upload/v1720627302/Dementia-and-Alzheimers-Disease-1_wfgjcj.webp', 'Alzheimer và sa sút trí tuệ là nguyên nhân phổ biến gây ra chứng mất trí ở người già. Cùng khám phá những thông tin hữu ích về bệnh Alzheimer tại đây.'),
('40', '13', 'Đa xơ cứng', 'https://res.cloudinary.com/doccomming/image/upload/v1720627133/Multiple-Sclerosis-1_bcahrz.webp', 'Đa xơ cứng là tình trạng ảnh hưởng đến não và tủy sống, gây ra hàng loạt triệu chứng nguy hiểm. Tìm hiểu về các triệu chứng, nguyên nhân và cách điều trị bệnh hiệu quả tại đây.'),
('41', '14', 'Béo phì', 'https://res.cloudinary.com/doccomming/image/upload/v1720627148/Obesity-1_qyibcr.png', 'Béo phì, thừa cân làm tăng nguy cơ mắc phải nhiều bệnh nguy hiểm như đột quỵ, ung thư, tiểu đường, tim mạch... Chuyên mục tập hợp những thông tin khoa học liên quan đến tình trạng thừa cân, béo phì và hướng dẫn cách kiểm soát sức khỏe.'),
('42', '14', 'Công thức nấu ăn lành mạnh', 'https://res.cloudinary.com/doccomming/image/upload/v1720627095/Healthy-Recipes-1_cjj5gd.webp', 'Chuyên mục hướng dẫn cách chế biến nhiều món ăn ngon lành, bổ dưỡng cho sức khỏe cả nhà. Mời bạn xem nhanh những công thức nấu ăn lành mạnh để liên tục làm mới khẩu vị, tăng chất lượng cho từng bữa cơm gia đình.'),
('43', '14', 'Thông tin dinh dưỡng', 'https://res.cloudinary.com/doccomming/image/upload/v1720627148/Nutrition-Facts-1_vqgvdn.webp', 'Những thông tin dinh dưỡng trên cơ sở khoa học giúp bạn nhận biết cách lựa chọn thực phẩm phù hợp với nhu cầu. Từ đó, bạn sẽ biết mình nên và không nên tiêu thụ loại thức ăn nào để đảm bảo dinh dưỡng và sức khỏe cho cả nhà.'),
('44', '15', 'Tập cardio và sức bền', 'https://res.cloudinary.com/doccomming/image/upload/v1720627258/Cardio-Endurance-1_ijp2zj.png', 'Cardio đốt mỡ rất hiệu quả. Trong khi đó, sức bền sẽ làm bạn tăng thể lực, cải thiện sức khỏe. Cách thực hiện những bài tập cardio và sức bền vừa giúp bạn khỏe mạnh, vừa có vóc dáng hoàn hảo!'),
('45', '15', 'Tăng cường sức mạnh', 'https://res.cloudinary.com/doccomming/image/upload/v1720627207/Strength_ux1lov.webp', 'Những cách và bài tập tăng cường sức mạnh không chỉ giúp bạn có thân hình rắn chắc mà còn tăng khả năng chống đỡ ở chân, tay, vai, lưng. Đó là cách gì và những bài tập nào? Khám phá ngay ở chuyên mục này!'),
('46', '15', 'Chấn thương thể thao', 'https://res.cloudinary.com/doccomming/image/upload/v1720627206/Sports-Injuries-1_owh4zp.webp', 'Chấn thương thể thao là điều không hiếm gặp khi tập luyện. Những loại chấn thương nào hay xảy ra nhất? Cách phòng ngừa và xử lý ra sao để nhanh hồi phục?'),
('48', '18', 'Chuẩn bị mang thai', 'https://res.cloudinary.com/doccomming/image/upload/v1720627095/Getting-Pregnant-1_ss1ifj.png', 'Để mang thai, bạn cần có thời gian, kế hoạch và sự chuẩn bị chu đáo. Hãy tìm hiểu thêm về các vấn đề, thách thức từ khả năng sinh sản đến thụ thai và bí quyết để cải thiện cơ hội thụ thai tại chuyên mục này.'),
('49', '18', 'Chăm sóc mẹ sau sinh', 'https://res.cloudinary.com/doccomming/image/upload/v1720627133/Mothercare_aaauj0.webp', 'Trong suốt thai kỳ, dường như mẹ bầu dành tất cả tâm trí, sự chăm sóc cho bé cưng mà quên mất bản thân cũng cần được chăm sóc đầy đủ. Hãy tìm thêm về cách chăm sóc sức khỏe sau sinh để có thể chăm sóc bản thân và bé yêu tốt hơn.'),
('50', '19', 'Nhi khoa', 'https://res.cloudinary.com/doccomming/image/upload/v1720627258/Child-Health-1_ew6m9s.png', 'Việc bảo vệ và nâng cao sức khỏe cho trẻ là mục tiêu hàng đầu của các bậc cha mẹ. Để trẻ có thể học hỏi và phát triển bản thân, bạn cần bảo vệ con khỏi những căn bệnh nguy hiểm, tạo cho con những cơ hội tốt, xây dựng chế độ dinh dưỡng phù hợp...'),
('51', '19', 'Tuổi dậy thì', 'https://res.cloudinary.com/doccomming/image/upload/v1720627241/Adolescents-1_ccpgwa.webp', 'Khi bước vào tuổi dậy thì, trẻ trải qua những sự thay đổi lớn về sự tăng trưởng thể chất và tâm lý, sự trưởng thành tình dục trong nhiều năm. Trong giai đoạn này, trẻ phải đối mặt với nhiều vấn đề sinh lý và xã hội nên rất cần sự thấu hiểu của cha mẹ.'),
('52', '20', 'Bệnh về tai', 'https://res.cloudinary.com/doccomming/image/upload/v1720627093/Ear-Conditions-1_fb6jzm.webp', 'Các bệnh về tai thường khá phổ biến và gây ảnh hưởng đến thính lực. Khi thính lực giảm sẽ làm ảnh hưởng đến chất lượng cuộc sống của người bệnh. Hãy cùng tìm hiểu các cách bảo vệ đôi tai tại đây.'),
('53', '20', 'Bệnh về mũi', 'https://res.cloudinary.com/doccomming/image/upload/v1720627133/Nose-Conditions-1_ibrabw.webp', 'Bên cạnh tác dụng hô hấp, mũi còn có nhiều vai trò quan trọng khác. Cùng tìm hiểu về những vấn đề có thể ảnh hưởng đến mũi và cách ngăn ngừa bệnh về mũi tại đây.'),
('54', '21', 'U xơ tử cung', 'https://res.cloudinary.com/doccomming/image/upload/v1720627223/Uterine-Fibroids-1_p0gygf.webp', 'U xơ tử cung là tình trạng tăng trưởng một khối u lành tính (không phải ung thư), thường xảy ra ở trên hoặc trong thành cơ tử cung. Đây là một căn bệnh phổ biến, dù không quá nguy hiểm nhưng vẫn có thể gây ảnh hưởng đến sức khỏe người bệnh. Vậy làm sao để phát hiện, điều trị và ngăn ngừa tình trạng này? Tìm hiểu ngay tại đây.'),
('55', '21', 'Buồng trứng đa nang', 'https://res.cloudinary.com/doccomming/image/upload/v1720627149/PCOS-1_ftusjq.webp', 'Buồng trứng đa nang là một hội chứng xảy ra do sự rối loạn cân bằng hormone trong cơ thể phụ nữ. Hội chứng này không chỉ khiến chị em khó mang thai mà còn tăng nguy cơ mắc các bệnh nguy hiểm khác như tiểu đường, tim mạch, huyết áp cao, đột quỵ... Tìm hiểu rõ hơn về tình trạng này tại đây.'),
('56', '22', 'Giảm đau', 'https://res.cloudinary.com/doccomming/image/upload/v1720627302/default_kt7wnb.webp', 'Cảm giác đau có thể gây khó chịu và làm ảnh hưởng đáng kể đến chất lượng cuộc sống của người mắc phải. Cùng tìm hiểu về những cách giảm đau hiệu quả và an toàn để giúp đẩy lùi nhanh chóng tình trạng này.'),
('57', '22', 'Triệu chứng', 'https://res.cloudinary.com/doccomming/image/upload/v1720627223/Symptoms-1_ihbgw6.png', 'Nếu quan tâm đến sức khỏe, bạn đừng bỏ qua bất kỳ triệu chứng nào, dù là nhỏ nhất. Hãy chăm sóc sức khỏe bản thân bằng cách tìm hiểu những thông tin hữu ích ngay tại đây.'),
('58', '23', 'Mất ngủ', 'https://res.cloudinary.com/doccomming/image/upload/v1720627095/Insomnia-1_cv37rw.webp', 'Mất ngủ là nỗi ám ảnh hằng đêm của nhiều người. Tình trạng này không chỉ khiến sức khỏe người bệnh giảm sút mà còn ảnh hưởng không nhỏ đến công việc và cuộc sống của họ. Cùng tìm hiểu ngay nguyên nhân, triệu chứng, cách điều trị và ngăn ngừa chứng mất ngủ tại đây.'),
('59', '23', 'Rối loạn giấc ngủ', 'https://res.cloudinary.com/doccomming/image/upload/v1720627206/Sleep-Disorders-1_ok8chh.webp', 'Bạn đã từng bị bóng đè, mộng du, nói mớ hay nghiến răng khi ngủ? Các rối loạn giấc ngủ ảnh hưởng không nhỏ đến chất lượng giấc ngủ của bạn. Vậy làm sao để khắc phục và ngăn ngừa chúng? Cùng tìm hiểu ngay sau đây.'),
('60', '24', 'Bỏ thuốc lá', 'https://res.cloudinary.com/doccomming/image/upload/v1720627181/Quit-Smoking_amninh.png', 'Thuốc lá có rất nhiều tác hại nghiêm trọng đến sức khỏe của bạn. Tuy nhiên, bỏ thuốc lá là hành trình vô cùng gian nan. Hãy cùng tìm hiểu cách bỏ thuốc lá hiệu quả cùng các sản phẩm thay thế thuốc lá hữu ích nhé!'),
('61', '24', 'Giữ gìn vệ sinh', 'https://res.cloudinary.com/doccomming/image/upload/v1720627094/General-Hygiene-1_iheb3j.webp', 'Giữ gìn vệ sinh cá nhân và nơi sinh hoạt hàng ngày không phải là điều dễ dàng. Cùng tìm hiểu một số mẹo giúp việc vệ sinh dễ dàng và tiết kiệm thời gian hơn nhé!'),
('62', '25', 'Vấn đề hormone nam giới', 'https://res.cloudinary.com/doccomming/image/upload/v1720627095/Men_s-Hormone-Issues-1_quwvqn.webp', 'Nồng độ tiết tố testosterone có thể tăng hoặc suy giảm bất thường, tiết lộ một số nguy cơ tiềm ẩn từ các căn bệnh khác. Cánh mày râu phải làm gì để cân bằng hormone? Cùng tìm hiểu trong chuyên mục này'),
('63', '25', 'Rối loạn cương dương', 'https://res.cloudinary.com/doccomming/image/upload/v1720627094/Erectile-Disfunction_qfmjgv.webp', 'Rối loạn cương dương là tình trạng dương vật không có khả năng hoặc duy trì sự cương cứng đủ để quan hệ tình dục. Hãy cùng tìm hiểu sâu hơn về căn bệnh này để biết cách phòng ngừa và chăm sóc sức khỏe dương vật.'),
('64', '26', 'Viêm nướu & nha chu', 'https://res.cloudinary.com/doccomming/image/upload/v1720627095/Gum-and-Mouth-Diseases-1_cekawp.png', 'Viêm nướu và nha chu là 2 vấn đề sức khỏe răng miệng khác nhau, mức độ ảnh hưởng và việc điều trị cũng khác nhau tuy có cùng nguyên nhân và triệu chứng. Viêm nha chu có thể khiến răng bị lung lay, dẫn đến mất răng và nhiều vấn đề sức khỏe khác như hơi thở có mùi, bệnh tim mạch...'),
('65', '26', 'Các vấn đề về răng', 'https://res.cloudinary.com/doccomming/image/upload/v1720627336/Dental-Conditions_k6uou7.png', 'Các vấn đề về răng có thể ảnh hưởng tiêu cực đến chất lượng cuộc sống và tâm lý. Một số trường hợp nghiêm trọng cần được điều trị ngay để ngăn ngừa các biến chứng nghiêm trọng.'),
('66', '27', 'Quá trình lão hóa', 'https://res.cloudinary.com/doccomming/image/upload/v1720627241/Active-Aging-1_meijth.png', 'Thay vì ngồi yên chờ tuổi già \"gõ cửa\", bạn hoàn toàn có thể chủ động làm chậm quá trình lão hóa bằng lối sống tích cực, lành mạnh. Tìm hiểu thêm về quá trình lão hóa và các phương pháp khoa học giúp bạn \"ăn gian\" tuổi thật ngay sau đây.'),
('67', '28', 'Tình dục an toàn', 'https://res.cloudinary.com/doccomming/image/upload/v1720627181/Safe-Sex-_-Prevention_vv5qmk.png', 'Biết cách quan hệ tình dục an toàn giúp phòng tránh các bệnh lây truyền qua đường tình dục như bệnh lậu, giang mai, HIV... Cùng tìm hiểu cách quan hệ bằng miệng, hậu môn, vệ sinh sau khi quan hệ, vệ sinh đồ chơi tình dục cũng như cách xử lý khi bao cao su chẳng may bị rách nhé!'),
('68', '29', 'Bệnh về thận', 'https://res.cloudinary.com/doccomming/image/upload/v1720627095/Kidney-Disease_caqxhd.webp', 'Các bệnh về thận thường không có triệu chứng rõ ràng và có thể dẫn dến nhiều biến chứng nguy hiểm. Tìm hiểu thêm về các bệnh thận, cách điều trị và phòng ngừa tại đây nhé.'),
('69', '29', 'Sỏi đường tiết niệu', 'https://res.cloudinary.com/doccomming/image/upload/v1720627223/Urinary-Track-Stones_lt8pi5.webp', 'Sỏi tiết niệu xảy ra khi sỏi xuất hiện tại bất kỳ vị trí nào của hệ tiết niệu. Như vậy sỏi tiết niệu bao gồm sỏi thận, sỏi niệu quản, sỏi bàng quang và sỏi niệu đạo. Tìm hiểu các bệnh này cũng như cách phòng ngừa bệnh tại đây.'),
('70', '27', 'Các vấn đề lão hóa thường gặp', 'https://res.cloudinary.com/doccomming/image/upload/v1720627301/Common-Aging-Conditions-1_caoq3n.webp', 'Người cao tuổi dễ gặp phải các vấn đề lão hóa như đau nhức xương khớp, suy giảm thị lực, thính lực... Tuy nhiên, bạn hoàn toàn có thể chủ động bảo vệ sức khỏe và ngăn ngừa các vấn đề này bằng lối sống lành mạnh, tích cực.'),
('71', '28', 'HIV/AIDS', 'https://res.cloudinary.com/doccomming/image/upload/v1720627094/HIV_AIDS_ubmuir.webp', 'HIV/AIDs từng được coi là căn bệnh thế kỷ khi nó gây suy giảm miễn dịch trầm trọng ở người mắc. Các dấu hiệu của HIV có thể bị nhầm lẫn với bệnh cảm cúm thông thường. Cùng tìm hiểu các giai đoạn của bệnh, dấu hiệu nhận biết, nguyên nhân cũng như cách kiểm soát nhé.');


create table classifypost(
id int not null primary key AUTO_INCREMENT,
Classify varchar(100)
);
insert into classifypost (id, Classify) values 
(1, "Bệnh lí"),
(2, "Thông tin sức khỏe");


create table post(
id int not null primary key AUTO_INCREMENT,
FeaturedImage varchar(300),
Title nvarchar(500) not null CHECK (Title !=""),
Brief nvarchar(1000) not null CHECK (Brief !=""),
Content text(4000) not null CHECK (Content !=""),
Images varchar(300),
idAuthor int,
DatePost datetime,
idCategories int,
idSimilar int,
idMajor int default null,
idClassify int default 1,
Status int default 0, -- 0 chờ duyệt, 1 hiển thị trên site, 2 ẩn
foreign key (idAuthor) references account(id),
foreign key (idCategories) references categories(id),
foreign key (idSimilar) references similarcategories(id),
foreign key (idMajor) references major(id),
foreign key (idClassify) references classifypost(id)
); 
-- drop table post;
insert into post (id, FeaturedImage, Title, Brief, Content, Images, idAuthor, DatePost, idCategories, idSimilar, idClassify, idMajor, Status) values 
('1', 'https://res.cloudinary.com/doccomming/image/upload/v1715935949/hiwx3crgn1z8knaoxlh4.webp', 'Bệnh cao huyết áp có chữa khỏi được không?', 'Huyết áp cao là bệnh lý mạn tính cần phải điều trị suốt đời để ngăn ngừa các biến chứng nguy hiểm như bệnh tim, đột quỵ, giảm thị lực, bệnh thận mạn tính hay các bệnh về mạch máu khác. Trong một số trường hợp, bác sĩ sẽ chỉ định dùng một hoặc kết hợp nhiều loại thuốc điều trị cao huyết áp khác nhau cho bệnh nhân. Nhiều bệnh nhân vì phải dùng quá nhiều loại thuốc cùng lúc nên thắc mắc không biết thuốc huyết áp uống ngày 2 lần được không? Cùng Hello Bacsi đi tìm lời giải đáp trong bài viết ngay sau đây nhé!', '<h2><strong>Huyết áp cao bao nhiêu thì phải uống thuốc?</strong></h2><p><br></p><p>Bạn có thể cần dùng thuốc để hạ huyết áp nếu các biện pháp thay đổi lối sống không đủ để đưa huyết áp về mức mục tiêu. Vậy, huyết áp 140/90 mmHg có phải uống thuốc không? Việc có nên dùng thuốc hay không còn phụ thuộc vào chỉ số huyết áp ban đầu, tình trạng sức khỏe tổng thể và nguy cơ phát triển các vấn đề như đau tim hoặc đột quỵ trong tương lai. Bác sĩ sẽ xem xét và quyết định có nên kê đơn thuốc hay không.</p><p><br></p><p><img src=\"https://cdn.hellobacsi.com/wp-content/uploads/2024/04/huyet-ap-bao-nhieu-thi-phai-uong-thuoc.jpg\" alt=\"huyết áp cao bao nhiêu thì phải uống thuốc?\" height=\"563\" width=\"1000\"></p><p><br></p><p>Cụ thể như sau:</p><ul><li>Nếu huyết áp của bạn từ&nbsp;140/90 mmHg&nbsp;trở lên, có sức khỏe tổng thể tốt, nguy cơ bị đau tim và đột quỵ nói chung là thấp, việc thay đổi lối sống đơn thuần có thể là đủ mà không cần dùng thuốc. Tuy nhiên, nếu huyết áp luôn cao hơn 140/90 mmHg và nguy cơ mắc các vấn đề sức khỏe nghiêm trọng cao hơn, chẳng hạn như nếu bạn thừa cân hoặc mắc bệnh tiểu đường, bác sĩ sẽ cần chỉ định bắt đầu dùng thuốc kiểm soát huyết áp kết hợp với thay đổi lối sống.</li></ul><p><br></p><ul><li>Nếu huyết áp của bạn luôn trên 160/100 mmHg thì nguy cơ mắc các vấn đề nghiêm trọng sẽ càng cao hơn, bác sĩ sẽ kê cho bạn đơn thuốc hạ áp tích cực hơn, cũng như trao đổi về những thay đổi trong lối sống buộc phải áp dụng để kiểm soát huyết áp.</li></ul><p><br></p><p>Nếu bạn có nguy cơ mắc bệnh tim, tiểu đường hoặc có tiền sử đột quỵ, thuốc có thể được bắt đầu sử dụng ngay cả khi chỉ số huyết áp thấp hơn. Mục tiêu huyết áp được sử dụng phổ biến nhất cho những người mắc các vấn đề sức khỏe này là duy trì dưới 130/80 mmHg.</p><p><br></p><h2><strong>Thuốc huyết áp uống ngày 2 lần được không?</strong></h2><p><br></p><p>Chỉ định dùng nhiều loại thuốc huyết áp cùng lúc là khá phổ biến vì mỗi loại thuốc có tác dụng kiểm soát huyết áp theo những cơ chế khác nhau. Điều này khiến nhiều người bệnh không biết thuốc huyết áp uống ngày 2 lần được không? <strong>Câu trả lời là ĐƯỢC nhưng tùy vào thời gian bán thải của từng loại thuốc và chỉ định của bác sĩ</strong>.</p><p><br></p><p><img src=\"https://cdn.hellobacsi.com/wp-content/uploads/2024/04/thuoc-huyet-ap-uong-ngay-2-lan-duoc-khong-tuy-vao-loai-thuoc.jpg\" alt=\"thuốc huyết áp uống ngày 2 lần được không tùy vào loại thuốc\" height=\"667\" width=\"1000\"></p><p><br></p><p>Thời gian bán thải của thuốc sẽ quyết định đến số lần uống thuốc đó trong ngày. Nếu thời gian bán thải của thuốc càng ngắn thì số lần uống thuốc sẽ càng nhiều và ngược lại, nếu thời gian bán thải càng dài thì số lần uống thuốc càng ít. Vì vậy, một số loại thuốc chỉ cần uống với liều dùng 1 lần/ngày trong khi vẫn có một số thuốc huyết áp sẽ được chỉ định uống 2-3 lần/ngày hoặc hơn tùy trường hợp cụ thể.</p><p><br></p><p>Thông thường, bác sĩ sẽ chỉ định uống 2 viên/ngày chia 2 lần uống hoặc 3 viên/ngày chia 3 lần uống (đối với thuốc tác dụng ngắn) hoặc 1 viên/ngày (đối với thuốc tác dụng kéo dài).</p><p><br></p><p>Nếu thắc mắc thuốc huyết áp uống ngày 2 lần được không, người bệnh nên biết là ở một số đối tượng được chỉ định dùng thuốc một lần mỗi ngày, tác dụng kiểm soát huyết áp có thể giảm dần vào cuối khoảng thời gian dùng thuốc. Vì vậy, nên đo huyết áp ngay trước khi dùng thuốc để xác định xem bản thân có đạt được mức kiểm soát huyết áp mong muốn hay không. Sau đó, hỏi ý kiến bác sĩ về việc tăng liều lượng hoặc tần suất dùng thuốc lên 2 lần/ngày có nên hay không nếu chỉ số huyết áp chưa đạt mục tiêu.</p><p><br></p><p><br></p><h2>Một số lưu ý khác khi dùng thuốc huyết áp</h2><p><br></p><p><br></p><p><img src=\"https://cdn.hellobacsi.com/wp-content/uploads/2024/04/thuoc-huyet-ap-uong-ngay-2-lan-duoc-khong-va-nhung-luu-y.jpg\" alt=\"thuốc huyết áp uống ngày 2 lần được không và những lưu ý khác\" height=\"667\" width=\"1000\"></p><p><br></p><p><br></p><p><br></p><p><strong><em>Dùng thuốc huyết áp liên tục, suốt đời.</em></strong> Nếu bạn bắt đầu dùng thuốc điều trị huyết áp cao, bạn nên ý thức rằng sẽ cần phải dùng thuốc trong thời gian dài, thậm chí là suốt đời để có thể kiểm soát tốt huyết áp và sống lâu hơn. Ngay cả khi huyết áp đã hạ xuống mức mục tiêu, người bệnh vẫn phải tuân thủ nguyên tắc điều trị liên tục. Nếu huyết áp được kiểm soát tốt trong vài năm, bạn có thể dùng liều thấp hơn hoặc ngừng dùng thuốc hoàn toàn mà vẫn đảm bảo chỉ số huyết áp vẫn ổn định. Tuy nhiên, điều này sẽ cần sự chỉ định và theo dõi chặt chẽ của bác sĩ.</p><p><br></p><p><strong><em>Dùng thuốc đúng giờ mỗi ngày.</em></strong> Tập thói quen dùng tất cả các loại thuốc huyết áp vào cùng một thời điểm mỗi ngày để giúp bạn nhớ uống thuốc và hạn chế nguy cơ bỏ quên liều. Uống thuốc đúng giờ, không nên nhớ lúc nào uống lúc nấy, uống thuốc thất thường sẽ khiến huyết áp cao không được kiểm soát, dễ gây ra các biến chứng nguy hiểm, như đột quỵ.</p><p><br></p><p><strong><em>Dùng thuốc đủ liều lượng và tần suất được chỉ định.</em></strong> Đối với thuốc dùng một lần trong ngày, cần uống vào một thời điểm cố định. Đối với thuốc uống 2 lần trong ngày, cần chia đều trong 24 giờ (tức là cứ cách 12 giờ uống thuốc một lần). Ví dụ: nếu uống thuốc lần đầu tiên trong ngày vào 8 giờ sáng thì uống lần 2 sẽ vào 8 giờ tối. Tuân thủ liều lượng và tần suất dùng thuốc được chỉ định để đảm bảo thuốc có hiệu quả kiểm soát huyết áp tốt nhất.</p><p><br></p><p><strong><em>Không tự ý giảm liều hay ngừng dùng thuốc.</em></strong> Khi thấy huyết áp ổn định, cảm thấy khỏe hơn và vì sợ gặp phải tác dụng phụ nên một số người bệnh tự ý giảm liều (uống thuốc cách ngày hoặc chia đôi viên thuốc để uống) hoặc thậm chí là ngừng dùng thuốc mà không hỏi ý kiến bác sĩ. Điều này hết sức nguy hiểm vì làm cho nồng độ thuốc trong máu không đủ để kiểm soát huyết áp. Hậu quả dẫn đến là huyết áp nhanh chóng tăng trở lại, tăng nguy cơ đột quỵ và tử vong.</p><p><br></p><p><strong><em>Không tự ý tăng liều thuốc.</em></strong> Thuốc huyết áp uống ngày 2 lần được không? Một số bệnh nhân được chỉ định chỉ dùng thuốc một lần/ngày nhưng vì không biết tại sao uống thuốc rồi mà huyết áp vẫn tăng nên tự ý tăng liều lên uống 2 lần/ngày. Khi dùng quá liều có thể gây tụt huyết áp quá mức, thậm chí gây trụy mạch, tử vong… và các tác dụng phụ khác của thuốc.</p><p><br></p><p><strong><em>Xử trí khi quên liều.</em></strong> Quên uống thuốc huyết áp 1 ngày có sao không? Nếu bạn bỏ lỡ một liều, đừng dùng gấp đôi liều. Điều quan trọng là không dùng quá nhiều thuốc huyết áp cùng một lúc vì huyết áp của bạn có thể giảm quá thấp. Nếu bạn quên uống một viên, hãy uống ngay khi nhớ ra, trừ khi đã gần đến liều tiếp theo, trong trường hợp đó, chỉ cần uống một viên rồi tiếp tục dùng thuốc như bình thường theo kế hoạch.</p><p><br></p><p><strong><em>Lưu ý đến tác dụng phụ của thuốc.</em></strong> Thuốc huyết áp có thể gây ra một số tác dụng phụ nhưng hầu hết trường hợp đều không gặp phải bất kỳ tác dụng phụ nghiêm trọng nào. Hãy báo cho bác sĩ điều trị càng sớm càng tốt nếu bạn gặp phải tác dụng phụ bất kỳ, nhất là các tác dụng phụ đang gây ra vấn đề sức khỏe làm ảnh hưởng đến cuộc sống hàng ngày. Trong hầu hết các trường hợp, việc thay đổi liều lượng thuốc hoặc thời điểm dùng thuốc có thể giúp giảm tác dụng phụ nhưng cần phải được bác sĩ chỉ định.</p><p><br></p><p><strong><em>Trao đổi với bác sĩ điều trị.</em></strong> Hãy cho bác sĩ điều trị biết về tất cả các loại thuốc kê đơn, thuốc không kê đơn và thực phẩm chức năng mà bạn đang dùng. Một số loại thuốc có thể gây tác dụng phụ là làm tăng huyết áp và/hoặc cản trở hiệu quả của thuốc huyết áp.</p><p><br></p><p><strong><em>Đo huyết áp và thăm khám sức khỏe định kỳ.</em></strong> Thăm khám sức khỏe định kỳ và tái khám theo đúng lịch hẹn của bác sĩ để được theo dõi tình trạng sức khỏe, điều chỉnh thuốc và liều lượng kịp thời nếu cần. Đồng thời, người bệnh phải biết cách tự theo dõi chỉ số huyết áp tại nhà thường xuyên.</p><p><br></p><p><strong><em>Kết hợp thay đổi lối sống lành mạnh.</em></strong> Giảm huyết áp bằng lối sống lành mạnh đồng nghĩa là bạn có thể ít phụ thuộc vào thuốc hơn. Một lối sống lành mạnh cũng có thể giúp thuốc huyết áp cho tác dụng hiệu quả hơn. Các biện pháp này cụ thể là: ăn nhạt, ăn nhiều trái cây và rau quả tươi, giảm stress, bỏ thuốc lá, hạn chế rượu bia, tập thể dục vừa sức và duy trì cân nặng phù hợp.</p><p><br></p><p><span style=\"color: rgb(38, 38, 38);\">Tóm lại, bác sĩ sẽ cho bạn biết bạn cần uống bao nhiêu viên thuốc huyết áp mỗi ngày, thuốc huyết áp uống ngày 2 lần được không, cũng như bất kỳ điều gì khác mà bạn còn thắc mắc trong quá trình điều trị. Chẳng hạn như: liệu bạn có thể dùng chúng vào một thời điểm cụ thể trong ngày hay không, liệu bạn có thể dùng chúng cùng với thức ăn hay không và liệu bạn có thể dùng tất cả các loại thuốc của mình cùng nhau hay không. Điều bạn cần làm duy nhất là thẳng thắn trao đổi trực tiếp để thấu hiểu và tuân thủ đúng theo chỉ định điều trị từ bác sĩ của mình.</span></p>', NULL, '235523484', '2023-08-17 15:52:30', '2', '4', '1', '18', '1'),
('2', 'https://res.cloudinary.com/doccomming/image/upload/v1715936788/rpscgogoo9ojvjun0jzr.jpg', 'Tìm hiểu về các loại insulin điều trị tiểu đường và cách sử dụng', 'Insulin đã được sử dụng từ hơn 100 năm trước để điều trị đái tháo đường nhằm giúp kiểm soát đường huyết và cải thiện chất lượng cuộc sống cho bệnh nhân. Các loại insulin hiện có được chia thành 5 loại dựa vào thời gian tác động, bao gồm: insulin tác dụng nhanh, ngắn, trung bình, kéo dài và cuối cùng là insulin hỗn hợp.', '<p>Các loại insulin khác nhau có thời gian khởi đầu, thời gian đạt đỉnh và thời gian hoạt động khác nhau. Vì vậy, tác dụng và thời điểm sử dụng cũng khác nhau ở từng loại. Nắm thông tin về chúng giúp người bệnh sử dụng insulin một cách an toàn và hiệu quả.</p><p><br></p><h2><strong>Insulin và đái tháo đường</strong></h2><p>Insulin là một hormone tạo ra bởi các tế bào beta tuyến tụy để giữ đường huyết ở mức bình thường. Chức năng của insulin là chuyển glucose (đường) từ máu vào tế bào để tạo năng lượng. Nếu thiếu insulin, đường sẽ tích tụ quá nhiều trong máu và theo thời gian sẽ gây ra bệnh đái tháo đường.</p><p>Với bệnh tiểu đường tuýp 1, cơ thể không tạo ra insulin nên người bệnh phải bổ sung insulin từ bên ngoài hàng ngày để duy trì sự sống. Với tiểu đường tuýp 2, cơ thể không sản xuất đủ insulin hoặc insulin không hoạt động tốt. Trong một vài trường hợp cụ thể, người bệnh tiểu đường tuýp 2 sẽ được bác sĩ chỉ định tiêm insulin để kiểm soát lượng đường trong máu.</p><p><br></p><h2>Các loại insulin: Phân loại insulin theo thời gian tác động</h2><p>Hầu hết người bệnh tiểu đường tuýp 1 và một số trường hợp mắc tiểu đường tuýp 2 được bác sĩ chỉ định dùng 2 loại insulin sau đây:&nbsp;</p><p><br></p><p>Insulin bữa ăn (insulin bolus): loại tác dụng nhanh dùng trong bữa ăn.</p><p><br></p><p>Insulin nền (insulin basal): loại tác dụng chậm hơn, thường dùng 1 hoặc 2 lần trong một ngày, có tác dụng trong suốt cả ngày.</p><p><br></p><p>Một số bệnh nhân khác được kê đơn một loại insulin duy nhất những loại này được kết hợp giữa loại tác dụng nhanh/ngắn và loại tác dụng trung bình/chậm, được gọi là insulin hỗn hợp.</p><p><br></p><p>Cụ thể như sau:</p><p><br></p><p><img src=\"https://cdn.hellobacsi.com/wp-content/uploads/2024/01/cac-loai-insulin-theo-thoi-gian-tac-dong.jpg\" alt=\"các loại insulin theo thời gian tác động\" height=\"667\" width=\"1000\"></p><p><br></p><h3><strong>Insulin bữa ăn (insulin bolus)</strong></h3><p>Insulin bolus cung cấp insulin một cách nhanh chóng để xử lý lượng đường tạo ra từ bữa ăn. Có 2 loại chính bao gồm:</p><p><br></p><ul><li><strong>Insulin nhanh</strong>&nbsp;(Insulin tác dụng tức thời): dùng ngay trước hoặc sau bữa ăn. Thuốc bắt đầu có tác dụng trong vòng vài phút và kéo dài từ 3 đến 5 giờ tùy nhãn hiệu.</li></ul><p><br></p><ul><li><strong>Insulin regular</strong>&nbsp;(Insulin tác dụng ngắn): tương tự như insulin tác dụng nhanh nhưng tác dụng chậm hơn. Dùng trước khi ăn khoảng 30 đến 60 phút. Loại này mất khoảng 30 đến 60 phút để bắt đầu có tác dụng và kéo dài từ 5 đến 8 giờ.</li></ul><p><br></p><h3><strong>Insulin nền (insulin basal)</strong></h3><p>Insulin nền thường được dùng 1 hoặc 2 lần trong ngày. Nó giúp xử lý lượng đường mà cơ thể tạo ra hoặc chuyển hóa thành. Các loại insulin này bao gồm:</p><p><br></p><ul><li><strong>Insulin NPH</strong>&nbsp;(Insulin tác dụng trung bình): là hỗn dịch insulin kết tinh với protamine và kẽm nên có màu đục, cần được trộn đều, dùng 1 – 2 lần trong ngày.</li></ul><p><br></p><ul><li><strong>Insulin chậm</strong>&nbsp;(Insulin tác dụng kéo dài): có thời gian khởi phát tác dụng chậm hơn insulin NPH, thường dùng 1 lần một ngày, vào cùng một thời điểm mỗi ngày.</li></ul><p><br></p><h3><strong>Insulin dạng hỗn hợp (pre-mix)</strong></h3><p>Insulin hỗn hợp là sự kết hợp giữa insulin tác dụng nhanh/ngắn với loại tác dụng trung bình/chậm. Thường được sử dụng trước bữa ăn mà không cần đến insulin nền, tần suất tiêm khoảng 1 – 2 lần trong ngày.</p><p><br></p><h2>Các loại insulin theo nguồn gốc sản xuất</h2><p><br></p><p>Insulin được sản xuất theo nhiều cách khác nhau.&nbsp;Phân tử insulin giống như hai chuỗi hạt được nối với nhau. Các loại insulin theo nguồn gốc sản xuất bao gồm:</p><p><br></p><p><strong>Insulin người:</strong>&nbsp;Đây là loại insulin tổng hợp và được sản xuất trong phòng thí nghiệm giống như insulin được tạo ra trong cơ thể người.</p><p><br></p><p><strong>Insulin analog:</strong> Đây cũng là loại insulin tổng hợp và được sản xuất trong phòng thí nghiệm nhưng các nhà khoa học đã tìm cách thay đổi vị trí của một số hạt để tạo ra insulin biến đổi gen được gọi là insulin analog.</p><p><br></p><p><strong>Insulin động vật:</strong> Hiện nay, loại này không còn được sử dụng nhiều nữa, nhưng một số người thấy rằng insulin tinh khiết (đã được làm sạch) từ động vật (bò hoặc lợn) có tác dụng tốt nhất đối với họ.</p><p><br></p><h2><strong>Cách sử dụng và bảo quản các loại insulin</strong></h2><h3>Thời điểm tiêm</h3><ul><li><strong>Insulin nhanh</strong>&nbsp;dùng ngay trước hoặc sau bữa ăn.&nbsp;</li></ul><p><br></p><ul><li><strong>Insulin regular</strong>&nbsp;dùng trước khi ăn khoảng 30-60 phút.&nbsp;</li></ul><p><br></p><ul><li><strong>Insulin NPH</strong>&nbsp;dùng 1 – 2 lần trong ngày.</li></ul><p><br></p><ul><li><strong>Insulin chậm, tác dụng kéo dài</strong>&nbsp;dùng 1 lần, vào cùng một thời điểm mỗi ngày.</li></ul><p><br></p><ul><li><strong>Insulin hỗn hợp</strong>&nbsp;dùng trước bữa ăn.</li></ul><h3><strong>Vị trí tiêm</strong></h3><p>Các loại insulin tiêm được tiêm dưới da, không được tiêm vào cơ hoặc vào mạch máu vì điều này sẽ làm thay đổi tốc độ hấp thụ và hoạt động của insulin.</p><p><br></p><p>Sự hấp thu insulin thay đổi tùy theo vị trí được tiêm vào cơ thể. Bụng là vị trí tiêm hấp thụ insulin tốt và ổn định nhất. Cánh tay trên, mông và đùi có tốc độ hấp thụ ít ổn định hơn.</p><p><br></p><p><strong><em>Các yếu tố làm tăng tốc độ hấp thụ insulin:</em></strong></p><p><br></p><ul><li>Tiêm vào vùng vận động nhiều như đùi hoặc cánh tay</li></ul><p><br></p><ul><li>Nhiệt độ cao do tắm nước nóng, spa hoặc phòng tắm hơi</li></ul><p><br></p><ul><li>Xoa bóp vùng xung quanh chỗ tiêm</li></ul><p><br></p><ul><li>Tiêm vào cơ&nbsp;khiến insulin được hấp thụ nhanh hơn và có thể khiến lượng đường trong máu hạ quá thấp.</li></ul><p><br></p><p><strong><em>Các yếu tố làm chậm sự hấp thu insulin:</em></strong></p><p><br></p><ul><li>Tiêm quá nhiều cùng một vị trí, khiến vùng da bị sần hoặc có sẹo (được gọi là chứng loạn dưỡng mô mỡ)</li></ul><p><br></p><ul><li>Insulin lạnh (ví dụ: nếu insulin được tiêm ngay sau khi lấy từ tủ lạnh)</li></ul><p><br></p><ul><li>Hút thuốc lá.</li></ul><p><br></p><h3><strong>Kỹ thuật tiêm</strong></h3><p><br></p><p><img src=\"https://cdn.hellobacsi.com/wp-content/uploads/2024/01/cach-tiem-cac-loai-insulin.jpg\" alt=\"cách tiêm insulin\" height=\"667\" width=\"1000\"></p><p><br></p><p><strong><em>Chuẩn bị lọ insulin và ống tiêm:</em></strong></p><p><br></p><ul><li>Nếu insulin ở dạng hỗn dịch (đục), cần lắc nhẹ và làm ấm khoảng 10 – 15 lần để làm đều hỗn dịch.</li></ul><p><br></p><ul><li>Khử trùng nắp lọ insulin với một miếng bông có dung dịch sát khuẩn.</li></ul><p><br></p><ul><li>Trước khi rút insulin, hút không khí vào trong bơm kim tiêm một thể tích khí bằng với liều insulin cần lấy.</li></ul><p><br></p><ul><li>Bơm không khí đã hút vào lọ insulin.</li></ul><p><br></p><ul><li>Lấy insulin nhẹ nhàng, tránh làm xoáy dung dịch trong lọ.</li></ul><p><br></p><ul><li>Loại bỏ bọt khí.</li></ul><p><br></p><p><strong><em>Chuẩn bị bút tiêm insulin:</em></strong></p><p><br></p><ul><li>Đầu tiên vẫn là làm ấm và đồng nhất thuốc bằng cách lăn trong lòng bàn tay và lắc lên xuống 10-15 lần.</li></ul><p><br></p><ul><li>Lắp mũi tiêm vào bút tiêm.</li></ul><p><br></p><ul><li>Vặn bút tiêm&nbsp;ở mức 2 đơn vị. Bơm hết 2 đơn vị này để loại bọt khí. Nếu nhìn thấy có giọt nước ở đầu bút tiêm là được. Nếu không, làm lại một lần nữa, cho đến khi thấy giọt nước ở đầu mũi tiêm.</li></ul><p><br></p><ul><li>Chọn mức liều insulin tương ứng và tiêm.</li></ul><p><strong><em>Thực hiện tiêm</em>:</strong></p><ul><li>Chú ý sử dụng cồn để sát khuẩn da trước khi tiêm.</li><li>Chọn vị trí tiêm. Lưu ý phải thay đổi vị trí tiêm thường xuyên để tránh bị sần cứng vùng da nơi tiêm</li><li>Tiêm một góc 90° (đối với bút tiêm) hoặc 45° và véo da (đối với lọ tiêm), có thể tiêm tại trạng thái bình thường hoặc kéo nhẹ da ở vùng tiêm.</li><li>Đợi 10 giây trước khi rút mũi tiêm để insulin có thể khuếch tán.</li><li>Rút nhanh kim tiêm để tránh làm cho insulin thoát ra ở vị trí tiêm.</li><li>Không xoa bóp ở vùng đã tiêm do có thể làm thay đổi mức độ giải phóng của insulin.</li></ul><h3><strong>Bảo quản</strong></h3><ul><li>Bảo quản các loại insulin chưa mở gọn gàng ở một bên trong tủ lạnh, tránh để quá gần bộ phận làm lạnh, không để ở ngăn đá. Giữ nhiệt độ tủ lạnh từ 2 đến 8°C. Đảm bảo rằng insulin không bị đông cứng.</li></ul><p><br></p><ul><li>Sau khi mở, bảo quản ở nhiệt độ phòng (dưới 25°C) không quá 1 tháng. Tránh để insulin dưới ánh nắng trực tiếp, nhiệt độ trên 30°C để đảm bảo insulin tiêm dưới da sẽ gần với nhiệt độ cơ thể, giúp giảm đau và điều hòa quá trình khuếch tán dưới da.</li></ul><p><br></p><ul><li>Ống tiêm, kim bút, kim bơm đã qua sử dụng phải được vứt bỏ trong hộp đựng chống thủng và có nắp đậy an toàn.</li></ul><p><br></p><ul><li>Không sử dụng insulin nếu:</li></ul><p><br></p><ul><li class=\"ql-indent-1\">Insulin trong suốt chuyển sang màu đục</li></ul><p><br></p><ul><li class=\"ql-indent-1\">Insulin đục (loại có tác dụng trung bình) bị vón cục hoặc đóng cặn bên trong lọ, ống bút hoặc hộp mực và không thể hòa tan bằng cách xoay nhẹ</li></ul><p><br></p><ul><li class=\"ql-indent-1\">Sản phẩm hết hạn</li></ul><p><br></p><ul><li class=\"ql-indent-1\">Sản phẩm bị đóng băng hoặc tiếp xúc với nhiệt độ cao</li></ul><p><br></p><ul><li class=\"ql-indent-1\">Lọ đựng, bút hoặc hộp mực đã được sử dụng hoặc đã để ngoài tủ lạnh lâu hơn 1 tháng</li></ul><p><br></p><h2><strong>Một số lưu ý khi sử dụng các loại insulin</strong></h2><p><img src=\"https://cdn.hellobacsi.com/wp-content/uploads/2024/01/mot-so-luu-y-khi-dung-cac-loai-insulin.jpg\" alt=\"một số lưu ý khác khi dùng insulin\" height=\"667\" width=\"1000\"></p><p><br></p><ul><li>Hầu hết insulin đều trong suốt nhưng một số loại lại có màu đục (do được thêm hợp chất giúp làm chậm tốc độ hấp thu). Nếu bạn dùng các loại insulin này, nên lắc kỹ trước khi sử dụng bằng cách nhẹ nhàng lộn ngược 10-15 lần. Không nên lắc mạnh vì sẽ tạo ra bọt khí dẫn đến chia liều lượng không chính xác.</li></ul><p><br></p><ul><li>Liều insulin có thể cần thay đổi theo thời gian và vì nhiều lý do, chẳng hạn thay đổi chế độ tập luyện, ăn uống, thuốc, bệnh mắc kèm, tăng cân hoặc giảm cân,… Tái khám thường xuyên để bác sĩ đánh giá và hiệu chỉnh liều.</li></ul><p><br></p><ul><li>Ghi lại mức đường huyết thường xuyên (ít nhất 1 lần trước bữa ăn, nhiều hơn nếu được yêu cầu) giúp bạn và bác sĩ biết khi nào cần điều chỉnh liều lượng insulin.</li><li>Trước khi sử dụng bệnh nhân cần học cách tính toán lượng carbohydrate nạp vào để tính toán lượng insulin.</li></ul><p><br></p><ul><li>Tác dụng không mong muốn thường gặp là hạ đường huyết, phản ứng dị ứng, loạn dưỡng mô mỡ và tăng cân.&nbsp;Hạ đường huyết&nbsp;là một tác dụng phụ nguy hiểm đến tính mạng, bệnh nhân và người chăm sóc cần nắm rõ về tình trạng này để nhận biết và xử trí kịp thời.</li></ul><p><br></p><p><span style=\"color: rgb(38, 38, 38);\">Nếu bắt đầu sử dụng, người bệnh có thể cảm thấy choáng ngợp vì có quá nhiều các loại insulin. Hãy từ từ làm quen và trao đổi với bác sĩ khi có bất kỳ thắc mắc hay khó khăn nào để đảm bảo liệu trình điều trị hiệu quả, an toàn nhé!</span></p>', NULL, '235523484', '2023-09-17 16:02:01', '1', '1', '1', '20', '1'),
('3', 'https://res.cloudinary.com/doccomming/image/upload/v1715937057/enzccmw4ofqhjugeskqw.webp', 'Bệnh tiểu đường nguy hiểm như thế nào?', 'Tiểu đường là một căn bệnh mạn tính và ngày càng trở nên phổ biến trên toàn thế giới. Bệnh ảnh hưởng đến hàng triệu người, có thể gây ra nhiều biến chứng và nguy hiểm đáng kể nếu không được kiểm soát tốt. Trên thực tế, tiểu đường có thể ảnh hưởng đến nhiều cơ quan và hệ thống trong cơ thể, gây ra nhiều vấn đề sức khỏe nghiêm trọng. Trong bài viết này, chúng ta sẽ tìm hiểu bệnh tiểu đường nguy hiểm như thế nào và tại sao nó cần được kiểm soát một cách nghiêm túc?', '<h2><strong>Bệnh tiểu đường là gì?</strong></h2><p><br></p><p>Bệnh tiểu đường (đái tháo đường) là một căn bệnh mạn tính ảnh hưởng đến cách cơ thể sử dụng đường (glucose). Glucose là nguồn cung cấp năng lượng chính cho cơ thể và đến từ thực phẩm bạn ăn. Insulin – một loại hormone được sản xuất bởi tuyến tụy – giúp glucose từ máu đi vào tế bào để sử dụng làm năng lượng. Nếu mắc bệnh tiểu đường, cơ thể không thể hấp thụ đường (glucose) vào tế bào và sử dụng nó làm năng lượng. Điều này dẫn đến sự tích tụ đường trong máu.</p><p>Có 2 loại bệnh tiểu đường chính:</p><p><br></p><ul><li><strong>Tiểu đường tuýp 1:</strong>&nbsp;Cơ thể không thể sản xuất insulin. Điều này thường xảy ra ở trẻ em và thanh thiếu niên, nhưng cũng có thể xảy ra ở người lớn.</li></ul><p><br></p><ul><li><strong>Tiểu đường tuýp 2:</strong>&nbsp;Cơ thể không sử dụng insulin hiệu quả hoặc không sản xuất đủ insulin. Đây là dạng bệnh tiểu đường phổ biến nhất.</li></ul><p><br></p><h2><strong>Bệnh tiểu đường nguy hiểm như thế nào?</strong></h2><p><br></p><h3><strong>Biến chứng của bệnh tiểu đường</strong></h3><p><br></p><p><img src=\"https://cdn.hellobacsi.com/wp-content/uploads/2024/04/Benh-tieu-duong-nguy-hiem-nhu-the-nao-va-cac-bien-chung.jpg\" alt=\"Bệnh tiểu đường nguy hiểm như thế nào và các biến chứng\" height=\"667\" width=\"1000\"></p><p><br></p><p>Bệnh tiểu đường nguy hiểm như thế nào? Bệnh ảnh hưởng đến nhiều cơ quan và hệ thống trong cơ thể, cụ thể như sau:</p><ul><li><strong>Tác động lên hệ thống tim mạch:</strong>&nbsp;Một trong những tác động nguy hiểm nhất của bệnh là tác động lên hệ thống&nbsp;tim mạch. Người mắc bệnh tiểu đường có nguy cơ cao mắc bệnh động mạch vành, đau tim, suy tim, tăng huyết áp và đột quỵ. Bệnh tim mạch là nguyên nhân hàng đầu gây tử vong ở người mắc bệnh tiểu đường.</li></ul><p><br></p><ul><li><strong>Tác động lên hệ thống thần kinh:&nbsp;</strong>Tiểu đường có thể gây tổn thương dây thần kinh, gọi là&nbsp;bệnh thần kinh tiểu đường. Điều này gây ra các triệu chứng như đau nhức, tê bì, ngứa ran và giảm cảm giác ở các chi (bàn tay, bàn chân). Tổn thương thần kinh ở bàn chân có thể dẫn đến cắt cụt chi. Tổn thương dây thần kinh liên quan đến hệ thống tiêu hóa có thể gây ra vấn đề với dạ dày và ruột.</li></ul><p><br></p><ul><li><strong>Tác động lên thận:</strong>&nbsp;Bệnh tiểu đường có thể gây suy thận, một biến chứng nguy hiểm khác. Khi thận bị tổn thương, chức năng lọc và loại bỏ chất thải khỏi cơ thể bị suy giảm, dẫn đến tăng nguy cơ mắc&nbsp;bệnh thận&nbsp;mạn tính và thậm chí là suy thận hoàn toàn.</li></ul><p><br></p><ul><li><strong>Tác động lên mắt:</strong>&nbsp;Bệnh tiểu đường có thể gây tổn thương mạch máu và thần kinh trong mắt, gây ra các vấn đề về thị lực. Một trong những biến chứng phổ biến nhất của bệnh tiểu đường là đục thủy tinh thể, một tình trạng mờ mắt có thể dẫn đến mất thị lực (mù lòa).&nbsp;Bệnh tiểu đường là nguyên nhân hàng đầu gây mù lòa ở người lớn tuổi.</li></ul><p><br></p><h3><strong>Bệnh tiểu đường nguy hiểm như thế nào? Bệnh làm suy yếu hệ thống miễn dịch</strong></h3><p><br></p><p>Bệnh tiểu đường cũng có thể làm suy yếu hệ miễn dịch trong cơ thể, làm tăng nguy cơ mắc các bệnh nhiễm trùng. Người bệnh tiểu đường thường dễ bị nhiễm trùng da, nhiễm trùng nướu răng, nhiễm trùng đường tiết niệu và viêm phổi. Nếu không được điều trị kịp thời, các nhiễm trùng này có thể lan rộng và gây ra thêm nhiều biến chứng nguy hiểm khác.</p><p><br></p><h3><strong>Ảnh hưởng tâm lý</strong></h3><p><img src=\"https://cdn.hellobacsi.com/wp-content/uploads/2024/04/Benh-tieu-duong-nguy-hiem-nhu-the-nao-anh-huong-tam-ly.jpg\" alt=\"Bệnh tiểu đường nguy hiểm như thế nào? Ảnh hưởng tâm lý\" height=\"667\" width=\"1000\"></p><p><br></p><p>Bệnh tiểu đường nguy hiểm như thế nào? Bệnh tiểu đường còn liên quan mật thiết đến các vấn đề sức khỏe tâm lý. Các nghiên cứu cho thấy người mắc tiểu đường có nguy cơ cao hơn mắc các rối loạn tâm lý như trầm cảm và lo âu. Thêm vào đó, căng thẳng trong quá trình điều trị và kiểm soát đường huyết, cũng như đối mặt với các biến chứng có thể tạo ra áp lực lớn cho người bệnh.</p><p><br></p><h3><strong>Giảm chất lượng cuộc sống</strong></h3><p><br></p><p>Sự nguy hiểm của bệnh tiểu đường cũng được thể hiện qua việc tác động tiêu cực đến chất lượng cuộc sống. Đây là một căn bệnh mạn tính nên người bệnh tiểu đường thường phải tuân thủ chế độ ăn uống nghiêm ngặt, kiểm soát mức đường huyết hàng ngày và thường xuyên uống thuốc trong suốt quãng đời còn lại. Điều này có thể gây ra nhiều khó khăn trong sinh hoạt và căng thẳng trong cuộc sống hàng ngày. Bên cạnh đó, bệnh tiểu đường có thể dẫn đến giảm chất lượng cuộc sống do các biến chứng và hạn chế về hoạt động thể chất.</p><p><br></p><h2><strong>Hiểu rõ bệnh tiểu đường nguy hiểm như thế nào để chủ động kiểm soát bệnh</strong></h2><p><br></p><p>Để giảm mức độ nguy hiểm của bệnh tiểu đường, việc kiểm soát bệnh là vô cùng quan trọng. Mục tiêu là luôn duy trì mức đường huyết ổn định. Bệnh nhân nên thực hiện kiểm soát bệnh bằng cách:</p><p><br></p><p><img src=\"https://cdn.hellobacsi.com/wp-content/uploads/2024/04/Benh-tieu-duong-nguy-hiem-nhu-the-nao-va-cach-kiem-soat.jpg\" alt=\"Bệnh tiểu đường nguy hiểm như thế nào và cách kiểm soát\" height=\"667\" width=\"1000\"></p><p><br></p><ul><li><strong><em>Duy trì chế độ ăn uống lành mạnh:&nbsp;</em></strong>Một chế độ ăn uống lành mạnh và cân đối là yếu tố quan trọng trong việc kiểm soát bệnh tiểu đường. Hãy tăng cường tiêu thụ các loại thực phẩm giàu chất xơ, ít tinh bột, ít đường và ít chất béo trong khẩu phần ăn hàng ngày. Đồng thời, quan tâm đến lượng calo tiêu thụ để duy trì cân nặng và cân bằng mức đường huyết.</li></ul><p><br></p><ul><li><strong><em>Tập thể dục đều đặn:</em></strong>&nbsp;Hoạt động thể chất đều đặn giúp cải thiện độ nhạy insulin trong cơ thể, giúp kiểm soát đường huyết và giảm nguy cơ mắc các biến chứng của bệnh tiểu đường. Tập thể dục thường xuyên cũng giúp duy trì cân nặng hợp lý, cải thiện sức khỏe tim mạch và tăng cường sức khỏe tổng thể.</li></ul><p><br></p><ul><li><strong><em>Đo đường huyết định kỳ:</em></strong>&nbsp;Việc đo đường huyết định kỳ và theo dõi mức độ kiểm soát bệnh tiểu đường là rất quan trọng. Điều này giúp phát hiện sớm các biến chứng có thể xảy ra và điều chỉnh phương pháp điều trị một cách thích hợp.&nbsp;Mục tiêu là ngăn chặn hoặc giảm thiểu mức độ nguy hiểm của bệnh tiểu đường.</li></ul><p><br></p><ul><li><strong><em>Tuân thủ điều trị:</em></strong>&nbsp;Việc tuân thủ đúng chỉ định điều trị bệnh tiểu đường của bác sĩ là rất quan trọng. Điều này bao gồm việc sử dụng thuốc đường uống, tiêm insulin (nếu cần), kiểm soát cân nặng, tuân thủ chế độ ăn uống và lịch tập thể dục. Đồng thời, thăm khám sức khỏe định kỳ thường xuyên để phát hiện và điều trị các vấn đề sức khỏe liên quan đến bệnh tiểu đường nếu có.</li></ul><p><br></p><ul><li><strong><em>Chuẩn bị tâm lý và kiến thức:</em></strong>&nbsp;Người bệnh cần có kiến thức đúng về bệnh, hiểu rõ tác động của nó và biết cách xử lý các biến chứng có thể xảy ra.&nbsp;Việc thông tin và giáo dục về bệnh tiểu đường cũng rất quan trọng để nâng cao nhận thức và khả năng tự quản lý cho bệnh nhân.&nbsp;Đồng thời, người bệnh cũng nên tham gia vào các nhóm hỗ trợ và kết nối với&nbsp;cộng đồng&nbsp;người bệnh tiểu đường để có thêm sự hỗ trợ và khích lệ trong quá trình điều trị bệnh.</li></ul><p><br></p><p>Tóm lại, nếu thắc mắc bệnh tiểu đường nguy hiểm như thế nào thì đây là một căn bệnh nguy hiểm có thể gây ra nhiều biến chứng và ảnh hưởng đến nhiều cơ quan, hệ thống trong cơ thể. Việc quản lý bệnh tiểu đường một cách nghiêm túc và kiểm soát tốt đường huyết là cần thiết để giảm nguy cơ các biến chứng và duy trì sức khỏe tổng thể. Bằng cách tuân thủ chế độ ăn uống lành mạnh, tập thể dục đều đặn và tuân thủ đúng quy trình điều trị, người mắc bệnh tiểu đường có thể sống một cuộc sống khỏe mạnh và giảm mức độ nguy hiểm của bệnh ở mức tối thiểu.</p>', NULL, '235523484', '2023-10-17 16:10:58', '1', '3', '1', NULL, '1'),
('12', 'https://res.cloudinary.com/doccomming/image/upload/v1720638731/mwsmucpuzoe7bwq0dike.jpg', 'Ráy tai ướt có sao không? Ráy tai như thế nào là bình thường?', 'Ráy tai là một tình trạng sinh lý bình thường của cơ thể. Tùy thuộc vào cơ địa, hệ gene, môi trường sống… mà tính chất ráy tai của mỗi người sẽ khác nhau. Dẫu vậy, nhiều người vẫn lo lắng không biết ráy tai ướt có sao không?', '<h2><strong>Ráy tai là gì?</strong></h2><p>Ráy tai là một chất sáp bên trong tai do các tuyến trong ống tai (tuyến bã nhờn và tuyến ráy tai) sản xuất ra. Mục đích của ráy tai là bảo vệ vùng niêm mạc bên trong tai, duy trì độ pH phù hợp, tránh tình trạng tai bị khô và phòng ngừa tình trạng nhiễm trùng.</p><p>Hơn nữa, ráy tai cũng hoạt động như một lớp lót chống thấm cho ống tai. Đồng thời, với cơ chế tự đào thải ráy tai một cách tự nhiên của cơ thể, ráy tai giúp mang các tế bào da chết và các mảnh vụn bụi bẩn, vi khuẩn khác ra khỏi ống tai.</p><p>Ráy tai chứa chủ yếu là bã nhờn – tế bào da chết và lông kết hợp với một số chất khác nhau, bao gồm keratin, axit béo chuỗi dài, este sáp, cholesterol, squalen…</p><p><br></p><h2><strong>Giải đáp thắc mắc: Ráy tai ướt có sao không?</strong></h2><p><br></p><p><img src=\"https://cdn.hellobacsi.com/wp-content/uploads/2023/12/ray-tai-uot-1.jpg\" alt=\"cách làm sạch ráy tai ướt\" height=\"667\" width=\"1000\"></p><p><br></p><p>Nhiều người nhận ra rằng ráy tai của bản thân có dạng ướt, nhão trong khi ráy tai của những người khác lại khô. Điều này làm dấy lên thắc mắc: Ráy tai ướt có bình thường không? Ráy tai ướt có sao không?</p><p><br></p><p>Thực tế, ráy tai được phân thành hai kiểu: ráy tai ướt và ráy tai khô. Ráy tai ướt là sản phẩm bài tiết của tuyến đầu tiết ráy tai (ceruminous apocrine gland) với màu vàng hoặc nâu đặc trưng. Trong khi đó, ráy tai khô tượng trưng cho tình trạng thiếu hoặc giảm tiết ráy tai.</p><p><br></p><p>Loại ráy tai mà cơ thể bạn tiết ra phụ thuộc vào đặc điểm di truyền, cụ thể là phụ thuộc vào biến thể của gene ABCC11. Những người có biến thể trội thường có ráy tai ướt. Và ngược lại, người có biến thể lặn thường có ráy tai khô, bong tróc.</p><p><br></p><p>Có thể thấy, ráy tai ướt chỉ là một kiểu ráy tai bình thường, không phải dấu hiệu cảnh báo bệnh lý nguy hiểm. Do đó, bạn không cần quá lo lắng. Nghiên cứu còn cho thấy, có 80–95% những người gốc Đông Á có ráy tai khô, trong khi ráy tai ướt phổ biến ở những người gốc châu Âu và châu Phi.</p><p><br></p><h2><strong>Mách bạn cách làm sạch ráy tai ướt</strong></h2><p><br></p><p><img src=\"https://cdn.hellobacsi.com/wp-content/uploads/2023/12/ray-tai-uot-3.jpg\" alt=\"cách làm sạch ráy tai ướt\" height=\"677\" width=\"1000\"></p><p><br></p><p>Thực chất, ráy tai ướt có thể được đào thải một cách tự nhiên khi bạn cử động hàm, nói chuyện, nhai hoặc ngáp. Do đó, trong hầu hết các trường hợp, ráy tai không cần được đặc biệt loại bỏ. Tuy nhiên, nếu bạn đang tìm cách làm sạch ráy tai ướt an toàn, thì những hướng dẫn dưới đây có thể hữu ích.</p><p><br></p><p>Cách tốt nhất để giữ cho đôi tai khỏe mạnh và sạch sẽ là vệ sinh tai bằng nước ấm và khăn mềm khi đang tắm để rửa sạch ráy tai đang được đào thải ra khỏi ống tai. Đây là biện pháp nhẹ nhàng nhất</p><p>.&nbsp;</p><p>Trong trường hợp ráy tai ướt tích tụ quá nhiều, bạn cũng có thể thử cách làm sau:</p><p><br></p><ul><li>Nằm nghiêng một bên sao cho tai cần làm sạch hướng lên trên.</li></ul><p><br></p><ul><li>Sau đó, nhỏ một vài giọt oxy già hoặc dầu khoáng hoặc dầu trẻ em vào mỗi tai. Lưu ý rằng oxy già có thể làm khô vùng da mỏng manh của ống tai.</li></ul><p><br></p><ul><li>Để yên trong khoảng 5 phút để chất lỏng thấm vào và làm mềm ráy tai, từ đó giúp rửa sạch ráy tai dễ dàng hơn.&nbsp;</li></ul><p><br></p><p><span style=\"color: rgb(38, 38, 38);\">Hy vọng những thông tin trên đã giúp bạn biết được ráy tai ướt có sao không và cách xử lý khi ráy tai bị ướt là gì.</span></p>', NULL, '235523485', '2023-11-25 16:21:46', '20', '52', '1', '20', '1'),
('20', 'https://res.cloudinary.com/doccomming/image/upload/v1720513961/gujvvc2ijssdhyggevoo.jpg', 'Người bị hen suyễn khó thở nên làm gì?', 'Khó thở là một triệu chứng phổ biến của bệnh hen suyễn. Một số người có thể cảm thấy khó khăn khi hít thở sâu hoặc thở ra hơi dài. Một số khác có thể cảm rất khó thở khi đang nói, ăn hoặc ngủ. Vậy, bị hen suyễn khó thở nên làm gì?', '<h2><strong>Khó thở là dấu hiệu của một cơn hen suyễn</strong></h2><p><br></p><p>Hen suyễn là tình trạng các ống phế quản bị viêm và sưng lên, làm thu hẹp đường dẫn khí vào phổi, gây ra tình trạng khó thở. Khó thở là khi bạn cảm thấy không thể nạp đủ không khí vào phổi. Bạn sẽ có cảm giác tức ngực hoặc không thể thở sâu.</p><p>Khi lên cơn hen suyễn nhẹ, thở ra thường khó khăn hơn hít vào. Theo thời gian, tình trạng khó thở càng trở nên nghiêm trọng hơn. Khó thở đi kèm với tiếng thở khò khè, ho khan và đau tức ngực. Vì càng ngày càng khó thở ra nên việc hít vào cũng trở nên khó khăn hơn.</p><p>Tình trạng khó thở do lên cơn hen nhẹ có thể chỉ kéo dài vài phút, nhưng nặng hơn có thể kéo dài hàng giờ đến hàng ngày. Vậy, khi bị hen suyễn khó thở nên làm gì và cách chữa bệnh hen suyễn tại nhà ra sao?</p><p><br></p><h2><strong>Bị hen suyễn khó thở nên làm gì?</strong></h2><h3>Bị hen suyễn khó thở nên làm gì? Thực hiện các biện pháp khắc phục tạm thời</h3><h3><strong>1. Ngồi thẳng lưng và giữ bình tĩnh</strong></h3><p>Bị hen suyễn khó thở nên làm gì? Bạn hãy cố gắng ngồi thẳng lưng và đừng nên nằm xuống. Ngồi thẳng lưng sẽ giúp mở rộng đường thở, hỗ trợ luồng không khí di chuyển qua phổi dễ dàng hơn.</p><p><br></p><p>Đồng thời, cố gắng giữ bình tĩnh và tránh hoảng loạng. Việc căng thẳng, lo sợ và hoảng loạn khi lên cơn hen suyễn có thể làm cho triệu chứng khó thở trở nên nghiêm trọng hơn.</p><p><br></p><h3><strong>2. Dùng thuốc hít hen suyễn tác dụng nhanh</strong></h3><p>Thuốc hít hen suyễn tác dụng nhanh hay còn được gọi là thuốc giãn phế quản có tác dụng nhanh làm giãn đường thở đang bị viêm, sưng tấy, nhằm làm dịu tình trạng khó thở khi lên cơn hen suyễn. Thuốc phát huy tác dụng chữa hen suyễn ngay trong vòng vài phút và tác dụng có thể kéo dài trong khoảng 4 giờ.</p><p><br></p><p><img src=\"https://cdn.hellobacsi.com/wp-content/uploads/2022/08/bi_hen_suyen_kho_tho_nen_lam_gi_dung_thuoc_hit_1170159532.jpg\" alt=\"bị hen suyễn khó thở nên làm gì dùng thuốc\" height=\"667\" width=\"1000\"></p><p><br></p><p>Bị hen suyễn khó thở nên làm gì? Bạn cần sử dụng ngay một trong các loại thuốc sau đây để làm dịu triệu chứng ngay lập tức:</p><ul><li><strong><em>Thuốc chủ vận beta tác dụng ngắn.</em></strong>&nbsp;Các loại thuốc giãn phế quản dạng hít này có tác dụng trong vòng vài phút để giảm nhanh các triệu chứng khó thở trong cơn hen suyễn, bao gồm albuterol&nbsp;và levalbuterol. Bạn có thể sử dụng thuốc thông qua ống hít cầm tay hoặc máy phun sương.</li></ul><p><br></p><ul><li><strong><em>Thuốc kháng cholinergic.</em></strong>&nbsp;Đây cũng là một loại thuốc giãn phế quản bao gồm ipratropium&nbsp;và&nbsp;tiotropium có tác dụng nhanh chóng làm giãn đường thở ngay lập tức, giúp bạn thở dễ dàng hơn.</li></ul><p><br></p><ul><li><strong><em>Corticosteroid đường uống và tiêm tĩnh mạch.</em></strong>&nbsp;Những loại thuốc này bao gồm prednisone&nbsp;và&nbsp;methylprednisolone&nbsp;giúp làm giảm viêm đường thở do hen suyễn nặng. Những loại thuốc này chỉ được chỉ định sử dụng ngắn hạn để điều trị các triệu chứng hen suyễn nặng.</li></ul><p><br></p><p>Người bệnh hen suyễn nên luôn mang theo ống thuốc hít bên người để dùng ngay lập tức khi lên cơn hen và cần tuyệt đối tuân thủ theo chỉ định của bác sĩ điều trị.</p><p><br></p><h3><strong>3. Thực hiện các bài tập thở</strong></h3><p>Bị hen suyễn khó thở nên làm gì? Các các bài tập hít thở có thể giúp giữ cho đường thở mở lâu hơn và dễ thở hơn ngay lập tức.</p><ul><li>Thở môi mím chặt: Hãy hít vào bằng mũi và thở ra bằng đôi môi mím chặt. Hơi thở ra phải dài ít nhất gấp đôi lần hít vào.</li><li>Thở bụng: Hít vào bằng mũi với hai tay đặt trên bụng. Thở ra với cổ và vai thư giãn. Thở ra nên kéo dài hơn hai hoặc ba lần so với khi hít vào.</li></ul><p><br></p><h3><strong>4. Gọi cấp cứu</strong></h3><p>Khi tình trạng trở nên nghiêm trọng thì bị hen suyễn khó thở nên làm gì? Lúc này, bạn cần gọi cấp cứu ngay lập tức. Hãy đến bệnh viện nếu tình trạng khó thở kéo dài hơn 30 phút và cản trở các hoạt động hàng ngày mà bạn đang thực hiện như ăn uống, nói chuyện hoặc nghỉ ngơi.</p><p><br></p><p>Hãy gọi cấp cứu nếu có các triệu chứng sau đây:</p><ul><li>Khó thở nghiêm trọng, đặc biệt là khi ăn, nói hoặc ngủ</li><li>Thở khò khè</li><li>Ngón tay hoặc môi xanh</li><li>Đau tức ngực, đặc biệt nếu kèm theo đổ mồ hôi và buồn nôn</li><li>Tim đập nhanh (nhịp tim nhanh hoặc không đều)</li><li>Sốt cao</li><li>Mắt cá chân hoặc bàn chân bị sưng</li><li>Ho trở nên nghiêm trọng và liên tục</li><li>Lú lẫn</li><li>Chóng mặt</li><li>Ngất xỉu.</li></ul><p><br></p><h2><strong>Bị hen suyễn khó thở nên làm gì? Thăm khám và điều trị lâu dài</strong></h2><h3><strong>1. Tuân thủ theo chỉ định của bác sĩ</strong></h3><p>Bị hen suyễn khó thở nên làm gì? Mặc dù bệnh hen suyễn không chữa khỏi, nhưng việc dùng thuốc theo đúng chỉ định của bác sĩ sẽ giúp bạn kiểm soát được các triệu chứng khó thở và ngăn ngừa các cơn hen suyễn xảy ra trong tương lai.</p><p><br></p><p><img src=\"https://cdn.hellobacsi.com/wp-content/uploads/2022/08/bi_hen_suyen_nen_lam_gi_tham_kham_bac_si_1018037104.jpg\" alt=\"bị hen suyễn nên làm gì thăm khám bác sĩ\" height=\"666\" width=\"1000\"></p><p><br></p><p>Bác sĩ có thể chỉ định bạn dùng hàng ngày các loại thuốc kiểm soát hen suyễn lâu dài sau đây:</p><ul><li><strong><em>Corticoid dạng hít.</em></strong>&nbsp;Các loại thuốc này bao gồm fluticasone propionate, budesonide, ciclesonide, beclomethasone, mometasone. Bạn có thể cần sử dụng những loại thuốc này trong vài ngày đến vài tuần trước khi chúng phát huy hiệu quả tối đa.</li></ul><p><br></p><ul><li><strong><em>Thuốc đối kháng thụ thể leukotriene.</em></strong>&nbsp;Các loại thuốc uống này bao gồm montelukast, zafirlukast và zileuton giúp làm giảm các triệu chứng hen suyễn</li></ul><p><br></p><ul><li><strong><em>Thuốc hít kết hợp.</em></strong>&nbsp;Chẳng hạn như fluticasone-salmeterol, budesonide-formoterol, formoterol-mometasone và fluticasone furoate-vilanterol chứa chất chủ vận beta tác dụng kéo dài cùng với corticosteroid.</li></ul><p><br></p><ul><li><strong><em>Theophylline.</em></strong>&nbsp;Theophylline là viên uống hàng ngày giúp giữ cho đường thở mở bằng cách thư giãn các cơ xung quanh đường thở.</li></ul><p><br></p><h3><strong>2. Tránh xa các tác nhân kích thích cơn hen</strong></h3><p>Bị hen suyễn khó thở nên làm gì? Tránh xa các tác nhân có thể là nguyên nhân kích thích phổi và làm trầm trọng hơn triệu chứng khó thở, như các chất gây dị ứng, bao gồm phấn hoa, cỏ dại, mạt bụi, gián hoặc lông động vật. Các tác nhân phổ biến khác là các chất gây kích ứng trong không khí, chẳng hạn như khói xe, mùi sơn, khói hóa chất, mùi nước hoa.</p><p><br></p><p><img src=\"https://cdn.hellobacsi.com/wp-content/uploads/2022/08/bi_hen_suyen_kho_tho_nen_lam_gi_2063929043.jpg\" alt=\"bị hen suyễn nên làm gì\" height=\"667\" width=\"1000\"></p><p><br></p><h3><strong>3. Duy trì thói quen lành mạnh</strong></h3><p>Một số những thói quen lành mạnh sau đây mà bạn nên làm và duy trì để bảo vệ sức khỏe phổi:</p><p><br></p><ul><li><strong><em>Bỏ hút thuốc lá.</em></strong>&nbsp;Ngừng hút thuốc có thể làm giảm đáng kể mức độ nghiêm trọng và tần suất của các triệu chứng hen suyễn.</li></ul><p><br></p><ul><li><strong><em>Tập thể dục phù hợp.</em></strong>&nbsp;Một số người có thể bị kích thích cơn hen suyễn khi tập thể dục, tuy nhiên, đa số thì không. Bị hen suyễn khó thở nên làm gì? Tham khảo ý kiến bác sĩ để có những bài tập phù hợp với thể chất và tình trạng bệnh, nhằm giúp cải thiện chức năng phổi.</li></ul><p><br></p><ul><li><strong><em>Ăn uống lành mạnh.</em></strong>&nbsp;Béo phì, thừa cân có thể làm triệu chứng khó thở do hen suyễn trở nên nghiêm trọng hơn. Cố gắng có một chế độ cân bằng và lành mạnh nhằm duy trì cân nặng hợp lý.</li></ul><p><br></p><ul><li><strong><em>Giữ ấm cơ thể.</em></strong>&nbsp;Thời tiết lạnh có thể kích hoạt triệu chứng khó thở do hen suyễn. Cố gắng giữ ấm cơ thể bằng găng tay, khăn choàng, áo khoác và mũ nón. Quấn một chiếc khăn mỏng qua mũi và miệng để giúp làm ấm không khí trước khi bạn hít thở nó.</li></ul><p><br></p><ul><li><strong><em>Hít vào bằng mũi thay vì bằng miệng.</em></strong>&nbsp;Mũi của bạn sẽ làm ấm không khí khi bạn thở.</li></ul><p><br></p><ul><li><strong><em>Tiêm ngừa.</em></strong>&nbsp;</li></ul><p><br></p>', NULL, '235523484', '2023-12-09 15:32:41', '3', '8', '1', '14', '1'),
('21', 'https://res.cloudinary.com/doccomming/image/upload/v1720514387/jjrw8r6qaykovf2ctyzb.jpg', 'Lên kế hoạch chăm sóc bệnh nhân bệnh phổi tắc nghẽn mạn tính (COPD)', 'COPD thường xuất hiện ở những người trên 40 tuổi do đó họ thường gặp khó khăn trong việc tự chăm sóc và điều trị bệnh. Lúc này, sự hỗ trợ từ những người thân trong gia đình là rất cần thiết. Tuy nhiên, để có thể giúp đỡ người bệnh tốt nhất, người chăm sóc cần hiểu rõ vai trò của mình và có kế hoạch chăm sóc bệnh nhân COPD rõ ràng.', '<p><span style=\"color: rgb(38, 38, 38);\">COPD đang ngày càng phổ biến trên thế giới. Nó là một trong mười nguyên nhân chính gây suy giảm chất lượng cuộc sống và là một trong ba bệnh (tim mạch và tai biến mạch máu não) có tỷ lệ tử vong cao trên thế giới.</span></p><p><br></p><p><span style=\"color: rgb(38, 38, 38);\">Với vai trò là người hỗ trợ, bạn cần phải rõ hiểu tầm quan trọng của bản thân và có kế hoạch chăm sóc người thân mắc bệnh COPD hiệu quả. Để hiểu rõ hơn về vấn đề này, mời bạn tham khảo bài viết sau đây.&nbsp;</span></p><p><br></p><h2><strong>Vai trò của người chăm sóc bệnh nhân COPD</strong></h2><p><br></p><p><img src=\"https://cdn.hellobacsi.com/wp-content/uploads/2020/11/cham-soc-benh-nhan-copd.jpg\" alt=\"chăm sóc bệnh nhân copd\" height=\"654\" width=\"1000\"></p><p><br></p><p>Sự hiểu biết và thái độ của người chăm sóc có tác động đáng kể đến tình trạng và chất lượng cuộc sống của người bệnh.</p><p>Lập kế hoạch chăm sóc bệnh nhân COPD có thể gặp nhiều khó khăn trong giai đoạn đầu, đặc biệt là đối với những người lần đầu chăm bệnh. Tuy nhiên, nếu có đủ kiến thức về bệnh và quan trọng hơn là sự quan tâm dành cho người bệnh, bạn sẽ sắp xếp ổn thỏa mọi thứ.</p><p><br></p><h2><strong>Giúp người bệnh không đơn độc</strong></h2><p><br></p><p>Khi bệnh COPD tiến triển và gây ra các đợt cấp, người bệnh gần như mất khả năng tự chăm sóc bản thân nên cần được người nhà hỗ trợ trong sinh hoạt thường ngày.</p><p><br></p><p>Hơn nữa, do chất lượng cuộc sống giảm nên tinh thần người bệnh sẽ suy sụp đáng kể. Họ sẽ cảm thấy đau buồn, lo lắng, hoảng sợ, thậm chí là trầm cảm vì bao dự định còn dang dở, không thể thực hiện được. Do đó, sự chăm sóc tích cực của người thân đóng vai trò rất quan trọng trong việc xoa dịu tinh thần người bệnh, giúp họ nhận ra bản thân không hề đơn độc trong “cuộc chiến” với bệnh COPD.</p><p><br></p><h2><strong>Thái độ của người chăm sóc có ảnh hưởng đến tình trạng của bệnh nhân COPD</strong></h2><p><br></p><p>Chăm sóc bệnh nhân COPD là việc đòi hỏi nhiều sự đầu tư về thời gian, thể chất và tình cảm. Điều đó có nghĩa là khi người chăm sóc khỏe mạnh, vui vẻ và yêu thương người bệnh thì mới có thể làm tốt công việc và trách nhiệm của mình.</p><p><br></p><p>Khi các đợt cấp của COPD thường xuyên xảy ra, cuộc sống của người bệnh gần như phụ thuộc hoàn toàn vào người thân. Điều này đôi lúc sẽ khiến người chăm sóc mệt mỏi, cáu gắt. Tuy nhiên, bạn cần biết rằng thái độ của bạn có thể ảnh hưởng không nhỏ đến tinh thần bệnh nhân.&nbsp;</p><p><br></p><p>Thực tế, việc phụ thuộc vào sự giúp đỡ của người thân đã khiến người bệnh không thoải mái vì họ cảm thấy mình là gánh nặng trong gia đình. Nếu nhìn thấy thái độ tiêu cực của người thân, họ sẽ càng thấy khó chịu và suy sụp hơn. Đôi khi, người bệnh sẽ “thỏa hiệp” với bệnh để không làm phiền người khác.</p><p>&nbsp;</p><p>Do đó, dù có đôi lúc mệt mỏi, bạn hãy luôn giữ thái độ vui vẻ và lạc quan đối với người bệnh. Điều này sẽ góp phần không nhỏ đến hiệu quả của việc điều trị COPD.</p><p><br></p><p>Chăm sóc bệnh nhân COPD là việc đòi hỏi nhiều sự đầu tư về thời gian, thể chất và tình cảm. Điều đó nghĩa là khi người chăm sóc khỏe mạnh, vui vẻ và yêu thương người bệnh thì mới có thể làm tốt công việc và trách nhiệm của mình.</p><p><br></p><h2><strong>Kế hoạch chăm sóc bệnh nhân COPD</strong></h2><p><img src=\"https://cdn.hellobacsi.com/wp-content/uploads/2020/11/cham-soc-benh-phoi-tac-nghen-man-tinh.jpg\" alt=\"chăm sóc bệnh phổi tắc nghẽn mạn tính\" height=\"667\" width=\"1000\"></p><p><br></p><p>COPD không thể chữa khỏi hoàn toàn. Bệnh tiến triển nhanh hay chậm phụ thuộc rất lớn vào quá trình người bệnh được chăm sóc. Vì thế, kế hoạch chăm sóc bệnh nhân COPD có ý nghĩa quan trọng trong việc giúp cả người thân và người bệnh kiểm soát diễn biến bệnh.</p><p>Kế hoạch chăm sóc bệnh nhân COPD cần đảm bảo những tiêu chí cơ bản, bao gồm:</p><h2><strong>Hỗ trợ người bệnh tái khám định kỳ theo đúng lịch hẹn của bác sĩ</strong></h2><p>Hầu hết người mắc COPD là trên 40 tuổi nên việc bệnh nhân quên lịch tái khám là điều thường xảy ra. Trong vai trò chăm sóc người bệnh COPD, bạn cần thay người bệnh ghi nhớ và đưa họ đi khám đúng lịch.&nbsp;</p><p><br></p><p>Điều này sẽ giúp bác sĩ theo dõi chặt chẽ diễn tiến bệnh COPD, từ đó hạn chế khả năng xuất hiện các đợt cấp cũng như ngăn ngừa những biến chứng liên quan đến căn bệnh này.&nbsp;</p><p><br></p><h2><strong>Theo sát việc dùng thuốc điều trị của bệnh nhân</strong></h2><p><br></p><p>Đối với người mắc bệnh phổi tắc nghẽn mạn tính, việc sử dụng thuốc điều trị đúng kỹ thuật, đúng giờ và đủ liều lượng có ý nghĩa quyết định đến tốc độ tiến triển của bệnh.</p><p><br></p><p>Việc nhắc nhở người bệnh sử dụng thuốc đúng giờ sẽ giúp họ hình thành thói quen để tránh quên thuốc hoặc vô tình dùng gấp đôi liều. Điều này có ảnh hưởng không nhỏ đến kết quả điều trị.</p><p><br></p><h2><strong>Tìm hiểu thông tin về bệnh COPD</strong></h2><p><br></p><p>Am hiểu về bệnh phổi tắc nghẽn mạn tính sẽ giúp bạn có kế hoạch chăm sóc bệnh nhân COPD đúng đắn, đồng thời hỗ trợ quá trình điều trị bệnh hiệu quả.</p><p><br></p><p>Do hầu hết người mắc phổi tắc nghẽn mạn tính là trên 40 tuổi, họ thường ít tiếp xúc với internet để tìm hiểu về căn bệnh mà mình đang mắc. Vì vậy, người bệnh sẽ không hiểu rõ mức độ nghiêm trọng hay biến chứng của COPD và không điều trị theo đúng chỉ định của bác sĩ.</p><p>Với vai trò là người chăm sóc, bạn cần phải hiểu rõ về bệnh, như các triệu chứng điển hình, các phương pháp điều trị và các dấu hiệu của đợt cấp COPD (tần suất và mức độ nghiêm trọng). Từ đó, bạn có thể kịp thời đưa người bệnh đi khám nếu thấy bệnh phổi tắc nghẽn mạn tính tiến triển để phòng tránh các biến chứng nghiêm trọng.&nbsp;</p><p><br></p><h2><strong>Khi nào nên đưa người thân đi khám sàng lọc COPD?</strong></h2><p>Việc khám sàng lọc COPD có ý nghĩa quan trọng trong việc phát hiện và điều trị bệnh COPD sớm, giúp làm chậm quá trình bệnh tiến triển và kéo dài thời gian sống.</p><p><br></p><p>Nếu bạn thấy người thân có các dấu hiệu sau:</p><ul><li>Cơn ho bị ảnh hưởng bởi thời tiết&nbsp;</li><li>Ho khạc ra đàm khi không bị cảm lạnh</li><li>Thỉnh thoảng thở khò khè và tần suất ngày càng tăng dần</li><li>Thường hay bị khó thở</li></ul><p><br></p><p>Đồng thời, có các yếu tố nguy cơ sau:</p><ul><li>Trên 40 tuổi</li><li>Đã hoặc đang hút thuốc lá</li></ul><p><br></p>', NULL, '235523484', '2023-08-09 15:39:48', '3', '9', '1', '14', '1'),
('22', 'https://res.cloudinary.com/doccomming/image/upload/v1720514658/hnc4cgq0563wzt60f3kk.jpg', 'Trái cây tốt cho người bệnh lao phổi', 'Riêng với người bệnh lao phổi, không có món ăn đặc biệt nào được khuyến cáo. Tuy nhiên, nếu biết kết hợp thêm trái cây tốt cho người bệnh lao phổi vào chế độ ăn, bên cạnh phác đồ điều trị lao, bạn sẽ phục hồi nhanh hơn.', '<h2><strong>Người bệnh lao phổi nên ăn trái cây gì? Nhóm trái cây tốt cho người bệnh lao phổi</strong></h2><p><br></p><p>Lao là bệnh do vi khuẩn gây ra. Vì vậy, để mau chóng phục hồi, bạn cần cung cấp đủ dinh dưỡng cho cơ thể nhằm tăng cường khả năng chống lại vi khuẩn.</p><p><br></p><p>Trái cây là nguồn cung cấp vitamin, khoáng chất và chất xơ dồi dào. Hơn thế nữa, người bị lao phổi thường chán ăn, trong khi trái cây có vị chua hoặc ngọt, mùi thơm nên sẽ kích thích vị giác tốt hơn. Những người bị lao phổi được khuyên nên chọn trái cây sạch theo mùa, sẵn có tại địa phương.</p><p><br></p><p>Trái cây tốt cho người bệnh lao phổi là:</p><p><br></p><ul><li>Các loại có màu vàng cam như cam, xoài, đu đủ giàu vitamin A</li><li>Ổi, cà chua, chanh giàu vitamin C</li><li>Lựu cũng đã được chứng minh chứa các hợp chất có hiệu lực kháng lao và kháng khuẩn tốt</li><li>Một nghiên cứu tại Indonesia cho thấy probiotic phân lập từ trái chanh dây đỏ giúp làm tăng nồng độ IFN-y – hợp chất quan trọng việc kích hoạt đại thực bào để chống lại vi khuẩn lao ở bệnh nhân lao trưởng thành</li><li>Ăn nhiều trái cây và quả mọng nói chung (nho, mâm xôi, việt quất,…) cũng được chứng minh có thể giảm nguy cơ mắc bệnh lao.</li></ul><p><br></p><p><img src=\"https://cdn.hellobacsi.com/wp-content/uploads/2023/08/cac-loai-trai-cay-tot-cho-nguoi-benh-lao-phoi.jpg\" alt=\"các loại trái cây tốt cho người bệnh lao phổi\" height=\"667\" width=\"1000\"></p><p><br></p><h2><strong>Lưu ý khác trong chế độ ăn uống cho người bệnh lao</strong></h2><p><br></p><p>Người mắc bệnh lao nên hướng tới một chế độ ăn uống cân bằng lành mạnh. Bên cạnh trái cây tốt cho người bệnh lao phổi, bạn nên có bữa ăn đầy đủ dinh dưỡng với 4 nhóm thực phẩm sau đây:</p><ul><li>Ngũ cốc và đậu</li><li>Rau củ</li><li>Sữa và chất đạm từ sữa, thịt, trứng và cá</li><li>Dầu, chất béo và các loại hạt và dầu hạt.</li></ul><p><br></p><h3><strong>Ngũ cốc và đậu</strong></h3><p>Ngoài các loại ngũ cốc (nên chọn nguyên hạt), người bệnh lao được khuyến khích nên thêm các loại đậu trong bữa ăn. Chúng là nguồn cung cấp tinh bột, vitamin nhóm B và chất xơ dồi dào.</p><p><br></p><h3><strong>Chất đạm</strong></h3><p>Chất đạm nên được lấy từ cả hai nguồn là nguồn gốc động vật như sữa, trứng, thịt và cá hoặc nguồn thực vật như trong ngũ cốc và đậu. Riêng đối với người ăn chay, sự kết hợp giữa ngũ cốc và đậu có thể cung cấp lượng protein tương đương với lượng protein từ động vật.</p><p><br></p><p>Nhu cầu protein tăng lên ở người bệnh lao phổi có thể được đáp ứng bằng cách bổ sung đậu phộng, hoặc trái cây khô và hỗn hợp các loại hạt. Nếu bạn chán ăn, ăn uống kém thì hãy cắt nhỏ trái cây tốt cho người bệnh lao phổi kể trên, kết hợp với các loại hạt khô và trộn vào sữa chua hay sữa tươi.</p><p><br></p><h3><strong>Rau củ</strong></h3><p>Cùng với trái cây tốt cho người bệnh lao phổi, rau lá và các loại củ cũng là nguồn cung cấp vitamin và khoáng chất quan trọng. Chất xơ trong rau giúp bạn tránh tình trạng đầy bụng và tiêu hóa tốt hơn. Một nghiên cứu tại Trung Quốc đã chứng minh tăng tổng lượng rau củ ăn vào giúp giảm tỷ lệ thất bại trong điều trị bệnh lao phổi.</p><p><br></p><p>Bên cạnh rau xanh lá, bạn nên thêm bí đỏ, cà rốt, ớt chuông để nhận được nhiều chất chống oxy hóa hơn (vitamin A, C).</p><p><br></p><p><img src=\"https://cdn.hellobacsi.com/wp-content/uploads/2023/08/nhung-trai-cay-tot-cho-nguoi-benh-lao-phoi.jpg\" alt=\"những trái cây tốt cho người bệnh lao phổi\" height=\"667\" width=\"1000\"></p><p><br></p><h3><strong>Chất béo</strong></h3><p>Chất béo mang lại nguồn năng lượng dồi dào cho người bệnh lao phổi. Dù vậy, có nhiều loại chất béo và bạn chỉ nên chọn những nguồn tốt cho sức khỏe như:</p><ul><li>Dầu đậu nành, dầu mù tạt, dầu dừa</li><li>Các loại hạt như đậu phộng, hạnh nhân, hạt điều.</li></ul><p><br></p><p>Bên cạnh bổ sung các loại trái cây tốt cho người bệnh lao phổi cùng 4 nhóm dinh dưỡng thiết yếu, người bệnh lao cũng được khuyên nên tránh:</p><ul><li>Uống rượu dưới mọi hình thức vì nó sẽ làm tăng nguy cơ ngộ độc thuốc trị lao</li><li>Nước giải khát có ga</li><li>Uống quá nhiều trà, cà phê hoặc uống chúng cùng với thức ăn</li><li>Thuốc lá dưới mọi hình thức</li><li>Quá nhiều gia vị, ăn mặn.</li></ul><p><br></p>', NULL, '235523484', '2023-09-09 15:44:18', '3', '10', '1', '14', '1'),
('23', 'https://res.cloudinary.com/doccomming/image/upload/v1720515422/yxshkr5qlm1glzhtb3tc.jpg', 'Giải đáp: Bệnh ung thư phổi giai đoạn cuối sống được bao lâu?', 'Ung thư phổi được xếp vào nhóm các bệnh ung thư có tỷ lệ tử vong hàng đầu trên thế giới. Cũng chính vì vậy mà nhiều bệnh nhân đặt câu hỏi rằng bệnh ung thư phổi giai đoạn cuối sống được bao lâu? Trong bài viết này, hãy cùng DocComing giải đáp cho câu hỏi này, thông qua đó hiểu rõ hơn về quá trình chăm sóc và nâng cao chất lượng sống cho bệnh nhân ung thư phổi vào những giai đoạn cuối nhé!', '<h2><strong>Hiểu về bệnh ung thư phổi giai đoạn cuối</strong></h2><p><br></p><p>Trước khi đi tìm lời giải đáp cho câu hỏi ung thư phổi giai đoạn cuối sống được bao lâu, bạn cần hiểu rõ hơn về các giai đoạn của bệnh lý ung thư nguy hiểm này. Theo Ủy ban Liên hợp về Ung thư Hoa Kỳ (AJCC: the American Joint Committee on Cancer), ung thử phổi được phân loại dựa trên kích thước khối u và mức độ di căn (hay lan rộng). Hiện nay, ung thư phổi được chia thành giai đoạn từ 0 đến IV.</p><p><br></p><p>Ung thư phổi giai đoạn 4 (IV) có phải là giai đoạn cuối không? Ung thư phổi giai đoạn IV được xem là giai đoạn cuối (hay ung thư phổi di căn). Ở giai đoạn này, tế bào ung thư đã di căn đến nhiều khu vực trên cơ thể, có thể bao gồm di căn sang phổi còn lại, tràn dịch màng phổi, gan, não, tuyến thượng thận, mô mềm hay xương.</p><p><br></p><p><img src=\"https://cdn.hellobacsi.com/wp-content/uploads/2024/05/ung-thu-phoi-giai-doan-cuoi.jpg\" alt=\"ung thư phổi giai đoạn cuối\" height=\"563\" width=\"1000\"></p><p><br></p><p>Ung thư phổi cũng được chia thành hai loại chính, bao gồm ung thư phổi tế bào nhỏ (SCLC – Small Cell Lung Cancer) và ung thư phổi không tế bào nhỏ (NSCLC – Non Small Cell Lung Cancer). Ung thư phổi không phải tế bào nhỏ – loại phổ biến nhất, có kích thước lớn hơn dưới kính hiển vi so với ung thư phổi tế bào nhỏ và thường có tiên lượng tốt hơn so với ung thư phổi tế bào nhỏ.&nbsp;</p><p><br></p><h2><strong>Bệnh ung thư phổi giai đoạn cuối sống được bao lâu?&nbsp;</strong></h2><p>Bệnh nhân ung thư phổi giai đoạn cuối sống được bao lâu? Tiên lượng sống của bệnh nhân ung thư phổi phụ thuộc vào nhiều yếu tố, chẳng hạn như loại ung thư phổi là tế bào nhỏ hay không tế bào nhỏ, kích thước và mức độ di căn bao xa, khả năng đáp ứng với điều trị và tình trạng sức khỏe tổng thể của bệnh nhân.</p><p><img src=\"https://cdn.hellobacsi.com/wp-content/uploads/2024/05/ung-thu-phoi-giai-doan-cuoi-song-duoc-bao-lau.jpg\" alt=\"ung thư phổi giai đoạn cuối sống được bao lâu?\" height=\"667\" width=\"1000\"></p><p><br></p><p>Theo thống kê của Hiệp hội Ung thư Hoa Kỳ, đối với ung thư không tế bào nhỏ, tỷ lệ sống sót sau 5 năm như sau:&nbsp;</p><p><br></p><p>Ung thư khu trú: 65%</p><p>Ung thư di căn hạch vùng: 37%</p><p>Ung thư di căn xa: 9%</p><p>Tất cả các giai đoạn kết hợp: 28%</p><p><br></p><p>Lưu ý rằng đây chỉ là những con số thống kê trung bình. Như đã nói ở trên, việc một bệnh nhân bị ung thư phổi giai đoạn cuối sống được bao lâu còn tùy thuộc vào nhiều yếu tố. Một vài người có thể sống lâu hơn con số thống kê trung bình, một số người khác thì tiên lượng có thể kém hơn.</p><p><br></p><h2><strong>Chăm sóc bệnh nhân ung thư phổi giai đoạn cuối</strong></h2><p>Việc hiểu được tỷ lệ sống sót sau 5 năm hay ung thư phổi giai đoạn cuối sống được bao lâu không chỉ có ý nghĩa là những con số thống kê, mà còn giúp bệnh nhân hiểu được khả năng điều trị bệnh thành công là bao nhiêu và những bước tiếp theo trong kế hoạch điều trị của mình. Trong đó bao gồm cả việc chăm sóc bệnh nhân đúng cách.&nbsp;</p><p><br></p><p>Đối với bệnh nhân ung thư phổi giai đoạn cuối, điều quan trọng là nâng cao chất lượng cuộc sống và giúp họ cảm thấy thoải mái nhất có thể. Điều này bao gồm việc kiểm soát các triệu chứng, hỗ trợ tinh thần và cảm xúc, cũng như tôn trọng các mong muốn của bệnh nhân.</p><p><br></p><p><img src=\"https://cdn.hellobacsi.com/wp-content/uploads/2024/05/ung-thu-phoi-giai-doan-cuoi-va-cach-cham-soc.jpg\" alt=\"chăm sóc bệnh nhân ung thư phổi giai đoạn cuối\" height=\"667\" width=\"1000\"></p><p><br></p><p>Dưới đây là những điều cần lưu ý khi chăm sóc bệnh nhân ung thư phổi giai đoạn cuối:&nbsp;</p><ul><li>Hỗ trợ kiểm soát các triệu chứng bệnh hoặc tác dụng phụ do quá trình điều trị mang lại như: đau, khó thở, ho, nôn và buồn nôn, chán ăn, táo bón,…</li><li>Hỗ trợ xoa dịu tinh thần và cảm xúc lo lắng của bệnh nhân bằng cách lắng nghe, cảm thông và trò chuyện với họ càng nhiều càng tốt.&nbsp;</li><li>Tôn trọng các mong muốn của bệnh nhân trong việc điều trị và chăm sóc bệnh.&nbsp;</li></ul><p><br></p><p>Ngoài ra, người chăm sóc bệnh nhân giai đoạn cuối cũng cần chú ý đến sức khỏe và tinh thần của bản thân. Tránh trường hợp căng thẳng và mệt mỏi dẫn đến kiệt sức, hãy nhờ đến sự hỗ trợ từ những người xung quanh và sử dụng các dịch vụ hỗ trợ có sẵn.&nbsp;</p><p><br></p>', NULL, '235523484', '2023-10-09 15:57:02', '4', '11', '1', '19', '1'),
('24', 'https://res.cloudinary.com/doccomming/image/upload/v1720515675/nihosqmwvfzflbmqdioi.jpg', 'Triệu chứng ung thư trực tràng giai đoạn đầu bạn nên biết', 'Ung thư trực tràng là ung thư bắt đầu ở đoạn cuối cùng của ruột già. Trực tràng nối giữa đại tràng và hậu môn. Vì trực tràng nằm trong khoảng không gian chật hẹp, hầu như không tách rời khỏi các cơ quan và cấu trúc lân cận nên việc điều trị bằng phẫu thuật cắt bỏ khối u là phức tạp và khó khăn hơn những loại ung thư khác. Tuy nhiên, nếu phát hiện bệnh và nhận biết sớm những triệu chứng ung thư trực tràng giai đoạn đầu thì cơ hội điều trị thành công là rất cao.', '<h2><strong>Đặc điểm của ung thư trực tràng giai đoạn đầu</strong></h2><p><br></p><p><img src=\"https://cdn.hellobacsi.com/wp-content/uploads/2023/12/Trieu-chung-ung-thu-truc-trang-giai-doan-dau.jpg\" alt=\"Ung thư trực tràng giai đoạn đầu\" height=\"658\" width=\"1000\"></p><p><br></p><p>Lúc này, bệnh còn được gọi là ung thư trực tràng giai đoạn I. Ở giai đoạn đầu, ung thư vẫn còn nằm trong các lớp bên trong của thành trực tràng, chưa lan tràn sang hạch bạch huyết hay các cơ quan lân cận khác. Vì khối u khu trú nên việc điều trị để loại bỏ ung thư cũng đơn giản hơn các giai đoạn sau.&nbsp;</p><p><br></p><h2><strong>Triệu chứng ung thư trực tràng giai đoạn đầu là gì?</strong></h2><p><img src=\"https://cdn.hellobacsi.com/wp-content/uploads/2023/12/Trieu-chung-ung-thu-truc-trang-giai-doan-dau-la-gi.jpg\" alt=\"Triệu chứng ung thư trực tràng giai đoạn đầu là gì?\" height=\"695\" width=\"1000\"></p><p><br></p><p>Một người mắc ung thư trực tràng ở giai đoạn 1 có thể có triệu chứng hoặc không. Trong ung thư trực tràng giai đoạn sớm, triệu chứng thường gặp nhất là chảy máu khi đi vệ sinh. Vì vậy, khi có máu trong phân (thường đỏ tươi), mọi người đều nên đi khám để được bác sĩ nội soi sàng lọc xem có phải là ung thư hay không.&nbsp;</p><p><br></p><p>Ngoài ra, người bệnh cũng có thể cảm thấy mình đi đại tiện chưa hết phân. Bệnh nhân thường không bị đau ở giai đoạn đầu của bệnh.</p><p><br></p><p>Bên cạnh đó, một số người phát triển triệu chứng ung thư trực tràng giai đoạn đầu toàn thân gồm:</p><ul><li>Giảm cảm giác thèm ăn</li><li>Thay đổi thói quen đi đại tiện (táo bón, tiêu chảy, đau bụng, phân dẹp hoặc có hình dạng khác thường)</li><li>Mệt mỏi</li><li>Rất ít người bị sụt cân không rõ nguyên nhân.</li></ul><p><br></p><p>Nếu triệu chứng chảy máu trong ung thư trực tràng giai đoạn đầu đã kéo dài một thời gian, người bệnh có thể xuất hiện dấu hiệu thiếu máu như suy nhược, khó thở, xanh xao,…</p><p><br></p><h2><strong>Ai dễ có triệu chứng ung thư trực tràng giai đoạn đầu?</strong></h2><p><br></p><p><img src=\"https://cdn.hellobacsi.com/wp-content/uploads/2023/12/ai-co-trieu-chung-ung-thu-truc-trang-giai-doan-dau.jpg\" alt=\"ai dễ có triệu chứng ung thư trực tràng giai đoạn đầu?\" height=\"667\" width=\"1000\"></p><p><br></p><p>Bệnh ung thư trực tràng có thể gặp phải ở tất cả mọi người thuộc mọi độ tuổi. Tuy nhiên, một số người có nguy cơ mắc bệnh cao hơn người khác bao gồm:</p><ul><li>Nam giới có tỷ lệ mắc bệnh cao hơn phụ nữ</li><li>Người da đen có tỷ lệ mắc bệnh cao hơn so với các chủng tộc khác</li><li>Tiền sử gia đình có cha, mẹ hoặc anh chị em ruột mắc ung thư trực tràng thì nguy cơ mắc bệnh của bạn tăng gấp đôi</li><li>Mắc hội chứng di truyền&nbsp;bao gồm FAP và Lynch</li><li>Có một số tình trạng sức khỏe gồm bệnh Crohn và viêm loét đại tràng mạn tính</li><li>Uống 3 ly rượu trở lên mỗi ngày</li><li>Hút thuốc lá</li><li>Ăn nhiều thịt đỏ và thịt chế biến sẵn (đặc biệt khi thịt bị cháy hoặc chín kỹ), chế độ ăn ít rau</li><li>Bệnh nhân tiểu đường tuýp 2 kiểm soát kém</li><li>Người thừa cân, béo phì</li><li>Từng xạ trị vào vùng chậu trước đó</li><li>Nguy cơ ung thư cũng tăng lên khi bạn già đi.</li></ul><p><br></p><p>Dù có triệu chứng ung thư trực tràng giai đoạn đầu hay không thì các bác sĩ vẫn khuyên những người từ 45 tuổi nên bắt đầu kiểm tra đại trực tràng định kỳ. Bên cạnh đó, hãy giữ cân nặng khỏe mạnh, luyện tập thể dục đều đặn, ăn uống lành mạnh và cân bằng, hạn chế uống rượu và không hút thuốc lá.</p><p><br></p><p><span style=\"color: rgb(38, 38, 38);\">Trên đây là những triệu chứng ung thư đại trực tràng giai đoạn đầu bạn nên biết. Tuy nhiên, nếu có các dấu hiệu đề cập trong bài thì không nhất định là ung thư mà có thể do một vấn đề sức khỏe thông thường khác. Dù vậy bạn cũng không nên chủ quan mà cần đi khám sàng lọc ngay lập tức. Phát hiện bệnh càng sớm, khả năng điều trị thành công càng cao và bạn sẽ sống lâu hơn, khỏe mạnh hơn.</span></p>', NULL, '235523484', '2023-11-09 16:01:15', '4', '12', '1', '19', '1'),
('25', 'https://res.cloudinary.com/doccomming/image/upload/v1720515889/dubncd3syvkrfky2vze6.jpg', 'Ung thư dạ dày giai đoạn 2 (II): Điều trị và tiên lượng', 'Khi được chẩn đoán mắc ung thư dạ dày giai đoạn II (hay nhiều người còn gọi là ung thư dạ dày giai đoạn 2) thì chắc chắn bệnh nhân cũng như người nhà sẽ có rất nhiều lo lắng và thắc mắc. Bệnh nhân sẽ lo lắng không biết bệnh ở giai đoạn này có chữa được không, tiên lượng ra sao và điều trị như thế nào?', '<h2>Ung thư dạ dày giai đoạn 2 (II)&nbsp;là gì?</h2><p><br></p><p>Dạ dày là một cơ quan ở vùng bụng trên, nối thực quản với tá tràng, ruột non. Dạ dày chứa đựng thức ăn đưa từ miệng vào, sau đó nghiền nát chúng và đưa xuống ruột non để dinh dưỡng hấp thu vào trong cơ thể.</p><p><br></p><p>Thành dạ dày được tạo thành từ các lớp sau đây: lớp trong cùng là niêm mạc, lớp dưới niêm mạc, lớp cơ, lớp dưới thanh mạc và lớp thanh mạc là lớp ngoài cùng.</p><p><br></p><p>Ung thư dạ dày giai đoạn 2 (II) là khi ung thư đã lan vào bên trong, đến lớp niêm mạc hoặc lớp cơ của dạ dày. Trong một số trường hợp, ung thư đã lan xuyên qua lớp thanh mạc ngoài cùng của dạ dày vào các hạch bạch huyết lân cận nhưng chưa di căn</p><p><br></p><h3><strong>Phân loại</strong></h3><p><br></p><p><img src=\"https://cdn.hellobacsi.com/wp-content/uploads/2023/05/phan-loai-ung-thu-da-day-giai-doan-2.jpg\" alt=\"phân loại ung thư dạ dày giai đoạn 2\" height=\"711\" width=\"1000\"></p><p><br></p><p>Ung thư dạ dày giai đoạn 2 (II) lại được phân thành 2 giai đoạn nhỏ hơn như sau:</p><p><br></p><p><strong>Giai đoạn IIa:</strong> Ung thư có thể đã lan đến:</p><p><br></p><ul><li>Lớp dưới niêm mạc + lan đến 3 đến 6 hạch bạch huyết lân cận;&nbsp;hoặc</li><li>Lớp cơ + 1 đến 2 hạch bạch huyết lân cận; hoặc</li><li>Lớp dưới thanh mạc.</li></ul><p><br></p><p><strong>Giai đoạn IIb:</strong> Ung thư có thể đã lan đến:</p><p><br></p><ul><li>Lớp dưới niêm mạc và 7 đến 15 hạch bạch huyết gần đó; hoặc</li><li>Lớp cơ và 3 đến 6 hạch bạch huyết lân cận; hoặc</li><li>Lớp dưới thanh mạc và 1 hoặc 2 hạch bạch huyết gần đó; hoặc</li><li>Lớp thanh mạc.</li></ul><p><br></p><p>Ung thư chưa di căn đến các cơ quan khác hoặc các bộ phận khác ở xa hơn trên cơ thể.</p><h2><strong>Ung thư dạ dày giai đoạn 2 (II) chữa được không?</strong></h2><p><br></p><p><img src=\"https://cdn.hellobacsi.com/wp-content/uploads/2023/05/ung-thu-da-day-giai-doan-2-co-chua-duoc-khong.jpg\" alt=\"ung thư dạ dày giai đoạn 2 có chữa được không\" height=\"667\" width=\"1000\"></p><p><br></p><p>Chẩn đoán và xác định chính xác giai đoạn ung thư dạ dày giúp bác sĩ dự đoán được ung thư dạ dày giai đoạn 2 (II) chữa được không, tiên lượng sống cũng như chỉ định bệnh nhân cần điều trị như thế nào. Phương pháp điều trị ung thư dạ dày giai đoạn 2 (II) thường bao gồm:</p><p><br></p><h3><strong>Phẫu thuật kết hợp hóa trị</strong></h3><p>Phương pháp điều trị phổ biến nhất cho ung thư dạ dày giai đoạn 2 (II) là phẫu thuật cắt bỏ toàn bộ hoặc gần toàn bộ dạ dày.&nbsp;</p><p>Ngoài ra, bệnh nhân phải hóa trị trước hoặc sau khi phẫu thuật. Hóa trị trước phẫu thuật giúp thu nhỏ khối u và tăng khả năng có thể loại bỏ hoàn toàn ung thư bằng phẫu thuật. Hóa trị sau phẫu thuật được thực hiện nhằm mục đích tiêu diệt bất kỳ tế bào khối u nào còn sót lại sau phẫu thuật, giảm nguy cơ tái phát.</p><p>Nếu chưa hóa trị trước phẫu thuật, sau phẫu thuật bạn có thể được hóa trị đơn độc hoặc hóa xạ trị.</p><p><br></p><h3><strong>Điều trị không phẫu thuật</strong></h3><p>Nếu bệnh nhân có nhiều vấn đề sức khỏe tiềm ẩn mà không thể phẫu thuật hoặc bệnh nhân không muốn phẫu thuật thì bác sĩ sẽ có những xét nghiệm để tìm ra phương pháp điều trị khác phù hợp hơn.</p><p>Lúc này, phương pháp điều trị chính thường sẽ là hóa trị, hoặc có thể kết hợp với xạ trị.</p><p><br></p><h2><strong>Ung thư dạ dày giai đoạn 2 (II) sống được bao lâu?</strong></h2><p>Một thống kê ở Anh cho thấy, khoảng 35% người bị ung thư dạ dày giai đoạn 2 (II) sẽ sống được từ 5 năm trở lên tính từ thời điểm chẩn đoán.</p><p><br></p><p>Tuy nhiên, con số trên đây chỉ là trung bình. Không ai có thể dự đoán chính xác ung thư dạ dày giai đoạn 2 (II) có chữa được không hay sống được bao lâu. Bởi vì, điều này còn phụ thuộc vào nhiều yếu tố, chẳng hạn như:</p><p><br></p><ul><li>Loại ung thư dạ dày (loại tế bào ung thư bắt đầu)</li><li>Vị trí ung thư trong dạ dày</li><li>Tình trạng sức khỏe tổng thể của bệnh nhân</li><li>Khả năng đáp ứng với điều trị của bệnh nhân</li><li>Các bệnh lý nền đi kèm.</li></ul><p><br></p><p><span style=\"color: rgb(38, 38, 38);\">Hi vọng bài viết này đã cung cấp đến bạn những thông tin hữu ích về ung thư dạ dày giai đoạn 2 (II) để giúp bạn hiểu rõ hơn và bớt lo lắng. Ở thời điểm này, bệnh vẫn còn nhiều hi vọng. Doctor Coming tin rằng, chỉ cần bạn lạc quan, tuân thủ điều trị, ăn uống lành mạnh và tập thể dục phù hợp với sức khỏe bản thân, bạn sẽ sống khỏe mạnh và lâu dài hơn với bệnh.</span></p>', NULL, '235523484', '2023-12-09 16:04:49', '4', '13', '1', '19', '1'),
('26', 'https://res.cloudinary.com/doccomming/image/upload/v1720516703/iyqkcyk2zz40eikii4ir.jpg', 'Bị táo bón nên ăn rau gì? Top 8 loại rau giúp đẩy lùi chứng táo bón', 'Một chế độ ăn uống không đủ chất xơ, uống không đủ nước và ít vận động là những nguyên nhân khiến nhiều người bị táo bón. Vậy, khi bị táo bón nên ăn rau gì để cải thiện sức khỏe tiêu hóa?', '<p><span style=\"color: rgb(38, 38, 38);\">Táo bón là vấn đề về tiêu hóa khá phổ biến, có thể xảy ra với bất kỳ ai. Ngoài thói quen uống đủ nước, hoạt động thể chất đầy đủ thì việc thay đổi chế độ dinh dưỡng giúp cung cấp đủ lượng chất xơ cần thiết cho cơ thể có thể giúp khắc phục tình trạng này.</span></p><p><br></p><h2><strong>Chế độ ăn ít chất xơ là một trong những nguyên nhân gây táo bón</strong></h2><p><br></p><p>Trước khi biết được bị táo bón nên ăn rau gì, cùng khám phá những nguyên nhân gây ra vấn đề khó chịu này nhé!</p><p><br></p><p>Một trong những nguyên nhân phổ biến gây táo bón là chế độ ăn uống thiếu chất xơ. Có hai loại chất xơ là chất xơ hòa tan giúp làm mềm phân và chất xơ không hòa tan làm tăng khối lượng phân, giúp phân di chuyển nhanh hơn qua ruột.</p><p><br></p><p>Có thể thấy, bên cạnh thói quen uống đủ nước, hoạt động thể chất đầy đủ thì việc bổ sung đủ lượng chất xơ cần thiết cho cơ thể mỗi ngày có thể giúp cải thiện tình trạng táo bón. Chất xơ thường có trong các loại rau, củ, quả. Hàm lượng chất xơ dồi dào trong những thực phẩm này vừa giúp làm mềm phân, vừa tăng cường nhu động ruột. Thế nhưng, một số người không biết bị táo bón nên ăn rau gì là tốt nhất. Dưới đây là những loại rau giúp “đẩy lùi” chứng táo bón cực kỳ hiệu quả.</p><p><br></p><h2><strong>Bị táo bón nên ăn rau gì? Top 8 loại rau giúp đẩy lùi chứng táo bón</strong></h2><p>Khi bị táo bón nên ăn rau gì cho nhanh hết? Dưới đây là các loại rau bạn nên thêm vào chế độ ăn của mình để việc đi tiêu diễn ra nhẹ nhàng hơn.</p><p><br></p><h3><strong>1. Rau diếp cá trị táo bón</strong></h3><p><br></p><p><img src=\"https://cdn.hellobacsi.com/wp-content/uploads/2023/11/bi-tao-bon-nen-an-rau-gi-4.jpg\" alt=\"bị táo bón nên ăn rau gì: rau diếp cá\" height=\"668\" width=\"1000\"></p><p><br></p><p>Đáp án đầu tiên cho vấn đề “Bị táo bón nên ăn rau gì?” là rau diếp cá. Đây là loại rau chứa hàm lượng chất xơ cao, giúp làm mềm phân và điều hòa nhu động ruột, từ đó cải thiện chứng táo bón.</p><p><br></p><h3><strong>2. Rau đay</strong></h3><p>Rau đay là loại rau dân giã, rất phổ biến trong các bữa cơm của người Việt, với các món ăn khá “bắt cơm”, giải nhiệt như: canh cua rau đay, canh rau đay nấu tôm…. Theo kinh nghiệm dân gian, loại rau này có giá trị dinh dưỡng cao, giúp tiêu độc, giải nhiệt nên thường được dùng cho người chán ăn, khó tiêu, táo bón…</p><p><br></p><p>Ngoài các dưỡng chất như sắt, canxi… rau đay còn là nguồn cung cấp chất xơ, chất nhầy có tác dụng bôi trơn, làm mềm phân, làm tăng sự lưu chuyển của phân trong ruột từ đó giúp tống xuất phân ra ngoài dễ dàng.</p><p><br></p><h3><strong>3. Rau mồng tơi</strong></h3><p><img src=\"https://cdn.hellobacsi.com/wp-content/uploads/2023/11/bi-tao-bon-nen-an-rau-gi-1.jpg\" alt=\"bị táo bón nên ăn rau gì: rau mồng tơi\" height=\"667\" width=\"1000\"></p><p><br></p><p>Cũng là loại rau quen thuộc trong bữa ăn của người Việt, rau mồng tơi rất dễ ăn và mát ruột, có công dụng thanh nhiệt,&nbsp;nhuận tràng tốt cho người bị táo bón. Ưu điểm của loại rau này là chứa cả chất xơ hòa tan và không hòa tan, giàu vitamin K, khoáng chất thiết yếu… hỗ trợ điều trị bệnh trĩ, làm lành vết rách hậu môn và cải thiện chứng táo bón hiệu quả.</p><p><br></p><p>Do đó, câu trả lời cho thắc mắc khi bị táo bón nên ăn gì? Đừng quên thêm rau mồng tơi vào bữa ăn nhé!</p><p><br></p><h3><strong>4.&nbsp;Bị táo bón nên ăn rau gì? Đừng quên rau lang</strong></h3><p>Rau lang chứa rất nhiều chất xơ, khoáng chất như magie, phốt pho, canxi, kali, mangan, kẽm, đồng… và là nguồn cung cấp dồi dào các loại vitamin như vitamin nhóm B, vitamin C, vitamin E, beta-carotene, biotin (vitamin B7)… Theo kinh nghiệm dân gian, việc thêm rau lang vào bữa ăn cũng có thể giúp phòng và điều trị tình trạng táo bón hiệu quả.</p><p><br></p><p>Để thêm rau lang vào chế độ ăn, bạn có thể nấu canh rau lang với tôm, rau lang xào tỏi hay rau lang luộc…</p><p><br></p><h3><strong>5. Rau chân vịt</strong></h3><p><br></p><p>Khi nhắc đến chủ đề “Bị táo bón nên ăn rau gì?” cho nhanh hết, không thể không kể đến các loại rau xanh, điển hình là rau chân vịt. Đây là loại rau xanh chứa nhiều chất xơ, vitamin và khoáng chất.</p><p><br></p><p>Một chén 180g rau chân vịt nấu chín có thể cung cấp 4,3g chất xơ cho cơ thể. Hơn nữa, loại rau này cũng có thể được dùng để chế biến theo nhiều hình thức khác nhau. Bạn có thể ăn rau luộc, salad, hoặc thêm vào súp đều ngon cả.</p><p><br></p><h3><strong>6. Bị táo bón nên ăn rau gì? Rau cải rổ</strong></h3><p><img src=\"https://cdn.hellobacsi.com/wp-content/uploads/2023/11/bi-tao-bon-nen-an-rau-gi-2.jpg\" alt=\"bị táo bón nên ăn rau gì: rau cải rổ\" height=\"667\" width=\"1000\"></p><p><br></p><p>Cải rổ là một loại rau thuộc họ cải giàu chất chống oxy hóa, lại có hàm lượng chất xơ dồi dào, có lợi cho sức khỏe đường ruột. Một chén cải rổ nấu chín chứa 8g chất xơ, giúp cải thiện và phòng ngừa táo bón hiệu quả.</p><p><br></p><p>Không những thế, cải rổ còn chứa hợp chất sulforaphane, giúp ngăn ngừa ung thư, bảo vệ sức khỏe tim mạch và khắc phục tình trạng táo bón. Để bổ sung cải rổ vào chế độ ăn uống hàng ngày, bạn có thể xào với thịt bò, tôm hoặc nấm… Ngoài ra, bạn cũng có thể luộc, hấp để thưởng thức vị tươi xanh của loại rau này.</p><p><br></p><h3><strong>7. Cải Brussels là một trong các loại rau trị táo bón</strong></h3><p><br></p><p>Nếu vẫn còn thắc mắc “Bị táo bón nên ăn rau gì?”, thì bạn đừng bỏ quả cải Brussels (còn gọi là cải bixen). Tương tự như cải rổ, cải Brussels cũng là một thành viên của họ nhà cải. Đây là một loại bắp cải tí hon chứa thành phần dinh dưỡng thân thiện với đường ruột.&nbsp;</p><p>Chỉ với một chén cải Brussels nấu chín, bạn đã bổ sung cho cơ thể 4g chất xơ rồi đấy! Chất xơ trong cải rổ có thể giúp làm mềm phân, hỗ trợ đi đại tiện dễ dàng, nhẹ nhàng hơn. Hơn nữa, khi so với các loại rau họ cải khác, cải Brussels cũng có thể giúp tăng số lượng lợi khuẩn có trong ruột, từ đó cải thiện sức khỏe hệ tiêu hóa.</p><p><br></p><h3><strong>8. Bị táo bón nên ăn rau củ gì? Bông cải xanh</strong></h3><p><img src=\"https://cdn.hellobacsi.com/wp-content/uploads/2023/11/bi-tao-bon-nen-an-rau-gi-3.jpg\" alt=\"bị táo bón nên ăn rau gì: bông cải xanh\" height=\"667\" width=\"1000\"></p><p><br></p><p>Ngoài những loại rau đã kể trên, người bị táo bón cũng có thể bổ sung bông cải xanh vào thực đơn dinh dưỡng để khắc phục tình trạng khó chịu này.</p><p><br></p><p>Cũng là một loại rau thuộc họ cải, bông cải xanh chứa nhiều chất xơ và các hợp chất thực vật mạnh mẽ. Một chén bông cải xanh nấu chín có thể cung cấp 5g chất xơ cho cơ thể.</p><p><br></p><p>Hơn nữa, khi bạn cắt bông cải xanh thành từng miếng nhỏ và để yên trong 90 phút trước khi nấu,&nbsp; bạn sẽ “kích hoạt” một hợp chất thực vật mạnh có trong bông cải xanh tên là sulforaphane. Sulforaphane đóng vai trò then chốt trong việc ngăn chặn sự phát triển quá mức của vi khuẩn có hại trong ruột và bảo vệ ruột non khỏi tình trạng stress oxy hóa liên quan đến táo bón. Không những thế, việc ăn mầm bông cải xanh giàu sulforaphane hàng ngày có thể giúp việc đi tiêu đều đặn hơn. Vì vậy, để kích thích nhu động ruột, bạn nên thêm bông cải xanh vào bữa ăn nhé!</p><p><br></p><p><span style=\"color: rgb(38, 38, 38);\">Trên đây là 8 loại rau giúp khắc phục chứng táo bón hiệu quả. Hy vọng bài viết này đã giúp bạn trả lời câu hỏi “Bị táo bón nên ăn rau gì?”. Việc cân đối dinh dưỡng, bổ sung nhiều thực phẩm giàu chất xơ, uống đủ nước và duy trì một chế độ sinh hoạt khoa học là chìa khóa giúp bạn có một hệ tiêu hóa khỏe mạnh đấy!</span></p>', NULL, '235523484', '2023-08-09 16:18:23', '5', '14', '1', '8', '1'),
('27', 'https://res.cloudinary.com/doccomming/image/upload/v1720517039/elkk9oi8ypcidkpogw9r.jpg', 'Cách chữa viêm loét dạ dày tại nhà nào để mau khỏi bệnh?', 'Viêm loét dạ dày là căn bệnh diễn tiến thường chậm nhưng lại hay đeo bám dai dẳng. Vậy cách chữa viêm loét dạ dày tại nhà cần dựa trên cơ sở khoa học gì? Những cách chữa viêm loét dạ dày tại nhà nào hiệu quả và dễ thực hiện?', '<h2>Bạn đã biết gì về bệnh viêm loét dạ dày?</h2><p><br></p><p>Viêm loét dạ dày (dân gian hay gọi là đau bao tử) là tình trạng có những vết loét hình thành trên niêm mạc, lớp bao phủ bên trong dạ dày. Người bệnh thường nhận biết được mình bị viêm loét dạ dày khi bắt đầu xuất hiện những cơn đau quặn, kèm theo cảm giác nóng rát, cồn cào vùng trên rốn (thượng vị) thường xuyên. Đau nhiều hơn khi bụng trống, kéo dài từ vài phút đến vài giờ tùy vào mức độ bệnh. Ngoài ra, viêm loét dạ dày có thể ảnh hưởng hoạt động tiêu hóa gây khó tiêu, đầy bụng, ợ hơi.</p><p><br></p><p>Viêm loét dạ dày là bệnh tương đối phổ biến. Càng điều trị sớm, bệnh càng dễ khỏi và tránh được nhiều biến chứng nguy hiểm như xuất huyết dạ dày, thủng dạ dày, sẹo dạ dày gây chít hẹp đường tiêu hóa và ung thư.</p><p><br></p><p>Việc điều trị viêm loét dạ dày tập trung vào giảm thiểu các tác nhân gây viêm loét (vi khuẩn H. Pylori, axit tiêu hóa), đồng thời tạo điều kiện để niêm mạc dạ dày hồi phục bằng cách tạo lớp phủ bảo vệ và kích thích tái tạo các lớp mô.</p><p><br></p><p>Có những cách chữa viêm loét dạ dày tại nhà nào đơn giản và hiệu quả? Mời bạn cùng tiếp tục tìm hiểu.</p><p><br></p><h2><strong>Những nguyên tắc và cách chữa viêm loét dạ dày tại nhà</strong></h2><h3>Chế độ ăn uống đóng vai trò quan trọng trong cách chữa viêm loét dạ dày tại nhà</h3><p><img src=\"https://cdn.hellobacsi.com/wp-content/uploads/2022/02/cach-chua-viem-loet-da-day-tai-nha.jpg\" alt=\"cách chữa viêm loét dạ dày tại nhà\" height=\"809\" width=\"1000\"></p><p><br></p><p><br></p><p>Mặc dù thức ăn không phải là nguyên nhân trực tiếp gây ra các vết loét cho niêm mạc dạ dày như quan niệm phổ biến. Thực tế, chế độ ăn phù hợp là một trong những yếu tố cần thiết cơ bản nhất để hạn chế tổn thương lan rộng và kích thích vết loét mau lành.</p><p><br></p><ul><li>Chú trọng bổ sung chất xơ, vitamin và flavonoid, có nhiều trong các loại rau củ quả và ngũ cốc nguyên hạt. Bạn nên ăn nhiều các thức ăn giàu vitamin-A và chất xơ hòa tan. Cung cấp các flavonoid bằng cách ăn đa dạng thức ăn như tỏi, hành, các loại trái cây và rau củ với màu sắc khác nhau.</li><li>Uống vừa phải các loại trà như trà xanh, trà trắng, trà ô long và trà đen để giúp hỗ trợ, kìm hãm vi khuẩn H. Pylori gây viêm loét dạ dày.</li><li>Không nên uống cà phê (dù đã được tách caffeine) và thức uống có cồn. Trong khi cà phê làm tăng tiết axit dạ dày, chất cồn gây bào mòn lớp chất nhầy vốn được tiết ra để bảo vệ niêm mạc khỏi các axit và enzyme tiêu hóa này.</li><li>Giới hạn tiêu thụ thức ăn cay và chua trong thời gian điều trị viêm loét dạ dày để tránh gây cảm giác khó chịu và kích ứng cho niêm mạc.</li></ul><p><br></p><p>Cần duy trì giờ giấc ăn uống cố định như cơ thể đã quen để tránh tác hại của axit dạ dày.</p><p><br></p><h3><strong>Chữa viêm loét dạ dày tại nhà: Cần điều chỉnh gì trong thói quen sinh hoạt?</strong></h3><p>Người bị viêm loét dạ dày cần chú ý những thói quen trong sinh hoạt sau để hỗ trợ việc điều trị đạt hiệu quả:</p><p><br></p><ul><li><strong><em>Kiểm soát căng thẳng:</em></strong>&nbsp;Stress làm tăng nguy cơ bị viêm loét dạ dày và làm bệnh trầm trọng hơn. Chữa viêm loét dạ dày tại nhà cần kiểm soát stress bằng cách kết hợp làm việc, nghỉ ngơi và vận động thể chất điều độ.</li><li><strong><em>Không hút thuốc:</em></strong>&nbsp;Khói thuốc lá kích thích dạ dày tiết nhiều axit và làm suy thoái lớp niêm mạc bảo vệ.</li><li><strong><em>Chú ý các loại thuốc NSAID đang sử dụng:</em></strong>&nbsp;Sử dụng thường xuyên và kéo dài NSAID&nbsp;(ví dụ aspirin, ibuprofen,…) là một yếu tố nguy cơ lớn gây ra bệnh viêm loét dạ dày. Bạn cần báo cho bác sĩ tình trạng bệnh lý dạ dày nếu đang sử dụng các thuốc này hoặc bất kỳ loại thuốc nào khác để có những điều chỉnh cần thiết.</li></ul><p><br></p><h3><strong>Những dược liệu dùng trong cách chữa viêm loét dạ dày tại nhà</strong></h3><p><br></p><p><strong>Nghệ và mật ong</strong></p><p><br></p><p>Ngoài chất đường, mật ong giàu các chất chống oxy hóa có công dụng kháng khuẩn và kích thích vết loét nhanh lành. Hoạt chất curcumin trong nghệ có nhiều đặc tính trong y học như kháng viêm, làm bền thành mạch máu, thúc đẩy tiết chất nhầy niêm mạc để bảo vệ dạ dày.</p><ul><li>Hòa 2 – 4 g tinh bột nghệ (1 muỗng cà phê) với 14 ml mật ong (1 muỗng canh) vào nước ấm.</li><li>Nên chia lượng nghệ và mật ong trên thành 3 phần uống trong ngày.</li></ul><p><br></p><p><strong>Chè dây</strong></p><p><br></p><p>Chè dây (<em>Ampelopsis Cantoniensis</em>) là một loại dược liệu được dùng nhiều ở vùng núi phía Bắc. Các nghiên cứu hiện tại cho thấy dược liệu này có khả năng làm giảm tiết axit dạ dày, giảm đau, kháng viêm và kháng khuẩn đối với H. Pylori. Bài thuốc dân gian cho thấy dùng chè dây chữa viêm loét dạ dày tại nhà cho hiệu quả tốt.</p><ul><li>Dùng toàn thân (lá, cành) lúc cây chưa ra hoa, cắt nhỏ phơi khô</li><li>&nbsp;Mỗi ngày sắc nước từ 30 – 50 g chè dây</li><li>Uống liên tục trong 2 – 3 tuần, ngưng vài ngày và lặp lại.&nbsp;</li></ul><p><br></p><p><strong>Cây dạ cẩm</strong></p><p><br></p><p><img src=\"https://cdn.hellobacsi.com/wp-content/uploads/2022/02/cach-chua-viem-loet-da-day-tai-nha-3.jpg\" alt=\"cách chữa viêm loét dạ dày tại nhà\" height=\"667\" width=\"1000\"></p><p><br></p><p>Cây dạ cẩm (<em>Hedyotis capitellata</em>) tính bình, vị ngọt hơi đắng. Là vị thuốc y học cổ truyền có tác dụng thanh nhiệt, giảm đau, tiêu viêm, cây dạ cẩm thường được dùng để trị loét miệng và viêm loét dạ dày – tá tràng.</p><p><br></p><ul><li>Sắc 20 – 25 g lá và ngọn khô trong một lít nước</li><li>Khi thuốc sôi tiếp tục đun nhỏ lửa trong 10 phút</li><li>Chia thành 3 lần uống trong ngày, uống khi bụng đói hoặc dạ dày đau</li><li>Có thể thêm mật ong cho ngọt nhẹ dễ uống và tăng hiệu quả điều trị.</li></ul><p><br></p><p><strong>Nha đam (lô hội)&nbsp;</strong></p><p><img src=\"https://cdn.hellobacsi.com/wp-content/uploads/2022/02/cach-chua-viem-loet-da-day-tai-nha-4.jpg\" alt=\"nha đam chữa viêm loét dạ dày tại nhà\" height=\"736\" width=\"1000\"></p><p><br></p><p>Nha đam là nguyên liệu quen thuộc trong làm đẹp, chữa bệnh và thực phẩm. Nha đam giàu chất xơ, các vitamin B, C, E… tốt cho hệ tiêu hóa. Ngoài ra, nghiên cứu cho thấy một số glycoprotein trong loại cây này có công dụng kháng khuẩn và giảm tiết axit dạ dày, hỗ trợ làm lành vết loét. Cách chữa viêm loét dạ dày tại nhà bằng nha đam như sau:&nbsp;</p><ul><li>Xay phần thịt lá nha đam tươi với một ít nước cho loãng, uống một ly nhỏ trước mỗi bữa ăn 20 phút.</li><li>Nước nha đam đường phèn cũng cho hiệu quả rất tốt với bệnh viêm loét dạ dày.</li><li>Nha đam nhuận trường, vì vậy nên uống 2 – 3 ngày liên tục và dừng lại vài ngày rồi mới tiếp tục.</li></ul><p><br></p><p><strong>Cỏ mực (nhọ nồi)&nbsp;</strong></p><p><br></p><p><img src=\"https://cdn.hellobacsi.com/wp-content/uploads/2022/02/cach-chua-viem-loet-da-day-tai-nha-5.jpg\" alt=\"cách chữa viêm loét dạ dày tại nhà\" height=\"667\" width=\"1000\"></p><p><br></p><p>Cỏ mực là cây thuốc nam rất thân quen với tác dụng thanh nhiệt, cầm máu, tiêu viêm. Tính hàn, vị ngọt hơi chua, cỏ mực được sử dụng để hạ sốt, trị nhiệt miệng, điều kinh, thúc đẩy vết thương nhanh lành. Cách chữa viêm loét dạ dày tại nhà bằng cỏ mực như sau:&nbsp;</p><ul><li>Một nắm thân và lá nhọ nồi rửa và ngâm với nước muối loãng để sạch bụi bẩn và vi khuẩn.</li><li>&nbsp;Xay nhuyễn bằng máy xay sinh tố với một ít nước.</li><li>Lọc bỏ bã, phần nước uống nhiều lần trong ngày khi bụng trống.</li></ul><p><br></p><h2><strong>Áp dụng các cách chữa viêm loét dạ dày tại nhà: Cần lưu ý những gì?&nbsp;</strong></h2><p><img src=\"https://cdn.hellobacsi.com/wp-content/uploads/2022/02/cach-chua-viem-loet-da-day-tai-nha-6.jpg\" alt=\"cách chữa viêm loét dạ dày tại nhà\" height=\"600\" width=\"1000\"></p><p><br></p><p>Ngoài nguyên tắc ăn uống và sinh hoạt đã nói là áp dụng chung cho mọi cấp độ bệnh viêm loét dạ dày, những cách chữa viêm loét dạ dày tại nhà kể trên phù hợp với bệnh mới phát, chỉ gây nóng rát hoặc đau nhẹ vùng thượng vị.</p><p><br></p><p>Trường hợp đau quặn nhiều hoặc nặng hơn có xuất huyết tiêu hóa (đại tiện phân đen), người bệnh cần đi khám càng sớm càng tốt để được điều trị đúng với tình trạng, hạn chế bệnh kéo dài khó chữa và nguy hiểm cho sức khỏe.</p><p><br></p><p>Lưu ý là: Trẻ em, người cao tuổi, phụ nữ mang thai và cho con bú, người có bệnh nền cũng như bệnh nhân viêm loét dạ dày đang được điều trị cần tham khảo trước với bác sĩ nếu muốn áp dụng các bài thuốc chữa viêm loét dạ dày tại nhà, để đảm bảo an toàn.</p><p><br></p><p><span style=\"color: rgb(38, 38, 38);\">Mong rằng bạn đọc đã tìm thấy được những thông tin hữu ích về cách chữa viêm loét dạ dày tại nhà gồm những nguyên tắc và bài thuốc gợi ý trên đây để sớm chia tay với căn bệnh phiền toái nhưng không hẳn là bất trị này.</span></p>', NULL, '235523484', '2023-09-09 16:23:59', '5', '15', '1', '8', '2'),
('28', 'https://res.cloudinary.com/doccomming/image/upload/v1720517510/ivp8dmhdj6gjlvzmlo4k.jpg', '5 nguyên nhân viêm loét dạ dày thường gặp và cách phòng ngừa', 'Viêm loét được gây ra khi có sự mất cân bằng giữa dịch tiêu hóa sản xuất bởi dạ dày và các yếu tố bảo vệ niêm mạc dạ dày. Triệu chứng điển hình của viêm loét dạ dày là đau hoặc khó chịu dạ dày, khó tiêu, nhanh no, đầy hơi, ợ hơi,… ', '<h2><strong>5 nguyên nhân viêm loét dạ dày thường gặp</strong></h2><p><br></p><h3><strong>1. Nhiễm vi khuẩn <em>Helicobacter pylori </em>là hàng đầu</strong></h3><p><br></p><p>Tại sao bị viêm dạ dày? H.pylori là trực khuẩn gram âm được tìm thấy trong lớp nhầy bao phủ và bảo vệ các mô lót dạ dày và ruột non. Thông thường, vi khuẩn H. pylori không gây ra vấn đề gì nhưng nó có thể phát triển mất kiểm soát, gây viêm mạn tính lớp bên trong dạ dày, cuối cùng là tạo ra vết loét. Đây là nguyên nhân viêm loét dạ dày phổ biến nhất với khoảng 40-70% các ca loét dạ dày và ít nhất 60-90% các ca loét tá tràng có&nbsp;liên quan đến vi khuẩn Hp.</p><p><br></p><p>Chưa có bằng chứng chắc chắn về con đường lây nhiễm Hp. Theo các nhà nghiên cứu, vi khuẩn có thể lây lan từ người này sang người khác khi tiếp xúc với chất nôn, phân hoặc nước bọt của người bị nhiễm bệnh. Thực phẩm hoặc nước bị nhiễm chất nôn mửa, phân hoặc nước bọt của người bị nhiễm bệnh cũng có thể lây lan vi khuẩn từ người này sang người khác.</p><p><br></p><p>Nhiễm trùng do một số loại virus, nấm hoặc vi khuẩn khác ngoài Hp cũng có thể là nguyên nhân đau dạ dày nhưng hiếm gặp hơn.</p><p><br></p><p><img src=\"https://cdn.hellobacsi.com/wp-content/uploads/2024/03/nguyen-nhan-viem-loet-da-day-do-nhiem-vi-khuan.jpg\" alt=\"nguyên nhân viêm loét dạ dày do nhiễm vi khuẩn\" height=\"750\" width=\"1000\"></p><p><br></p><h3><strong>2. Lạm dụng thuốc chống viêm không steroid (NSAID)</strong></h3><p>Sử dụng thuốc chống viêm không steroid (NSAID) – ví dụ như aspirin, ibuprofen và naproxen, là nguyên nhân viêm loét dạ dày phổ biến thứ hai sau nhiễm <em>H. pylori</em>. Có tới 50% các trường hợp loét dạ dày là do lạm dụng NSAID. NSAID góp phần gây loét theo nhiều cách. Chúng gây kích ứng niêm mạc dạ dày khi tiếp xúc và ức chế một số các hóa chất bảo vệ niêm mạc dạ dày.</p><p><br></p><p>Bình thường, cơ thể tiết ra prostaglandin để bảo vệ niêm mạc dạ dày. NSAID ngăn chặn sự tổng hợp prostaglandin bằng cách ức chế enzyme COX-1, dẫn đến giảm sản xuất chất nhầy, bicarbonat dạ dày và giảm lưu lượng máu đến niêm mạc<em>.</em> Do đó, làm cho niêm mạc dạ dày dễ bị tổn thương, kích ứng và loét hơn.</p><p><br></p><p>Bạn có nguy cơ cao bị loét dạ dày do NSAID nếu dùng:</p><p><br></p><ul><li>NSAID trong thời gian dài</li><li>Các loại NSAID có nhiều khả năng gây loét</li><li>Liều cao NSAID hoặc nhiều hơn một loại NSAID cùng lúc</li><li>NSAID cùng với các loại thuốc khác làm tăng nguy cơ loét</li><li>NSAID và vừa bị nhiễm&nbsp;</li></ul><p><br></p><h3><strong>3. Các thuốc khác cũng có thể liên quan đến nguyên nhân viêm loét dạ dày</strong></h3><p>Ngoài NSAID, một số thuốc khác cũng có thể làm gia tăng nguy cơ viêm loét dạ dày có thể kể đến như:&nbsp;</p><p><br></p><ul><li>Corticosteroid</li><li>Nhóm&nbsp;thuốc bisphosphonate&nbsp;dùng trong điều trị loãng xương (alendronate, risedronate)</li><li>Kali clorua</li><li>Fluorouracil</li><li>Thuốc chống kết tập tiểu cầu&nbsp;(aspirin, clopidogrel)</li><li>Thuốc ức chế tái hấp thu serotonin có chọn lọc (SSRI)</li><li>Một số thuốc chống trầm cảm.</li></ul><p><br></p><p>Nguy cơ tăng lên khi dùng các thuốc này chung với NSAIDs. Một số phẫu thuật hoặc các thủ thuật y tế ảnh hưởng đến dạ dày cũng có thể là nguyên nhân đau dạ dày, tuy nhiên, trường hợp này rất hiếm gặp.</p><p><br></p><p><img src=\"https://cdn.hellobacsi.com/wp-content/uploads/2024/03/nguyen-nhan-viem-loet-da-day-do-thuoc.jpg\" alt=\"nguyên nhân viêm loét dạ dày do thuốc\" height=\"664\" width=\"1000\"></p><p><br></p><h3><strong>4. Nguyên nhân viêm loét dạ dày do các bệnh lý khác</strong></h3><p>Bạn có nhiều nguy cơ mắc bệnh nếu có các bệnh lý sau đây:</p><p><br></p><ul><li>Các bệnh có thể ảnh hưởng đến dạ dày, chẳng hạn như ung thư hoặc bệnh Crohn.</li><li>Chấn thương, tắc nghẽn mạch máu hoặc thiếu máu cung cấp cho dạ dày hoặc tá tràng.</li><li>Tình trạng sức khỏe đe dọa tính mạng cần được chăm sóc tích cực.</li><li>Stress sinh lý nghiêm trọng như bệnh nặng đe dọa tính mạng, bỏng, chấn thương nặng cần được chăm sóc tích cực. Stress sinh lý làm thay đổi sự cân bằng pH của cơ thể, làm tăng acid dạ dày. Loét do stress phát triển rất nhanh đáp ứng với căng thẳng, không giống như loét dạ dày thông thường phát triển dần dần.</li><li>Bệnh mạn tính nghiêm trọng, chẳng hạn như&nbsp;xơ gan hoặc bệnh phổi tắc nghẽn mãn tính</li><li>Hội chứng Zollinger-Ellison, một tình trạng hiếm gặp xảy ra khi một hoặc nhiều khối u khiến dạ dày tạo ra quá nhiều acid.</li></ul><p><br></p><h3><strong>5. Nguyên nhân do lối sống</strong></h3><p>Ngoài những nguyên nhân trên, bạn có thể tăng nguy cơ bị loét dạ dày nếu có các yếu tố nguy cơ sau:</p><p><br></p><ul><li>Hút thuốc: Hút thuốc có thể làm tăng nguy cơ loét dạ dày tá tràng ở những người bị nhiễm H. pylori.</li><li>Uống rượu. Rượu có thể gây kích ứng và ăn mòn niêm mạc dạ dày, đồng thời làm tăng lượng axit dạ dày được sản xuất.</li><li>Stress không được điều trị</li></ul><p><br></p><p><img src=\"https://cdn.hellobacsi.com/wp-content/uploads/2024/03/nguyen-nhan-viem-loet-da-day-do-hut-thuoc.jpg\" alt=\"nguyên nhân viêm loét dạ dày do hút thuốc\" height=\"667\" width=\"1000\"></p><h2><strong>Cách phòng ngừa viêm loét dạ dày</strong></h2><p><br></p><p>Trong một số ít trường hợp, bác sĩ không thể tìm ra nguyên nhân gây loét dạ dày tá tràng. Các bác sĩ có thể gọi các vết loét không rõ nguyên nhân là loét dạ dày tá tràng vô căn.</p><p>Bạn có thể giảm nguy cơ viêm loét dạ dày bằng cách thực hiện các biện pháp sau:</p><p><br></p><ul><li>Bảo vệ bản thân khỏi bị nhiễm trùng: Nhiễm vi khuẩn Hp là nguyên nhân chủ yếu gây loét dạ dày tá tràng. Giảm lây nhiễm Hp hoặc tái nhiễm bằng cách thường xuyên rửa tay bằng xà phòng cũng như ăn thực phẩm đã được nấu chín hoàn toàn, dụng cụ ăn uống được vệ sinh sạch sẽ, tránh dùng chung muỗng đũa.</li><li>Thận trọng với thuốc giảm đau:</li><li>Nếu thường xuyên sử dụng thuốc giảm đau – một trong các nguyên nhân viêm loét dạ dày, bạn có thể áp dụng một số cách để giảm ảnh hưởng của thuốc đến dạ dày. Ví dụ, dùng thuốc trong bữa ăn hoặc ngay sau khi ăn.</li><li>Trao đổi với bác sĩ để tìm ra liều thấp nhất có hiệu quả, tránh uống rượu khi dùng thuốc vì cả hai có thể kết hợp làm tăng nguy cơ đau dạ dày.</li></ul><p><br></p><p><strong>Thận trọng với các thuốc làm gia tăng nguy cơ gây viêm dạ dày</strong>: Dùng thuốc đúng theo chỉ định của bác sĩ.</p><p><br></p><p><strong>Xây dựng chế độ ăn uống, sinh hoạt lành mạnh</strong>: Ăn thức ăn mềm, dễ tiêu; hạn chế sử dụng các chất kích thích như thuốc lá, rượu bia; hạn chế ăn các đồ chiên xào, đồ mặn; không sử dụng gia vị cay quá mức; không ăn thức ăn quá nóng, quá lạnh hoặc quá chua. Tăng cường các loại rau có màu xanh đậm như bắp cải, cải xanh, măng tây,… do đây là nguồn cung cấp vitamin A,C,K, sắt… dồi dào.</p><p><br></p><h3><strong>Khi nào cần đi khám?</strong></h3><p>Thuật ngữ viêm loét dạ dày dùng để chỉ tình trạng viêm và loét dạ dày thường đi đôi với nhau. Viêm dạ dày có thể là dấu hiệu báo trước của loét dạ dày, gây ra bởi các nguyên nhân tương tự và cũng có các dấu hiệu trùng lặp.</p><p><br></p><p><span style=\"color: rgb(38, 38, 38);\">Cả viêm dạ dày và loét dạ dày đều có thể gây đau dạ dày (vùng bụng trên giữa rốn và xương ức) đi kèm với các triệu chứng khác như khó tiêu, đầy hơi, buồn nôn,… Thông thường, cơn đau do vết loét sẽ gây cảm giác đau ở một vị trí cụ thể. Tuy nhiên, một số vết loét có thể không có triệu chứng và người bệnh không cảm nhận được cho đến khi diễn tiến thành biến chứng. Vì vậy, nếu có bất kỳ triệu chứng nào của viêm loét dạ dày, bạn nên đi khám ngay.</span></p>', NULL, '235523484', '2023-10-09 16:31:50', '5', '16', '1', '8', '2'),
('29', 'https://res.cloudinary.com/doccomming/image/upload/v1720518492/u7qt2xpo7krg1naglaxu.jpg', '12 tác hại của thuốc lá truyền thống và thuốc lá điện tử đối với cơ thể', 'Hàng năm, có 8 triệu người tử vong do tác hại của thuốc lá. Tác hại của thuốc lá đối với những người xung quanh cũng nguy hiểm không kém. Trong đó, có tới 1,3 triệu người không hút thuốc mà tử vong do tiếp xúc với khói thuốc thụ động. Việt Nam nằm trong số 15 nước có số người hút thuốc lá nhiều nhất trên thế giới. Mỗi năm có khoảng 40 nghìn người tử vong vì các bệnh liên quan đến thuốc lá.', '<p>Ngoài các tác hại rất dễ nhận thấy trên đường hô hấp, thuốc lá còn gây nhiều bệnh lý trên đa cơ quan như tim mạch, nha khoa, võng mạc, tiêu hóa,…&nbsp;</p><p><br></p><h2><strong>Chất độc trong khói thuốc lá</strong></h2><p><br></p><p>Trước khi hiểu rõ tác hại của thuốc lá độc như thế nào, bạn cần phải biết trong thuốc lá có chứa những thành phần độc hại nào. Có khoảng 600 thành phần trong thuốc lá. Khi đốt, lượng chất hóa học chúng tạo ra lên đến hơn 7.000. Ít nhất 69 chất trong số đó đã được biết là tác nhân gây ung thư và rất nhiều chất độc hại với sức khỏe.</p><p><br></p><p>Nhiều hóa chất trong thuốc lá cũng được tìm thấy trong các sản phẩm tiêu dùng. Nhưng những sản phẩm này có nhãn cảnh báo độc hại – chẳng hạn như bao bì thuốc diệt chuột, trong khi không có cảnh báo tương tự về chất độc trong khói thuốc lá.</p><p><br></p><p>Dưới đây là một số hóa chất trong khói thuốc lá và những nguồn khác chứa chúng:</p><p><br></p><ul><li>Nicotin&nbsp;– một chất gây nghiện&nbsp;mạnh, dùng làm thuốc trừ sâu</li><li>Aceton – có trong nước tẩy sơn móng tay</li><li>Acid acetic – một thành phần trong thuốc nhuộm tóc</li><li>Amoniac – chất tẩy rửa thông thường trong gia đình</li><li>Asen – dùng làm thuốc diệt chuột, bảo quản gỗ</li><li>Benzen – được tìm thấy trong xi măng cao su và xăng</li><li>Butan – có trong xăng bật lửa</li><li>Cadmium – thành phần trong acid ắc quy</li><li>Carbon monoxid (CO) – trong khói thải ô tô</li><li>Formaldehyd – chất lỏng dùng trong y học để ướp xác</li><li>Hexamine – được tìm thấy trong chất lỏng đánh lửa thịt nướng</li><li>Chì – có trong pin</li><li>Naphthalen – một thành phần trong băng phiến</li><li>Metanol – thành phần trong nhiên liệu, gây ngộ độc rượu</li><li>Tar – vật liệu lát đường</li><li>Toluene – dùng để sản xuất sơn</li><li>1,3-Butadiene – dùng để sản xuất cao su</li><li>Chromium VI – dùng để chế tạo kim loại hợp kim, sơn và thuốc nhuộm</li><li>Polonium-210 – một nguyên tố phóng xạ</li></ul><p><br></p><h2>12 tác hại của khói thuốc lá</h2><h3><strong>1. Thuốc lá gây ung thư</strong></h3><p>Chất độc trong khói thuốc lá gây ung thư bằng cách làm hư hỏng và biến đổi ADN của tế bào, khiến tế bào phát triển ngoài tầm kiểm soát. Không những vậy, tác hại của thuốc lá còn làm suy yếu hệ thống miễn dịch của cơ thể, khiến việc tiêu diệt tế bào ung thư trở nên khó khăn hơn.</p><p><br></p><p>Thuốc lá là nguyên nhân hàng đầu dẫn đến ung thư phổi, gần 9/10 ca ung thư phổi là do hút thuốc lá. Ung thư phổi cũng là loại ung thư có tỷ lệ tử vong cao nhất trong tất cả các loại ung thư.</p><p><br></p><p>Ngoài ra, thuốc lá cũng có thể gây ung thư ở hầu hết mọi cơ quan trong cơ thểo như: máu (bệnh bạch cầu dòng tủy cấp tính), bàng quang, cổ tử cung, đại – trực tràng, thực quản, thận, thanh quản, gan, miệng và hầu họng, tuyến tụy, dạ dày, khí quản và phế quản.</p><p><br></p><p><img src=\"https://cdn.hellobacsi.com/wp-content/uploads/2024/01/tac-hai-cua-thuoc-la-7.jpg\" alt=\"Tác hại thuốc lá gây ung thư\" height=\"667\" width=\"1000\"></p><p><br></p><h3><strong>2. Hút thuốc gây các bệnh lý ở đường hô hấp</strong></h3><p>Hút thuốc lá có hại như thế nào cho hệ hô hấp? Hút thuốc là nguyên nhân chính gây ra bệnh phổi tắc nghẽn mạn tính (COPD). Đây một bệnh lý mạn tính nghiêm trọng, tiến triển nhanh. Hút thuốc trong thời thơ ấu và thanh thiếu niên có thể làm chậm quá trình tăng trưởng và phát triển của phổi làm tăng nguy cơ phát triển bệnh COPD ở tuổi trưởng thành.</p><p><br></p><p>Khói thuốc lá gây tác hại trực tiếp lên đường hô hấp làm phát triển bệnh lý khí quản, thanh quản, dẫn đến ung thư. Các triệu chứng ho, đờm, khó thở thường xuyên gặp ở những người hút thuốc lá.</p><p><br></p><p>Hút thuốc chủ động cũng làm trầm trọng thêm bệnh hen suyễn. Nó cũng có liên quan đến việc tăng nguy cơ mắc bệnh hen suyễn ở thanh thiếu niên và người lớn.</p><p><br></p><h3><strong>2. Tác hại của thuốc lá trên tim mạch</strong></h3><p>Tại Hoa Kỳ, cứ 4 trường hợp tử vong do bệnh tim mạch thì có 1 trường hợp liên quan đến khói thuốc. Hút thuốc lá có thể làm:</p><p><br></p><ul><li>Tăng glyceride</li><li>Giảm cholesterol “tốt” (HDL)</li><li>Làm cô đặc máu dễ hình thành cục máu đông, cản trở lưu lượng máu đến tim và não</li><li>Tổn thương và gây viêm các tế bào thành mạch máu</li><li>Tăng sự tích tụ mảng bám (chất béo, cholesterol, canxi và các chất khác) trong mạch máu</li><li>Gây dày và hẹp mạch máu</li></ul><p><br></p><p>Những người hút thuốc không chỉ gia tăng tỷ lệ mắc bệnh tim mạch, họ cũng có khả năng tử vong vì bệnh tim ở độ tuổi trẻ hơn.</p><p>Hít phải khói thuốc thụ động cũng có thể gây ra bệnh mạch vành, bao gồm đau tim và đột quỵ. Việc hít phải khói thuốc thụ động ngay cả trong thời gian ngắn cũng có thể làm hỏng niêm mạc mạch máu và làm cô đặc máu.&nbsp;</p><p><br></p><p><img src=\"https://cdn.hellobacsi.com/wp-content/uploads/2024/01/tac-hai-cua-thuoc-la-5.jpg\" alt=\"tác hại của thuốc lá lên tim mạch\" height=\"667\" width=\"1000\"></p><p><br></p><h3><strong>4. Bệnh tiểu đường</strong></h3><p>Hút thuốc lá có hại như thế nào? Hút thuốc có thể gây ra bệnh tiểu đường loại 2. Nguy cơ mắc bệnh tiểu đường ở những người hút thuốc thường xuyên cao hơn 30 – 40% so với những người không hút thuốc. Hút thuốc cũng có thể làm tăng đề kháng insulin ở bệnh nhân tiểu đường type 2 và làm trầm trọng thêm một số bệnh lý liên quan đến tiểu đường loại 1, chẳng hạn như bệnh thận, bệnh võng mạc và tuần hoàn kém dẫn đến hoại tử.</p><p><br></p><h3><strong>5. Tác hại của hút thuốc lá lên hệ thống miễn dịch</strong></h3><p>Hút thuốc làm suy yếu hệ thống miễn dịch khiến cơ thể dễ nhiễm vi khuẩn và virus, có nguy cơ cao mắc các bệnh như viêm phổi, lao, cúm… Khói thuốc cũng làm phá hủy các kháng thể trong dòng máu, phá hủy các chất chống oxy hóa trong cơ thể…</p><p>Những người thường xuyên hút thuốc lá khi mắc bệnh hoặc có vết thương thường chậm hồi phục hơn bởi phản ứng miễn dịch đã bị suy yếu đồng thời làm giảm lưu lượng máu trong cơ thể.</p><p><br></p><h3><strong>6. Bệnh nha khoa và miệng họng</strong></h3><p>Thuốc lá có tác hại trực tiếp lên răng miệng và hầu họng bởi khi hút thuốc lá, điểm tiếp xúc đầu tiên mà các chất độc tác động vào cơ thể chính là các bộ phận này.</p><p><br></p><p>Hút thuốc làm tăng nguy cơ mắc các bệnh về nướu, rụng răng và ê buốt răng. Đa số những người hút thuốc lá trong một thời gian sẽ nhận thấy răng ố vàng, thường xuyên bị những nấm miệng, nướu. Các chất độc trong khói thuốc cũng làm niêm mạc miệng và nướu bị tổn thương. Khi bị tổn thương nướu, hút thuốc cũng vết thương khó lành hơn.&nbsp;</p><p><br></p><p><img src=\"https://cdn.hellobacsi.com/wp-content/uploads/2024/01/tac-hai-cua-thuoc-la-4.jpg\" alt=\"tác hại của thuốc lá lên răng miệng\" height=\"667\" width=\"1000\"></p><p><br></p><h3><strong>7. Tác hại của thuốc lá lên thính lực</strong></h3><p>Hút thuốc làm giảm lưu lượng máu đến tai trong gây suy giảm hoặc mất thính lực. Nó cũng có thể gây kích ứng và sưng tấy vòi nhĩ dẫn đến đau và nhiễm trùng. Người hút thuốc có thể bị suy giảm thính giác sớm hơn người không hút thuốc.</p><p><br></p><h3><strong>8. Mất thị lực</strong></h3><p>Hút thuốc lá có hại như thế nào? Hút thuốc làm tổn thương mắt và có thể dẫn đến đục thủy tinh thể, thoái hóa điểm vàng, viêm màng bồ đào và làm gia tăng nguy cơ bị mù cao gấp bốn lần khi về già.</p><p>Những người hút thuốc lá sau một thời gian sẽ có xuất hiện dấu hiệu tổn hại ở mắt như: vùng da quanh mí mắt sẫm màu, xuất huyết dưới kết mạc và hai mắt trở nên đờ đẫn. Nguyên nhân chủ yếu do chất oxit nitrit trong khói thuốc kết hợp với huyết sắc tố trong tế bào hồng cầu làm giảm khả năng vận chuyển oxy khiến cho võng mạc thiếu máu, thiếu dinh dưỡng và oxy.</p><p><br></p><h3><strong>9. Tác hại của hút thuốc lá lên cơ quan sinh sản</strong></h3><p>Hút thuốc có thể ảnh hưởng đến chất lượng tinh trùng ở nam giới (số lượng tinh trùng thấp hơn và tỉ lệ tinh trùng biến dạng cao hơn). Việc giảm lưu thông máu cũng gây bất lực.</p><p><br></p><p>Nghiên cứu cho thấy nồng độ estrogen ở người hút thuốc thấp hơn người bình thường. Điều này biểu hiện thành các dấu hiệu như da khô, tóc mỏng và các vấn đề về trí nhớ. Đặc biệt nữ giới hút thuốc lá thường xuyên việc mang thai khó khăn hơn.</p><p><br></p><p><img src=\"https://cdn.hellobacsi.com/wp-content/uploads/2024/01/tac-hai-cua-thuoc-la-3.jpg\" alt=\"tác hại của thuốc lá lên tinh trùng\" height=\"667\" width=\"1000\"></p><p><br></p><h3><strong>10. Thuốc lá gây loãng xương và mãn kinh sớm</strong></h3><p>Hút thuốc lá có hại như thế nào? Hút thuốc là một yếu tố nguy cơ gây loãng xương, làm xương yếu đi và dễ gãy hơn. Ở phụ nữ, hút thuốc có thể dẫn đến mãn kinh sớm so với người không hút thuốc. Nguyên nhân của điều này là do sự suy giảm hormon estrogen.</p><p><br></p><h3><strong>11. Tác hại của thuốc lá lên phụ nữ có thai và thai nhi</strong></h3><p>Chất độc trong khói thuốc có thể gây nhiều biến chứng thai kỳ và tổn thương thai nhi. Rủi ro bao gồm:</p><p><br></p><ul><li>Sảy thai</li><li>Thai chết lưu</li><li>Đẻ non</li><li>Thai ngoài tử cung</li><li>Tiền sản giật</li><li>Hội chứng đột tử ở trẻ sơ sinh (SIDS)</li><li>Trẻ sinh ra thiếu cân – có nguy cơ chậm phát triển và/hoặc mắc bệnh tật cao hơn</li><li>Dị tật bẩm sinh như sứt môi hoặc hở hàm ếch</li><li>Trẻ bị nhiễm trùng tai giữa hoặc khiếm thính vĩnh viễn</li><li>Trẻ có các tổn thương lâu dài trên phổi, não và máu</li></ul><p><br></p><p>Thai nhi tiếp xúc với khói thuốc lá gián tiếp trong bụng mẹ hoặc trẻ sơ sinh hít khói thuốc thụ động có nhiều khả năng mắc bệnh tiểu đường loại 2, bệnh tim, bệnh thận và béo phì khi trưởng thành, ngay cả khi họ không hút thuốc trong suốt cuộc đời của mình.</p><p><br></p><h2><strong>Cai thuốc có lợi ích gì không nếu đã hút thuốc trong một thời gian dài?</strong></h2><p>Các tác hại của thuốc lá là điều không thể phủ nhận và việc bỏ hút thuốc là nguyên tắc quan trọng nhất để cải thiện sức khỏe. Điều này đúng bất kể tuổi tác, số lượng hay thời gian đã hút.</p><p><br></p><p>Bỏ thuốc lá giúp:</p><p><br></p><ul><li>Lợi ích có thể thấy tức thì sau khi cai thuốc gồm:</li><li class=\"ql-indent-1\">Sau 8 giờ thở dễ dàng hơn.</li><li class=\"ql-indent-1\">Trong vòng 2 ngày khứu giác và vị giác cảm nhận tốt hơn.</li><li class=\"ql-indent-1\">Trong vòng 2-3 tuần, tuần hoàn cơ thể cải thiện, phổi bắt đầu làm việc tốt hơn.</li><li class=\"ql-indent-1\">Trong vòng 3 tháng, cơ thể có thể phòng chống nhiễm trùng tốt hơn.</li><li>Cải thiện sức khỏe và nâng cao chất lượng cuộc sống lâu dài. Nâng cao sức khỏe sinh sản, giảm nguy cơ mắc bệnh tim mạch, COPD và ung thư.&nbsp;</li><li class=\"ql-indent-1\">Trong vòng 5 năm kể từ khi bỏ thuốc, nguy cơ mắc bệnh ung thư miệng, họng, thực quản và bàng quang sẽ giảm đi một nửa. Mười năm sau khi bỏ hút thuốc, nguy cơ tử vong vì ung thư phổi giảm đi một nửa.</li><li class=\"ql-indent-1\">Trong vòng 1 năm, nguy cơ nhồi máu cơ tim được giảm đi một nửa. Trong vòng 5 năm, nguy cơ đột quỵ giảm xuống giống như một người chưa bao giờ hút thuốc.</li><li>Mang lại lợi ích cho những người đã được chẩn đoán mắc bệnh mạch vành hoặc COPD.</li><li>Giảm gánh nặng tài chính cho người hút thuốc, hệ thống chăm sóc sức khỏe và xã hội.</li></ul><p><br></p><p>Các tác hại của thuốc lá có thể ảnh hưởng lên nhiều cơ quan và là nguyên nhân của nhiều bệnh lý nghiêm trọng. Bỏ hút thuốc là cách tốt nhất để bảo vệ các thành viên trong gia đình, đồng nghiệp, bạn bè và những người khác khỏi những nguy cơ sức khỏe liên quan đến việc hít phải khói thuốc thụ động.</p>', NULL, '235523484', '2023-11-09 16:48:12', '6', '17', '1', NULL, '2'),
('30', 'https://res.cloudinary.com/doccomming/image/upload/v1720518898/pagrsuj1v3xvpeabew8e.webp', 'Rối loạn lo âu có tự khỏi được không? Phương pháp điều trị', 'Nhiều người lầm tưởng rối loạn lo âu chỉ là một hội chứng bình thường và tin rằng rối loạn lo âu có thể tự khỏi. Tuy nhiên, hiểu sai về phương pháp điều trị rối loạn tâm lý là nguyên nhân cản trở việc điều trị kịp thời và khiến các triệu chứng ngày càng trở nên nghiêm trọng do không được can thiệp.', '<h2><strong>Dấu hiệu của rối loạn lo âu</strong></h2><p><br></p><p><strong>Rối loạn lo âu</strong> (anxiety disorder) khác sự lo lắng thông thường ở chỗ, khi bạn bị rối loạn lo âu, nỗi lo của bạn có sự ảnh hưởng lớn đến các khía cạnh quan trọng của cuộc sống. Hơn nữa, những nỗi lo lắng của bạn có thể không hợp lý so với thực tế, tần suất của nỗi lo âu xuất hiện nhiều, dường như bạn có thể lo âu về bất kể điều gì.</p><p><br></p><p><strong>Các dấu hiệu chung của rối loạn lo âu gồm có:</strong></p><p><br></p><p><strong>Dấu hiệu thể chất:</strong>&nbsp;</p><ul><li>Hụt hơi.</li><li>Căng cơ.</li><li>Buồn nôn.</li><li>Khô miệng.</li><li>Tim đập nhanh.</li><li>Tay lạnh hoặc đổ mồ hôi.</li></ul><p><br></p><p><strong>Dấu hiệu tinh thần:</strong>&nbsp;</p><ul><li>Liên tục gặp ác mộng.</li><li>Cảm giác hoảng loạn, sợ hãi và bất an.</li><li>Những suy nghĩ lặp đi lặp lại hoặc hồi tưởng về những sự kiện đau thương.</li></ul><p><br></p><p><strong>Dấu hiệu hành vi:</strong></p><ul><li>Khó ngủ.</li><li>Không có khả năng giữ bình tĩnh.</li><li>Lặp lại các hành vi, ví dụ như rửa tay nhiều lần.</li></ul><p><br></p><p>Hiện nay, các nhà nghiên cứu chưa tìm ra được nguyên nhân của rối loạn lo âu. Tuy nhiên, họ đã xác định được các yếu tố nguy cơ góp phần phát triển loại rối loạn này. Việc bạn bị rối loạn lo âu thường là sự kết hợp của nhiều yếu tố khác nhau bao gồm di truyền, môi trường và sự mất cân bằng chất dẫn truyền thần kinh.</p><p><br></p><h2>Rối loạn lo âu có tự khỏi được không?</h2><p>Rối loạn lo âu thường sẽ <strong>KHÔNG THỂ </strong>tự khỏi nếu không có được can thiệp bằng các phương pháp điều trị<strong> </strong>từ bác sĩ tâm thần hoặc chuyên gia tâm lý. Bản chất của rối loạn lo âu là sự lo lắng quá mức và kéo dài, khi không được chẩn đoán và điều trị thì việc này sẽ lặp lại liên tục với cường độ và mức độ cao hơn do bạn chưa có khả năng đối phó với nó.</p><p><br></p><p>Hơn nữa, khi bị rối loạn lo âu, não bộ của bạn sẽ có sự mất cân bằng các chất dẫn truyền thần kinh (cụ thể là serotonin, dopamine, norepinephrine và GABA). Vì vậy, việc sử dụng thuốc điều trị rối loạn lo âu có thể rất hữu ích trong việc giúp não bộ có khả năng sản xuất và điều hòa sự cân bằng của các chất dẫn truyền thần kinh này.</p><p><br></p><p>Nhìn chung, rối loạn lo âu không thể tự khỏi nhưng có thể thuyên giảm, một số người chữa khỏi hoàn toàn rối loạn này. Thông thường, rối loạn lo âu có thể chữa khỏi là nhờ sự kết hợp giữa thuốc, tâm lý trị liệu và các phương pháp hỗ trợ khác. Việc điều trị đúng cách có thể giúp bạn giảm các triệu chứng, kiểm soát nỗi lo âu và cải thiện chất lượng cuộc sống.</p><p><br></p><p>Bạn không cần phải sống trong sự lo lắng và sợ hãi thường xuyên. Nếu nhận thấy các triệu chứng của chứng rối loạn lo âu, hãy đến thăm khám và nói chuyện với các chuyên gia tâm lý, bác sĩ tâm thần. Tốt nhất bạn nên đi khám và điều trị càng sớm càng tốt bởi như vậy có thể hạn chế những vấn đề rắc rối mà rối loạn lo âu có thể gây ra.&nbsp;</p><p><br></p><h2><img src=\"https://cdn.hellobacsi.com/wp-content/uploads/2023/08/roi-loan-lo-au-co-tu-khoi_1297272154.jpg\" alt=\"Rối loạn lo âu có tự khỏi hay không\" height=\"720\" width=\"1000\"><strong>Các phương pháp điều trị rối loạn lo âu</strong></h2><p>Tuy rối loạn lo âu không có thể tự khỏi được, nhưng với các phương pháp điều trị, bạn sẽ có khả năng kiểm soát sự lo lắng và ngăn nỗi lo điều khiển cuộc sống của bạn. Dưới đây là một vài phương pháp phổ biến.&nbsp;</p><p><br></p><h3><strong>Sử dụng thuốc</strong></h3><p>Việc dùng thuốc điều trị sẽ giúp chứng rối loạn lo âu&nbsp;</p><ul><li><strong>Thuốc giảm lo âu</strong>: Benzodiazepam (Seduxen, Tranxen…).&nbsp;</li><li><strong>Thuốc chống trầm cảm</strong>: Loại thuốc này thường làm tăng hormone serotonin – chất dẫn truyền thần kinh giúp bệnh nhân giữ tâm trạng vui vẻ. Ngoài ra, bác sĩ có thể chỉ định Amitriptilin cho những bệnh nhân có kết luận trầm cảm, uống theo liều 25 – 50mg/ngày.&nbsp;</li><li><strong>Các vitamin và các yếu tố vi lượng</strong>: Bạn có thể sử dụng thực phẩm chức năng để bổ sung magie, canxi,… giúp hỗ trợ quá trình điều trị rối loạn lo âu.</li></ul><p><br></p><h3><strong>Tâm lý trị liệu</strong></h3><p>Tâm lý trị liệu sẽ giúp bạn giải quyết các phản ứng cảm xúc của mình đối với bệnh tật. Một số phương pháp tiếp cận bao gồm:</p><p><br></p><ul><li><strong>Liệu pháp nhận thức hành vi</strong>&nbsp;là loại trị liệu tâm lý phổ biến nhất được dùng để điều trị rối loạn lo âu. CBT giúp bạn nhận biết các kiểu suy nghĩ và hành vi dẫn đến cảm xúc lo lắng. Khi đó người mắc rối loạn sẽ dần thích nghi được với những hoàn cảnh gây ra điều này và tập trung vào việc giải quyết nó.&nbsp;&nbsp;</li></ul><p><br></p><ul><li><strong>Liêu pháp phơi nhiễm (Exposure therapy)</strong>&nbsp;tập trung vào việc giải quyết nỗi sợ hãi đằng sau rối loạn lo âu. Nó sẽ đưa bạn vào các hoạt động hoặc tình huống mà bạn đang né tránh để đối mặt với sự sợ hãi của mình mà không gây bất cứ nguy hiểm gì. Nhiều người rối loạn lo âu có tự khỏi cũng thông qua phương pháp trị liệu.</li></ul><p><br></p><p><img src=\"https://cdn.hellobacsi.com/wp-content/uploads/2023/08/roi-loan-lo-au-co-tu-khoi_2104811411.jpg\" alt=\"Liệu pháp trị liệu tâm lý\" height=\"665\" width=\"1000\"></p><p><br></p><h2><strong>Cách giảm triệu chứng lo âu trong quá trình điều trị</strong></h2><h3><strong>Thực hiện kỹ thuật thư giãn</strong></h3><p>Nếu thường xuyên cảm thấy lo lắng, các cơ thường sẽ căng cứng lên nên khi biết cách thả lỏng các cơ căng cứng có thể là cách giảm lo âu hữu ích.</p><p><br></p><p>Các kỹ thuật thư giãn có thể kể đến như:</p><ul><li>Kỹ thuật thư giãn cơ cấp tiến (Progressive Muscle Relaxation – PMR).</li><li>Phương pháp thở bằng bụng trong yoga.</li><li><br></li></ul><h3><strong>Thở đúng cách</strong></h3><p>Các triệu chứng thể chất của sự lo lắng có thể làm tăng nồng độ oxy và giảm lượng carbon dioxide trong máu – thành phần hỗ trợ điều chỉnh phản ứng của cơ thể trước sự lo âu và hoảng sợ. Bạn có thể học cách thở từ cơ hoành, thay vì từ ngực, để thoát khỏi tình trạng này.</p><p><br></p><p>Bạn có thể kiểm tra mình đang thở đúng hay không bằng cách đặt một tay lên bụng dưới và tay kia lên ngực. Thở đúng nghĩa là bụng bạn chuyển động chứ không phải ngực. Ngoài ra, thở đúng cũng giúp bạn bình tĩnh lại khi cảm thấy lo lắng.</p><p><br></p><p><img src=\"https://cdn.hellobacsi.com/wp-content/uploads/2023/08/roi-loan-lo-au-co-tu-khoi_1975352279.jpg\" alt=\"thở đúng cách để giải tỏa lo âu\" height=\"667\" width=\"1000\"></p><p><br></p><h3><strong>Điều chỉnh chế độ ăn uống</strong></h3><p>Bạn nên <strong>bổ sung các thực phẩm chứa khoáng chất magie, vitamin B và canxi</strong> để giúp các mô cơ thư giãn và giảm các triệu chứng, hỗ trợ rối loạn lo âu có thể tự khỏi. Hãy đảm bảo chế độ ăn uống hàng ngày của mình có các loại thực phẩm như ngũ cốc, rau xanh và các sản phẩm từ sữa ít béo.</p><p><br></p><p>Bạn không nên sử dụng các thực phẩm chứa nicotine,caffeine và các loại thuốc kích thích kích hoạt tuyến thượng thận giải phóng adrenaline – một trong những hoạt chất chính gây căng thẳng. Ngoài ra, cần tránh các thực phẩm khác có chứa các chất phụ gia nhân tạo, chất bảo quản.&nbsp;</p><p><br></p><h3><strong>Tập thể dục thường xuyên</strong></h3><p><br></p><p>Các triệu chứng về mặt thể chất của sự lo âu là do phản ứng “bỏ chạy hoặc chiến đấu”, khiến toàn bộ cơ thể tràn ngập adrenaline và các hoạt chất gây căng thẳng khác.</p><p><br></p><p>Tập thể dục giúp giải tỏa căng thẳng, đem lại sự thư giãn cho cơ thể và hỗ trợ rối loạn lo âu có thể tự khỏi. Bạn có thể tham gia các hoạt động như chạy bộ, đi bộ, leo núi, bơi lội,… Hãy đặt mục tiêu <strong>thực hiện ít nhất 3 – 4 lần mỗi tuần, mỗi lần 30 phút</strong>&nbsp;và thường xuyên thay đổi cách tập thể dục của mình để tránh sự nhàm chán.</p><p><br></p><h2><strong>Rối loạn lo âu cần điều trị bao lâu mới hồi phục?</strong></h2><p>Không có một khung thời gian cụ thể để điều trị rối loạn lo âu. Tùy vào tình trạng, mức độ, thể trạng và hoàn cảnh của từng người mà sẽ có thời gian điều trị khác nhau.</p><p><br></p><p>Thông thường, quá trình đi tham vấn tâm lý và <strong>điều trị bằng liệu pháp tâm lý kéo dài 6 – 8 tuần</strong>. Đối với việc sử dụng thuốc, bạn sẽ thấy tác dụng giải tỏa lo âu sau 4 – 6 tuần, nhưng phải <strong>duy trì sử dụng thuốc ít nhất 1 năm</strong> để não bộ có thể tự điều chỉnh, cân bằng các chất dẫn truyền thần kinh và hoạt động bình thường.</p><p><br></p><p>Khi bắt đầu điều trị, bác sĩ sẽ hẹn bạn thăm khám thường xuyên để kiểm tra tình trạng sức khỏe và xem liệu phương pháp điều trị nào đang có hiệu quả đối với bạn.</p><p><br></p><p>Quá trình điều trị rối loạn lo âu không phải lúc nào cũng suôn sẻ. Một số cách có thể phù hợp với người khác nhưng lại không phù hợp với bạn. Điều quan trọng bạn cần nhớ rằng, các bác sĩ và chuyên gia sẽ cùng bạn để hỗ trợ tìm ra liệu trình tốt nhất cho bạn. Do đó, bạn hãy kiên nhẫn với chính mình xuyên suốt quá trình này nhé!</p><p><br></p><p><img src=\"https://cdn.hellobacsi.com/wp-content/uploads/2023/08/roi-loan-lo-au-co-tu-khoi_229879537.jpg\" alt=\"Điều trị rối loạn lo âu mất bao lâu?\" height=\"667\" width=\"1000\"></p><h2><br></h2><h2><strong>Rối loạn lo âu có tái lại sau khi đã điều trị thành công?</strong></h2><p>Rối loạn lo âu có thể không tự khỏi, nhưng sau khi điều trị thành công, bạn có thể ngăn ngừa tình trạng này. Nhưng một số yếu tố&nbsp;có thể tăng nguy cơ mắc rối loạn lo âu như:</p><p><br></p><ul><li>Vấn đề về tài chính.</li><li>Mất đi một người thân yêu.</li><li>Căng thẳng quá mức trong công việc.</li><li>Gặp các vấn đề nghiêm trọng về sức khỏe.</li><li>Có những thay đổi lớn trong cuộc sống, như kết hôn hoặc chuyển nhà.</li><li><br></li></ul><p>Mức độ lo âu của bạn có thể tăng lên hoặc giảm xuống trong suốt cuộc đời, tùy thuộc vào những gì đang xảy ra xung quanh hoặc những gì bạn đang nghĩ.</p><p><br></p><p>Tuy nhiên, hãy nhớ rằng – lo âu không phải là xấu. Nỗi lo có thể giúp chúng ta chuẩn bị sẵn sàng cho bất cứ điều gì sẽ xảy đến với mình. Nhưng nếu bạn lúc nào cũng cảm thấy lo âu và không thể bình tĩnh lại thì đây chính là lúc cần phải gặp bác sĩ bởi nỗi lo âu đã trở nên trầm trọng hơn.</p><p><br></p><p><span style=\"color: rgb(38, 38, 38);\">Tóm lại, rối loạn lo âu có tự khỏi hay không sẽ phụ thuộc vào nhiều yếu tố, việc bạn uống thuốc đúng chỉ định, trị liệu tâm lý thường xuyên và sử dụng thêm các phương pháp hỗ trợ sẽ là yếu tố quyết định. Hãy nhớ rằng, bạn không phải đối mặt với sự lo âu một mình! Nếu bạn cảm thấy không thể kiểm soát được, hãy liên hệ với chuyên gia tâm lý để được giúp đỡ.</span></p>', NULL, '235523484', '2023-12-09 16:54:59', '6', '18', '1', NULL, '2'),
('31', 'https://res.cloudinary.com/doccomming/image/upload/v1720519428/j4wyg24gkpyzy86i2gh0.jpg', 'Rối loạn lưỡng cực là gì? 2 bài test rối loạn cực mẫu', 'Rối loạn lưỡng cực gây ảnh hưởng đến tâm trạng, mối quan hệ, sức khỏe thể chất, tinh thần và làm tăng nguy cơ tự tử của người mắc phải. Do đó, bên cạnh việc tìm hiểu thông tin về rối loạn lưỡng cực là gì, nhiều người còn muốn thực hiện các bài test rối loạn lưỡng cực để đánh giá tình trạng sức khỏe tinh thần của bản thân.', '<h2><strong>Rối loạn lưỡng cực là gì?</strong></h2><p>Rối loạn lưỡng cực (Bipolar disorder) là một rối loạn tâm trạng&nbsp; mà người bệnh trải qua các cảm xúc buồn hoặc vui quá mức và thay đổi, dao động tâm trạng mạnh mẽ.&nbsp;</p><p><br></p><p>Hai trạng thái chính trong rối loạn lưỡng cực là trạng thái hưng cảm hoặc hưng cảm nhẹ và<a href=\"https://hellobacsi.com/tam-ly-tam-than/tram-cam-roi-loan-cam-xuc/tram-cam/\" rel=\"noopener noreferrer\" target=\"_blank\" style=\"color: rgb(45, 135, 243);\"> </a>trạng thái trầm cảm. Sự thay đổi giữa hai trạng thái này có thể xảy ra một cách đột ngột hoặc từ từ.</p><p><br></p><h2><strong>Mục đích của các bài test rối loạn lưỡng cực là gì?</strong></h2><h3><strong>Nhận diện rối loạn lưỡng cực</strong></h3><p>Test rối loạn lưỡng cực sẽ giúp xác định xem liệu bạn có nhiều các triệu chứng hưng cảm/hưng cảm nhẹ và trầm cảm ở hiện tại hoặc trong quá khứ hay không.</p><p><br></p><h3><strong>Chẩn đoán thông qua các triệu chứng</strong></h3><p>Các quiz test rối loạn lưỡng cực cung cấp thông tin quan trọng để hỗ trợ quá trình chẩn đoán chính xác, giúp xác định xem liệu một người có đáp ứng đủ tiêu chuẩn chẩn đoán rối loạn lưỡng cực hay chưa.</p><p><br></p><h3><strong>Đánh giá mức độ nghiêm trọng và tình trạng lâm sàng</strong></h3><p>Các test rối loạn cảm xúc lưỡng cực cũng có thể giúp xác định mức độ nghiêm trọng của giai đoạn bệnh hiện tại trong&nbsp; rối loạn lưỡng cực và tác động của nó đối với cuộc sống hàng ngày của bạn.&nbsp;</p><p><br></p><h3><strong>Theo dõi và quản lý điều trị</strong></h3><p>Các test rối loạn lưỡng cực cũng có thể được sử dụng để theo dõi đáp ứng điều trị, đưa ra liệu pháp hỗ trợ cho người rối loạn lưỡng cực phù hợp nhất.&nbsp;</p><p><br></p><p>Bằng cách đánh giá thay đổi các triệu chứng của bệnh nhân, chuyên gia có thể đánh giá hiệu quả của phác đồ điều trị và điều chỉnh nếu cần thiết.</p><p><br></p><p><img src=\"https://cdn.hellobacsi.com/wp-content/uploads/2023/11/test-roi-loan-luong-cuc.jpg\" alt=\"test rối loạn lưỡng cực\" height=\"667\" width=\"1000\"></p><p><br></p><h2><strong>Khi nào bạn cần làm test rối loạn lưỡng cực?</strong></h2><h3><strong>Bạn có triệu chứng của hưng cảm hoặc hưng cảm nhẹ</strong></h3><p>Bạn có tâm trạng hưng phấn, hào hứng vui vẻ hoặc cáu gắt hơn so với bình thường kéo dài ít nhất 4 ngày trở lên, nhiều năng lượng , tư duy suy nghĩ nhanh và nhiều ý tưởng, dự định xuất hiện trong đầu không kiểm soát được, nói nhanh và nhiều hơn bình thường, cảm thấy muốn làm thật nhiều việc, nhiều dự án, hành vi không kiểm soát được như dễ kích động, gây hấn…</p><p><br></p><p>Bạn có những ý tưởng hoang đường, tăng ham muốn tình dục, tăng mong muốn gian lận hoặc hành động liều lĩnh mà không có khả năng đánh giá rủi ro. Bạn sẽ có xu hướng tham gia vào những hành vi nguy cơ rủi ro cao như đầu tư, kinh doanh, làm từ thiện bằng số tiền lớn hơn với khả năng tài chính của bản thân; thích tham gia vào các hoạt động mạo hiểm như lái xe nhanh quá tốc độ; thích trang điểm làm đẹp và chau chuốt vẻ ngoài hơn bình thường.</p><p><br></p><h3><strong>Bạn có triệu chứng của trầm cảm</strong></h3><p>Bạn có tâm trạng buồn rầu, mất hứng thú, chán nản, mệt mỏi và cảm thấy giá trị bản thân thấp, tự ti, tội lỗi trong thời gian kéo dài ít nhất 2 tuần. Bạn thường gặp khó khăn trong việc tập trung chú ý do dự và khó ra quyết định.</p><p><br></p><p>Bạn rất hay suy nghĩ tiêu cực về tương lai hoặc có ý nghĩ tự tử. Mất ngủ, ăn uống kém, sụt cân, chậm chạp hơn trước và giảm năng suất và hiệu quả học tập, làm việc và các quan hệ xã hội.</p><h3><strong>Kết hợp cả hai nhóm triệu chứng của hưng – trầm cảm</strong></h3><p><br></p><p>Bạn trải qua các chu kỳ thay đổi giữa các trạng thái hưng cảm hoặc hưng cảm nhẹ và trầm cảm. Các triệu chứng có thể kéo dài từ <strong>vài tuần đến vài tháng.</strong> Sự thay đổi tâm trạng gây ảnh hưởng tiêu cực đáng kể đến công việc, học tập, quan hệ cá nhân hoặc các hoạt động hàng ngày của bạn.</p><p><br></p><h3><strong>Ảnh hưởng tiêu cực đến cuộc sống hàng ngày</strong></h3><p>Rối loạn lưỡng cực gây ảnh hưởng tiêu cực đến sức khỏe, quan hệ công việc, quan hệ gia đình, quan hệ tình dục hoặc tương tác xã hội của bạn. Những biểu hiện của bạn gây lo lắng, stress hoặc khó khăn đối với bạn và những người xung quanh.</p><p><br></p><h3><strong>Gia đình hoặc yếu tố di truyền</strong></h3><p>Trong gia đình của bạn có người mắc rối loạn lưỡng cực thì nguy cơ mắc rối loạn này của bạn tăng từ 20-30% so với dân số chung.&nbsp; Khi bạn thuộc nhóm này và/hoặc nhận thấy bản thân có những triệu chứng tương tự nghi ngờ rối loạn lưỡng cực thì cần làm bài test kiểm tra này.</p><p><br></p><h2><strong>Test rối loạn lưỡng cực Goldberg</strong></h2><p><br></p><p><strong>Bài test tầm soát rối loạn lưỡng cực Goldberg (Goldberg Bipolar Spectrum Screening Quiz)</strong> là một công cụ tự đánh giá được phát triển bởi nhà tâm lý học Ivan K. Goldberg.&nbsp;</p><p><br></p><p>Test tầm soát rối loạn cảm xúc lưỡng cực này gồm <strong>12 câu hỏi</strong>, nhằm xác định sự xuất hiện của các dấu hiệu và triệu chứng rối loạn phổ lưỡng cực, một loại rối loạn khí sắc (tâm trạng)đặc trưng bởi sự dao động và kém ổn định về cảm xúc.</p><p><br></p><p>Bài test này dành cho người từ đủ 18 tuổi trở lên và đã từng trải qua ít nhất một giai đoạn trầm cảm trong đời.</p><p><br></p><h3><strong>Các mức độ đánh giá</strong></h3><p><br></p><ul><li>Không bao giờ: 0 điểm</li><li>Một chút: 1 điểm</li><li>Có đôi khi: 2 điểm</li><li>Mức độ vừa phải: 3 điểm</li><li>Khá nhiều: 4 điểm</li><li>Rất nhiều: 5 điểm</li></ul><p><br></p><h3><strong>Nội dung quiz test rối loạn lưỡng cực&nbsp;</strong></h3><p><br></p><ol><li>Đôi khi, tôi nói rất nhiều và nhanh hơn thường lệ.</li><li>Có những khoảng thời gian mà khi đó tôi trở nên cực kỳ năng động và làm việc nhiều hơn bình thường.</li><li>Thỉnh thoảng, tôi có cảm giác tâm trạng mình cáu kỉnh hoặc gấp gáp vội vã hơn bình thường.</li><li>Có những lúc tôi cảm thấy vừa hào hứng, vui vẻ lại vừa buồn phiền, chán nản trong cùng một thời điểm.</li><li>Thỉnh thoảng, tôi sẽ có sự quan tâm đặc biệt đến chuyện tình dục nhiều hơn bình thường.</li><li>Mức độ tự tin của tôi đôi khi trải qua một quá trình biến đổi nhanh chóng từ sự thiếu tự tin đến tự tin quá mức.</li><li>Có những giai đoạn tôi có sự thay đổi lớn về cả số lượng hoặc chất lượng công việc.</li><li>Đôi khi, tôi có thể trở nên tức giận hoặc chống đối mà không có lý do cụ thể.</li><li>Có lúc tôi trải qua những giai đoạn cực kỳ lạc quan và giai đoạn bi quan không rõ nguyên do.</li><li>Tôi đã trải qua giai đoạn buồn tẻ, uể oải không rõ nguyên do và giai đoạn rất vui vẻ, sáng tạo trong công việc.</li><li>Thỉnh thoảng, tôi rất muốn ở trong môi trường đông người, nhưng cũng&nbsp; có lúc chỉ muốn yên tĩnh để suy nghĩ riêng một mình.</li><li>Tôi đã từng trải qua những lúc khóc lóc, buồn bã và có những lúc lại cười đùa, vui vẻ&nbsp; quá mức bình thường.</li></ol><h3><br></h3><h2><strong>Sau khi thực hiện test rối loạn lưỡng cực bạn cần làm gì?</strong></h2><p>Sau khi thực hiện rối loạn lưỡng cực test, nếu kết quả cho rằng bạn có khả năng cao mắc phải chứng rối loạn lưỡng cực, quan trọng nhất là tìm kiếm sự hỗ trợ chuyên môn của các bác sĩ hoặc tâm lý gia để được tư vấn, thăm khám và điều trị kịp thời.</p><p><br></p><p>Dưới đây là một số tham khảo bạn có thể thực hiện:</p><p><br></p><h3><strong>Tìm hiểu về bệnh lý</strong></h3><p><span style=\"color: rgb(38, 38, 38);\">Hiểu rõ về rối loạn lưỡng cực có thể giúp bạn và người thân hiểu và chấp nhận tình trạng của bạn. Điều này cũng sẽ giúp bạn nhận biết các dấu hiệu cảnh báo và quản lý tình trạng của mình một cách hiệu quả.</span></p><p><br></p><h3><strong>Nhờ đến sự tư vấn và can thiệp của chuyên gia, bác sĩ</strong></h3><p>Liên hệ với bác sĩ tâm lý hoặc chuyên gia tâm thần học để được tư vấn và chẩn đoán chính xác. Họ có thể đề xuất phương pháp điều trị phù hợp như dùng thuốc, tư vấn tâm lý hoặc các phương pháp liệu pháp khác phù hợp nhất dành cho bạn.</p><p><br></p><h3><strong>Tuân thủ kế hoạch điều trị</strong></h3><p>Điều trị rối loạn lưỡng cực thường bao gồm sử dụng thuốc và/hoặc tư vấn tâm lý. Bạn đặc biệt cần tuân thủ đúng liều lượng và lịch trình của thuốc, cũng như tham gia đầy đủ các buổi tư vấn và liệu pháp.</p><p><br></p><h3><strong>Thực hiện các liệu pháp tại nhà</strong></h3><p>Thay đổi trong lối sống, bên cạnh việc tuân thủ điều trị, hãy chú trọng đến việc chăm sóc bản thân:</p><ul><li>Ngủ ít nhất 7 đến 9 giờ mỗi đêm.</li><li>Tập thể dục ít nhất 30 phút mỗi ngày.</li><li>Tránh những mối quan hệ không lành mạnh.</li><li>Thực hành các phương pháp giảm stress&nbsp;như&nbsp;thiền,yoga hay tập thể dục.</li><li>Ăn một chế độ ăn uống đúng giờ giấc, cân bằng, lành mạnh, giàu trái cây và rau quả.</li></ul><p><br></p><h4><strong>Theo dõi tình trạng của mình</strong></h4><p><br></p><p>Ghi chép và theo dõi các triệu chứng và cảm xúc của bạn theo thời gian. Thường thì các bác sĩ hoặc tâm lý gia sẽ yêu cầu bạn làm biểu đồ cảm xúc (mood chart) để theo dõi triệu chứng cũng như đáp ứng điều trị.&nbsp;</p><h4>Tránh các chất gây nghiện</h4><p><br></p><p>Nếu bạn mắc phải rối loạn lưỡng cực, hãy hạn chế hoặc tránh sử dụng các chất gây nghiện như thuốc lá, rượu, ma túy hoặc chất kích thích.&nbsp;Những chất này có thể gây tác động tiêu cực đến tâm trạng và tăng nguy cơ xảy ra các tình trạng khủng hoảng, rối loạn hành vi.</p><p><br></p><h2><strong>Kết luận</strong></h2><p>Sau khi hoàn thành test rối loạn lưỡng cực, nếu phát hiện bản thân có nguy cơ mắc bệnh, bạn hãy tìm sự hỗ trợ chuyên nghiệp từ các chuyên gia tâm lý hoặc bác sĩ để được đánh giá và điều trị kịp thời.</p><p><br></p><p>Đồng thời, hãy chú trọng đến sức khỏe tâm thần của mình bằng cách duy trì một lối sống lành mạnh, quản lý stress hiệu quả và tìm kiếm sự đồng hành, giúp đỡ từ người thân nhé!</p>', NULL, '235523484', '2023-08-09 17:03:48', '6', '19', '1', '17', '1'),
('32', 'https://res.cloudinary.com/doccomming/image/upload/v1720519840/m96hlmwnphfl77bjqsdn.webp', 'Da sần sùi mụn ẩn: Nguyên nhân, dấu hiệu, cách điều trị và phòng ngừa', 'Da sần sùi mụn ẩn là tình trạng da xảy ra khá phổ biến. Không chỉ khiến da yếu đi, dễ nhiễm khuẩn mà tình trạng này còn gây ảnh hưởng lớn đến tính thẩm mỹ trên làn da của một người.', '<p><strong>Da sần sùi mụn ẩn là tình trạng da xảy ra khá phổ biến. Không chỉ khiến da yếu đi, dễ nhiễm khuẩn mà tình trạng này còn gây ảnh hưởng lớn đến tính thẩm mỹ trên làn da của một người.</strong></p><p><br></p><p>Nguyên nhân nào khiến da bị sần sùi mụn ẩn? Làm thế nào để khắc phục, lấy lại làn da khỏe mạnh, mịn màng?</p><p><br></p><h2><strong>Thế nào là da sần sùi mụn ẩn?</strong></h2><p>Da sần sùi mụn ẩn là tình trạng da đang gặp phải 2 vấn đề:&nbsp;Da mặt khô sần sùi và da mặt nổi mụn ẩn.</p><p><br></p><p>Chất bã nhờn tự nhiên (sebum) có công dụng cấp ẩm và giữ ẩm cho da. Tuy nhiên, nếu da sản xuất quá nhiều dầu nhờn sẽ gây mụn. Ngược lại, nếu lượng dầu nhờn trên da quá ít sẽ khiến da mặt bị khô ráp, kém mịn màng.</p><p><br></p><p>Tình trạng da khô sần sùi có kèm theo nhiều mụn ẩn thì khả năng cao có liên quan đến chất bã nhờn tự nhiên. Nếu bã nhờn tiết quá nhiều sẽ làm cho lỗ chân lông bị bịt kín dẫn đến nổi mụn bên dưới da hay còn gọi là mụn ẩn.</p><p><br></p><h2><strong>Nguyên nhân khiến da mặt bị sần sùi nhiều mụn ẩn</strong></h2><p>Ngoài nguyên nhân khiến da mặt sần sùi và nổi mụn ẩn do bã nhờn, dưới đây là một số nguyên nhân khác có thể dẫn đến tình trạng này:</p><p><br></p><h3><strong>Mất cân bằng nội tiết tố</strong></h3><p>Mất cân bằng nội tiết tố là nguyên nhân khiến da mặt bị nổi mụn ẩn. Những thời điểm nội tiết tố trong cơ thể thay đổi là tuổi dậy thì, chu kỳ kinh nguyệt, mang thai, phụ nữ đến tuổi tiền mãn kinh, mãn kinh…</p><p><br></p><h3><strong>Vệ sinh da mặt không sạch</strong></h3><p>Các hoạt động hàng ngày khiến cơ thể tăng tiết mồ hôi, nếu bạn không giữ da mặt sạch sẽ thì có thể dẫn đến tình trạng tích tụ bụi bẩn và vi khuẩn ở nang lông. Theo thời gian da mặt sẽ bắt đầu xuất hiện các mụn ẩn, gây ngứa và dẫn đến tình trạng khô ráp, bong tróc.</p><p><br></p><h3><strong>Các yếu tố môi trường</strong></h3><p>Một trong các nguyên nhân phổ biến khiến cho da mặt bị sần sùi mụn ẩn là do các yếu tố bên ngoài môi trường bất lợi.</p><ul><li><strong>Khí hậu:&nbsp;</strong>Nhiệt độ môi trường có thể ảnh hưởng đến quá trình hydrat hóa làn da, nhất là vào mùa đông. Lúc này khí hậu trở nên hanh khô, thiếu ẩm nên dễ khiến cho da mặt bị khô và dễ trong tróc.</li><li><strong>Do tính chất nghề nghiệp:</strong>&nbsp;Do tính chất công việc yêu cầu bạn phải làm việc ngoài trời hoặc tiếp xúc với hóa chất… Về lâu dài, những yếu tố này khiến da mặt dễ bị khô, sần sùi, nổi nhiều mụn ẩn.</li></ul><p><br></p><h3><strong>Tuổi tác</strong></h3><p>Càng lớn tuổi, chức năng trao đổi chất của cơ thể càng suy giảm. Lúc này, lượng nước và các chất lỏng nạp vào cơ thể để nuôi dưỡng các tế bào cũng chuyển hóa chậm chạp hơn. Sự suy giảm chức năng theo độ tuổi khiến cho các tuyến dầu hoạt động yếu và chậm hơn, khiến da dễ bị khô, mỏng và ít đàn hồi hơn.</p><p><br></p><h3><strong>Di truyền / Tiền sử gia đình</strong></h3><p>Bạn có khả năng mắc các vấn đề da mặt tương tự, nếu cha mẹ hoặc người thân trong gia đình từng mắc phải. Tuy nhiên, các nghiên cứu cũng chưa thể xác định chính xác tỷ lệ di truyền là bao nhiêu phần trăm.</p><p><br></p><h3><strong>Tác dụng phụ của thuốc</strong></h3><p>Một số loại thuốc corticosteroid có thể kéo theo các tác dụng phụ khiến da mặt bị sần sùi, khô và nổi mụn ẩn. Hoặc nó sẽ khiến cho tình trạng da sần sùi mụn ẩn trở nên nghiêm trọng hơn.</p><p><br></p><h3><strong>Căng thẳng, lo lắng thường xuyên</strong></h3><p><span style=\"color: rgb(38, 38, 38);\">Tình trạng căng thẳng và lo lắng kéo dài là tín hiệu để cơ thể liên tục tiết ra cortisol. Khi nồng độ cortisol trong cơ thể luôn ở mức cao thì khả năng cao sẽ kéo theo một số tình trạng: Vấn đề về tiêu hóa, căng thẳng, khó ngủ hay thậm chí là gây ra một số vấn đề da.</span></p><p><br></p><p><img src=\"https://cdn.hellobacsi.com/wp-content/uploads/2023/12/da-mat-san-sui-mun-an-1645994054.jpeg\" height=\"667\" width=\"1000\"></p><p><br></p><h2><strong>Dấu hiệu nhận biết tình trạng da mặt bị sần sùi và mụn ẩn</strong></h2><p><br></p><p>Tình trạng da bị sần sùi nổi mụn ẩn thường rất dễ nhận biết, bạn có thể nhận diện thông qua các dấu hiệu điển hình sau:</p><ul><li>Ngứa trên bề mặt</li><li>Da bị lão hoá với các nếp nhăn li ti</li><li>Da nổi nhiều mẩn đỏ, sưng đau, ngứa ngáy</li><li>Khi chạm vào da có cảm giác sần sùi, không mịn màng</li><li>Mụn ẩn xuất hiện nhiều, phân bố li ti bên dưới da</li><li>Da khô, căng, thường xuyên bong tróc như vảy</li><li>Lỗ chân lông to, đặc biệt là vùng chữ T và hai bên má</li><li>Xuất hiện nhiều mụn đầu đen do tích tụ bụi bẩn ở nang lông.</li></ul><p><br></p><h2><strong>Cách điều trị tình trạng da mặt sần sùi và mụn ẩn</strong></h2><h3><strong>Dùng kem dưỡng ẩm</strong></h3><p>Kem dưỡng ẩm giúp cân bằng độ pH và giữ ẩm cho da. Sử dụng kem dưỡng ẩm thường xuyên sẽ giúp cải thiện tình trạng da khô sần sùi mụn ẩn.</p><p><br></p><h3><strong>Thuốc kháng sinh</strong></h3><p>Để cải thiện hoặc điều trị triệt để tình trạng da mặt sần sùi nổi mụn ẩn, bạn nên gặp bác sĩ để được chẩn đoán và kê đơn một số loại thuốc kháng sinh để giúp cải thiện làn da.</p><p><br></p><h3><strong>Sử dụng retinol</strong></h3><p>Retinol là một dẫn xuất của vitamin A. Chúng hoạt động bằng cách trung hòa các gốc tự do trong da, những gốc có thể gây tổn thương đến tế bào collagen. Retinol có công dụng cấp ẩm, tăng độ đàn hồi, làm chậm quá trình sản xuất sắc tố melanin, đồng thời giúp giảm viêm và phòng ngừa tình trạng tắc nghẽn lỗ chân lông.</p><p><br></p><h3><strong>Alpha hydroxy acids (AHAs)</strong></h3><p>Alpha hydroxy acids là axit tẩy tế bào da chết giảm bã nhờn, vi khuẩn và các yếu tố hình thành mụn ẩn khác, đồng thời thúc đẩy sự thẩm thấu của các loại thuốc trị mụn khác.</p><p><br></p><h3><strong>Thuốc tiêm corticosteroid</strong></h3><p>Ngoài ra, một cách khác giúp loại bỏ các mụn ẩn dưới da là gặp bác sĩ da liễu để tham khảo ý kiến về việc tiêm cortisone cho da. Những mũi tiêm này sẽ được đưa trực tiếp vào mụn, giúp thúc đẩy quá trình chữa lành và cải thiện tình trạng viêm da.&nbsp;</p><p>Sau khi tiêm khoảng từ 24 – 48 tiếng thì các nốt mụn ẩn sẽ dần biến mất. Nếu mụn ẩn vẫn tiếp tục xuất hiện sau đó thì bác sĩ có thể chỉ định bạn dùng thêm 1 số loại thuốc uống như: Thuốc kháng sinh, viên cân bằng nội tiết tố và kiểm soát bã nhờn trên da.</p><p><br></p><h3><strong>Điều trị da mặt sần sùi mụn ẩn bằng các liệu pháp tự nhiên</strong></h3><p>Bạn có thể sử dụng tinh dầu tràm trà để điều trị mụn ẩn dưới da, nhờ vào khả năng chống viêm và kháng khuẩn tự nhiên. Ngoài tinh dầu cây tràm trà, bạn cũng có thể thử sử dụng mật ong nguyên chất để thoa lên mặt. Mật ong sẽ giúp giảm viêm, diệt khuẩn và giảm tình trạng sưng tấy trên da mặt.</p><p><br></p><h2><strong>Cách phòng ngừa tình trạng da mặt sần sùi mụn ẩn</strong></h2><p>Trong quá trình điều trị, để tăng hiệu quả cũng như phòng ngừa tình trạng tái phát, bạn hãy lưu ý và tuân thủ các điều sau:</p><ul><li>Tuân thủ các chỉ định của bác sĩ trong quá trình điều trị</li><li>Dùng kem chống nắng, mặc áo chống nắng để bảo vệ da mặt khỏi ánh nắng mặt trời</li><li>Uống đủ nước và sử dụng kem dưỡng ẩm để da luôn trong trạng thái mềm mại, không bị khô ráp</li><li>Rửa mặt 2 lần/ngày đồng thời tẩy trang và tẩy tế bào chết đối với những ai thường xuyên sử dụng mỹ phẩm</li><li>Tuyệt đối không tự ý nặn mụn, không chạm tay lên mặt khi chưa rửa tay</li><li>Xây dựng lối sống tích cực, ăn uống lành mạnh và đồng thời hạn chế sử dụng các chất kích như: Thuốc lá, rượu, bia, hóa chất…</li></ul><h3><strong>Kết luận</strong></h3><p><span style=\"color: rgb(38, 38, 38);\">Hy vọng nội dung đã giúp bạn giải đáp thắc mắc da mặt sần sùi mụn ẩn là gì và làm cách nào để cải thiện và điều trị. Chúc bạn điều trị thành công và sớm khôi phục lại làn da mịn màng.</span></p>', NULL, '235523484', '2023-09-09 17:10:42', '7', '20', '1', '4', '1'),
('33', 'https://res.cloudinary.com/doccomming/image/upload/v1720520259/xofp9col1mcjzn9r7mak.png', 'Cách lấy nhân mụn không cần nặn', 'Nếu bạn đang tìm cách lấy nhân mụn không cần nặn thì có thể bạn đã có những hiểu biết nhất định về tác hại của việc nặn mụn.', '<p>Trong bài viết này, chúng ta sẽ cùng tìm hiểu xem không nặn mụn có tự hết không và những cách lấy nhân mụn không cần nặn.</p><p><br></p><h2><strong>Không nặn mụn có tự hết không?&nbsp;</strong></h2><p><br></p><p><span style=\"color: rgb(38, 38, 38);\">Tùy vào tình trạng da và từng loại mụn khác nhau mà mụn có thể tự hết hoặc không. Đối với các loại mụn như mụn đầu đen, mụn đầu trắng li ti có thể tự biến mất thông qua việc chăm sóc da hàng ngày. Tuy nhiên đối với các loại mụn như mụn bọc, mụn mủ, mụn lớn, mụn viêm thì chúng cần được can thiệp điều trị; vì nếu không chúng sẽ không thể tự khỏi.</span></p><p><br></p><h2><strong>Cách lấy nhân mụn không cần nặn</strong></h2><p>Cách lấy nhân mụn không cần nặn có nghĩa là làm nhân mụn tự trồi lên và sau đó rời khỏi da mặt mà bạn không cần nặn bằng tay hay dụng cụ hỗ trợ.&nbsp;Dưới đây là một số cách hỗ trợ điều trị mụn mà không cần nặn:</p><p><br></p><h3><strong>Rửa mặt 2 lần mỗi ngày</strong></h3><p><span style=\"color: rgb(38, 38, 38);\">Nếu bạn có làn da nhờn và dễ nổi mụn thì bạn nên chăm chỉ rửa mặt 2 lần sáng – tối mỗi ngày hoặc sau khi bạn ra nhiều mồ hôi bằng sữa rửa mặt dịu nhẹ.</span></p><p><br></p><h3><strong>Sử dụng kem bôi ngoài da benzoyl peroxide 5%</strong></h3><p>Theo như lời khuyên của các gia, viết trên kênh thông tin chăm sóc sức khỏe – Nemours Children’s Health, chìa khóa để mụn nhanh khỏi chính là kiên nhẫn chờ đợi. Bên cạnh đó, để những nốt mụn nhanh khô và mau lành hơn thì các chuyên gia khuyến khích sử sử dụng kem bôi ngoài da <strong>benzoyl peroxide 5%.</strong></p><p><br></p><p>Benzoyl peroxide được sử dụng để điều trị mụn trứng cá. Nó hoạt động như một chất khử trùng để giảm số lượng vi trùng (vi khuẩn) trên bề mặt da.</p><p><br></p><p><strong>Lưu ý: </strong>Nếu da của bạn bị khô trong quá trình sử dụng, bạn nên chọn loại có nồng độ benzoyl peroxide thấp hơn. Chúng có loại từ 2,5 – 10%.</p><p><br></p><h3><strong>Sử dụng các loại thuốc đặc trị</strong></h3><p>Cách lấy nhân mụn không cần nặn đối với các loại mụn có tình trạng nặng hơn là sử dụng thêm các loại kem đặc trị chứ không chỉ dừng ở việc làm sạch và giữ sạch cho da mặt.</p><p><br></p><p><strong>Một số các loại kem đặc trị mụn cho các trường hợp mụn khác nhau:</strong></p><p><br></p><ul><li><strong>Mụn sần</strong>: Để làm sạch loại mụn này, bạn hãy thử rửa mặt hai lần mỗi ngày bằng sữa rửa mặt trị mụn có chứa benzoyl peroxide hoặc axit salicylic.</li><li><strong>Mụn mủ (có chất lỏng màu vàng):</strong>&nbsp;Bạn hãy rửa mặt bằng sản phẩm trị mụn có chứa benzoyl peroxide hoặc axit salicylic, tuy nhiên nếu tình trạng không thuyên giảm bạn nên đi khám da liễu sớm để được điều trị sớm.</li><li><strong>Da sần sùi mụn ẩn</strong>: Sử dụng retinol. Retinol là một dẫn xuất của vitamin A. Chúng hoạt động bằng cách trung hòa các gốc tự do trong da, những gốc có thể gây tổn thương đến tế bào collagen.</li></ul><p><br></p><h3><strong>Kiên nhẫn chờ đợi mà không chạm vào chúng</strong></h3><p>Việc chạm tay lên mặt và nặn mụn có thể khiến tình trạng mụn trở nên trầm trọng hơn. Do đó, các chuyên gia chăm sóc da mặt khuyến khích chúng ta nên giữ cho bàn tay thật sạch và hạn chế dùng tay chạm lên da mặt.&nbsp;</p><p>Ngoài ra, đối với các loại mụn như các nốt sần to cứng, mụn mủ hoặc các nốt u nang có thể sẽ gây đau và gây viêm da, do đó việc sử dụng nước đá lạnh chườm lên sẽ giúp giảm viêm hiệu quả.</p><p><br></p><p><img src=\"https://cdn.hellobacsi.com/wp-content/uploads/2024/04/cach-lay-nhan-mun-khong-can-nan_432.png\" alt=\"Cách lấy nhân mụn không cần nặn\" height=\"800\" width=\"1200\"></p><p><br></p><h3><strong>Các câu hỏi thường gặp</strong></h3><h3>Những loại mụn nên và không nên nặn</h3><ul><li><strong>Những loại mụn nên nặn:</strong>&nbsp;Những nốt mụn có kích thước lớn, nhân mụn đã hình thành bên trong, chân mụn bám sâu dưới da, mụn để lâu ngày không khỏi.</li><li><strong>Những loại mụn không nên nặn:</strong>&nbsp;Mụn nhỏ, mụn li ti, mụn chưa hình thành nhân mụn, mụn mọc thỉnh thoảng không kèm theo các triệu chứng y khoa.</li></ul><p><br></p><h3><strong>Kết luận</strong></h3><p>Về mặt y khoa nói chung và chuyên khoa da liễu nói riêng, hầu hết các bác sĩ đều không khuyến khích bạn nặn mụn. Do đó, cách bạn nên làm để nhân mụn mà không cần nặn đó chính là kiên nhẫn chờ đợi chúng. Nếu chúng kiên trì hơn sự chờ đợi thì bạn nên tìm đến bác sĩ, vì đó là những trường hợp mà bạn cần can thiệp điều trị.</p>', NULL, '235523484', '2023-10-09 17:17:39', '7', '21', '1', '4', '2'),
('34', 'https://res.cloudinary.com/doccomming/image/upload/v1720520561/n3nzp0n4yrkdgliozuto.jpg', 'Bác sĩ giải đáp: Bệnh vảy nến có lây không?', 'Vảy nến là bệnh mãn tính ảnh hưởng rất nhiều đến tính thẩm mỹ, làm giảm chất lượng cuộc sống của người bệnh. Bệnh vảy nến có lây không? Cách điều trị bệnh thế nào cho hiệu quả?', '<p>Bệnh vảy nến do rối loạn hệ miễn dịch và yếu tố di truyền gây ra, nên <strong>bệnh không lây nhiễm từ người này sang người khá</strong>c. Bạn có thể tìm hiểu rõ hơn về bệnh vảy nến qua bài viết sau!</p><p><br></p><h2><strong>Bệnh vảy nến là gì?&nbsp;</strong></h2><p><br></p><p>Vẩy nến là tình trạng tự miễn dịch gây viêm da kèm theo&nbsp;các triệu chứng khác như da đổi màu, ngứa đỏ, vảy bạc từng mảng và kích ứng. Đây cũng là tình trạng da mãn tính, có thể bùng phát bất ngờ và không có cách chữa trị dứt điểm.</p><p><br></p><h2><strong>Các thể bệnh vảy nến thường gặp:</strong></h2><p><br></p><p>Tùy vào vị trí và đặc điểm của vết thương trên da mà bệnh có các thể khác nhau:</p><p><br></p><ul><li><strong>Vảy nến móng tay</strong>: Làm đổi màu da, rỗ móng tay, móng chân.</li><li><strong>Vảy nến mủ</strong>: Xuất hiện những vết sưng nhỏ chứa đầy mủ trên các mảng bám.</li><li><strong>Vảy nến đảo ngược</strong>: Xuất hiện ở các nếp gấp trên da, cùng các mảng mỏng không có vảy.</li><li><strong>Vảy nến thể mảng bám</strong>: Đây là bệnh vảy nến phổ biến nhất, chiếm khoảng 80-90% ở người mắc bệnh. Nó thường xuất hiện ở mặt sau cẳng tay, cẳng chân, vùng rốn và da đầu.</li><li><strong>Vảy nến da đầu</strong>: Xuất hiện trên mặt và da đầu dưới dạng các vết sưng và mảng bám có vảy màu vàng, nhờn.</li><li><strong>Vảy&nbsp;nến Erythrodermic</strong>: Là tình trạng da nghiêm trọng ảnh hưởng đến vùng da lớn (&gt;90%), cũng như làm đổi màu da trên diện rộng.</li></ul><p><br></p><p><img src=\"https://cdn.hellobacsi.com/wp-content/uploads/2023/10/vay-nen-co-lay-khong.jpeg\" alt=\"bệnh vảy nến có lây không\" height=\"667\" width=\"1000\"></p><p><br></p><h2><strong>Nguyên nhân bệnh vảy nến</strong></h2><p>Bạn có thể xem thêm những lý giải về nguyên nhân gây bệnh sau đây để hiểu tại sao vảy nến không phải là bệnh truyền nhiễm.</p><p><br></p><h3><strong>Hệ thống miễn dịch</strong></h3><p>Hệ miễn dịch có cơ chế phòng vệ giúp cơ thể chống lại vi khuẩn, ngăn ngừa bạn nhiễm bệnh. Tuy nhiên, khi hệ miễn dịch tấn công nhầm vào các tế bào khỏe mạnh thì sẽ gây các bệnh tự miễn. Trong đó có bệnh vẩy nến.</p><p><br></p><p>Các mảng vảy có thể xuất hiện ở bất kỳ bộ phận nào trên cơ thể, thường tập trung ở khuỷu tay, đầu gối và da đầu.</p><p><br></p><p><img src=\"https://cdn.hellobacsi.com/wp-content/uploads/2023/10/benh-vay-nen-co-lay-khong-6.jpg\" alt=\"bệnh vảy nến có lây không và nguyên nhân\" height=\"667\" width=\"1000\"></p><p><br></p><h3><strong>Yếu tố di truyền</strong></h3><p>Bạn có nguy cơ mắc bệnh vảy nến cao hơn hoặc khởi phát bệnh từ sớm nếu cha mẹ từng mắc bệnh này.</p><p><br></p><h2><strong>Các biến chứng của bệnh vảy nến</strong></h2><p>Nếu không được phát hiện sớm và điều trị đúng cách, bệnh vảy nến có thể gây các biến chứng khác như:</p><p><br></p><ul><li><strong>Thay đổi màu da tạm thời&nbsp;</strong>khiến&nbsp;giảm sắc tố sau viêm hoặc tăng sắc tố sau khi các mảng bám đã lành.</li><li><strong>Viêm khớp vảy nến</strong>&nbsp;gây đau, cứng, sưng trong và xung quanh khớp làm giới hạn hoạt động trong sinh hoạt thường ngày. Viêm khớp vảy nến có thể diễn tiến viêm đa khớp.</li><li><strong>Các bệnh tự miễn khác</strong>&nbsp;như bệnh celiac, xơ cứng và bệnh viêm ruột – bệnh Crohn.</li></ul><p><br></p><h2><strong>Chẩn đoán bệnh</strong></h2><p>Bác sĩ có thể yêu cầu người bệnh thực hiện xét nghiệm sinh thiết da để xác định tình trạng bệnh. Trong quy trình sinh thiết, bác sĩ sẽ lấy một mẫu mô da nhỏ trên mảng bám và kiểm tra nó dưới kính hiển vi để chẩn đoán chính xác nhất.</p><p><br></p><h2><strong>4 cách điều trị vảy nến theo y khoa</strong></h2><p>Sau khi hiểu rõ bệnh vảy nến có lây không, bạn có thể tham khảo cách điều trị bệnh vảy nến theo y khoa giúp giảm triệu chứng.</p><p><br></p><h3><strong>1. Điều trị bệnh vảy nến bằng thuốc</strong></h3><p>Thuốc dạng bôi ngoài da. Hầu hết bệnh vẩy nến được điều trị bằng thuốc bôi trực tiếp lên vùng da bị tổn thương. Các loại thuốc thường dùng bao gồm:</p><p><br></p><ul><li>Kem dưỡng ẩm</li><li>Kem thuốc mỡ cortisone</li><li>Kem hoặc thuốc mỡ có chứa nhựa than đá hoặc anthralin</li><li>Kem loại bỏ vảy như axit salicylic hoặc axit lactic</li><li>Dầu gội trị gàu không kê đơn hoặc theo toa</li><li>Thuốc kê đơn chứa dẫn xuất vitamin D hoặc vitamin A (retinoids).</li><li><br></li></ul><p>Nếu các triệu chứng bệnh không cải thiện sau khi thoa thuốc hoặc vùng da bị tổn thương lan rộng 10% trở lên, bác sĩ có thể đưa ra phương pháp điều trị khác. <strong>Lưu ý, trước khi dùng bất kỳ loại thuốc nào, người bệnh cần tham khảo ý kiến của bác sĩ.</strong></p><p><br></p><p><img src=\"https://cdn.hellobacsi.com/wp-content/uploads/2023/10/vay-nen-co-lay-khong-3.jpeg\" alt=\"bệnh vảy nến có lây không và cách điều trị\" height=\"667\" width=\"1000\"></p><p><br></p><h3><strong>Điều trị bệnh vảy nến bằng thuốc dạng tiêm</strong></h3><h5><strong>Methotrexate</strong></h5><p>Bác sĩ có thể khuyến nghị dùng thuốc này cho những trường hợp bệnh vẩy nến nặng. Lưu ý thuốc này có thể gây ra bệnh gan. Người bệnh cần theo dõi tiến trình điều trị bằng xét nghiệm máu và sinh thiết gan định kỳ để kiểm tra sức khỏe gan.</p><p><br></p><h5><strong>Cyclosporine</strong></h5><p>Thuốc dùng để điều trị bệnh vẩy nến nặng nhưng có thể gây cao huyết áp và tổn thương thận.</p><p><br></p><h3><strong>2. Liệu pháp miễn dịch</strong></h3><p>Các loại thuốc trị liệu miễn dịch mới (thuốc sinh học và thuốc ức chế phân tử nhỏ) hoạt động bằng cách ngăn chặn hệ thống miễn dịch của cơ thể để hạn chế phản ứng tự miễn dịch.</p><p><br></p><h3><strong>3. Liệu pháp ánh sáng UVB</strong></h3><p>Đèn LED có các bước sóng làm giảm tình trạng viêm da và làm chậm quá trình sản xuất tế bào da. Vì thế, liệu pháp ánh sáng có thể được bác sĩ sử dụng để điều trị bệnh vảy nến.</p><p><br></p><h3><strong>4. Quang trị liệu PUVA</strong></h3><p>Đây là phương pháp điều trị kết hợp thuốc psoralen trước khi da tiếp xúc với tia cực tím đặc biệt.</p><p><br></p><h2><strong>Cách ngăn ngừa vảy nến</strong></h2><p>Thay vì lo ngại bệnh vảy nến có lây không, tốt nhất bạn nên có biện pháp ngăn ngừa bệnh bùng phát ngay từ ban đầu như:</p><p><br></p><ul><li><strong>Tắm hàng ngày:&nbsp;</strong>Giữ cho làn da sạch sẽ để tránh các tác nhân gây bệnh vẩy nến, cũng như giảm số lần bùng phát bệnh. Tuy nhiên, bạn tránh chà xát quá mạnh lên da trong khi tắm vì điều này có thể gây kích ứng da.</li><li><strong>Tắm bột yến mạch:</strong>&nbsp;Bạn trộn 1 cốc 128 gam bột yến mạch vào bồn tắm nước ấm rồi ngâm mình trong bồn nước vừa pha. Cách này sẽ làm dịu da và giúp làm bong vảy.</li><li><strong>Tránh căng thẳng</strong>: Tránh các yếu tố stress; lạm dụng rượu, bia; không hút thuốc, không dùng chất kích thích. Đồng thời, bạn cũng cần duy trì lối sống lành mạnh với chế độ ăn uống, giấc ngủ, thể dục thể thao đều đặn có thể giúp ngăn ngừa bệnh bùng phát.</li></ul><p><br></p><p>Tóm lại, <strong>bệnh vảy nến không có khả năng lây lan từ người này sang người khác</strong></p>', NULL, '235523484', '2023-11-09 17:22:41', '7', '22', '1', '4', '1'),
('35', 'https://res.cloudinary.com/doccomming/image/upload/v1720520905/ymdoodwuhmkt2x6bv66o.jpg', '2 cách trị dị ứng da mặt bằng nước muối đơn giản, an toàn, hiệu quả', 'Việc bị dị ứng da mặt sẽ khiến phái đẹp cảm thấy lo lắng, tự ti. Để khắc phục tình trạng này, các chị em có thể tham khảo cách trị dị ứng da mặt bằng nước muối mà Doctor Coming giới thiệu trong bài viết sau! ', '<h2><strong>Dị ứng da mặt là tình trạng gì?</strong></h2><p><br></p><p>Dị ứng là phản ứng của hệ thống miễn dịch sau khi tiếp xúc với chất vô hại gây dị ứng (dị nguyên). Trong phản ứng này, cơ thể tạo ra kháng thể immunoglobulin E (IgE) để chống lại dị nguyên, đồng thời kích hoạt giải phóng histamin và các chất gây viêm khác.</p><p><br></p><p>Mặc dù histamin giúp các tế bào trong hệ thống miễn dịch giao tiếp và bắt đầu quá trình bảo vệ cơ thể chống lại chất gây dị ứng, nhưng nó cũng có thể gây ra các triệu chứng dị ứng như sổ mũi, hắt hơi, nổi mề đay, ngứa da…</p><p><br></p><p>Dị ứng da mặt xảy ra khi vùng da trên mặt bị kích ứng bởi các tác nhân như mỹ phẩm, phấn hoa, lông thú cưng… Khi bị dị ứng da mặt, bạn có thể cảm thấy da mặt ửng đỏ, ngứa ngáy, sưng tấy, nổi mề đay…</p><p><br></p><h2><strong>Giải đáp thắc mắc: Vì sao có thể dùng nước muối trị dị ứng da mặt?</strong></h2><p><br></p><p><img src=\"https://cdn.hellobacsi.com/wp-content/uploads/2023/12/cach-tri-di-ung-da-mat-bang-nuoc-muoi-1.jpg\" alt=\"cách trị dị ứng da mặt bằng nước muối\" height=\"667\" width=\"1000\"></p><p>Từ lâu, cách trị dị ứng da mặt bằng nước muối đã được nhiều người áp dụng. Sở dĩ như vậy là vì:</p><p><br></p><p><strong>Nước muối có đặc tính kháng viêm:</strong> Nước muối là chất chống viêm tuyệt vời cho làn da. Bằng cách làm khô da, nước muối có thể giúp giảm các triệu chứng liên quan đến viêm. Hơn nữa, một số khoáng chất có trong nước muối cũng có đặc tính chống viêm tự nhiên.</p><p><br></p><p><strong>Nước muối giúp cải thiện tuần hoàn máu:</strong> Ngâm mình trong nước tắm có pha muối có thể giúp tăng lưu lượng máu và thúc đẩy dẫn lưu bạch huyết, giúp loại bỏ độc tố và giảm viêm.</p><p><br></p><p><strong>Nước muối giúp tẩy tế bào chết:</strong> Việc bị dị ứng có thể khiến làn da trở nên sần sùi, thô ráp. Biện pháp sử dụng nước muối để tẩy tế bào chết giúp da mặt mềm mại hơn, dễ hấp thụ kem dưỡng ẩm và các phương pháp điều trị khác.</p><p><br></p><p><strong>Nước muối có đặc tính kháng khuẩn, chống nhiễm trùng:</strong> Magiê, canxi và kali là những khoáng chất thân thiện với da được tìm thấy trong muối biển. Những khoáng chất này giúp chống lại vi khuẩn gây mụn trứng cá và nhiễm trùng da, đồng thời đẩy nhanh quá trình lành thương.</p><p><br></p><p><strong>Nước muối giúp giảm ngứa: </strong>Cảm giác ngứa ngáy, khó chịu do dị ứng da mặt có thể được khắc phục nhờ nước muối.</p><p><br></p><h2><strong>Mách bạn 2 cách trị dị ứng da mặt bằng nước muối</strong></h2><p>Thông thường, có hai cách trị dị ứng da mặt tại nhà bằng nước muối, bao gồm:</p><p><br></p><h3><strong>1. Cách trị dị ứng da mặt bằng nước muối pha loãng</strong></h3><p><br></p><p><img src=\"https://cdn.hellobacsi.com/wp-content/uploads/2023/12/cach-tri-di-ung-da-mat-bang-nuoc-muoi-2.jpg\" alt=\"cách trị dị ứng da mặt bằng nước muối\" height=\"667\" width=\"1000\"></p><p><br></p><p>Biện pháp đầu tiên và đơn giản nhất mà bạn có thể áp dụng ngay tại gian bếp nhà mình là dùng muối thông qua cách trị dị ứng da mặt bằng nước muối pha loãng. Bạn nên dùng muối tinh luyện để không lẫn các tạp chất gây hại cho da.</p><p><br></p><p><strong>Cách thực hiện như sau:</strong></p><p><br></p><p><strong>Bước 1:</strong> Cho vào thau rửa mặt sạch 2,7g muối và 3 lít nước ấm, hòa tan.</p><p><strong>Bước 2:</strong> Rửa mặt sạch với nước ấm như bình thường rồi mới dùng nước muối pha loãng để rửa vùng da bị dị ứng.</p><p><strong>Bước 3:</strong> Rửa mặt lại với nước ấm rồi dùng khăn nhẹ nhàng thấm khô nước.</p><p><br></p><h3><strong>2. Cách trị dị ứng da mặt bằng nước muối sinh lý</strong></h3><p>Nước muối sinh lý là nước muối vô trùng, được pha sẵn với tỷ lệ 0,9g muối trong 1 lít nước, đóng thành chai bán tại các nhà thuốc. Nhờ có tỷ lệ phù hợp, nước muối sinh lý tương thích với cơ địa của mọi người.</p><p><br></p><p><strong>Cách rửa mặt bằng nước muối sinh lý:</strong></p><p><br></p><ul><li><strong>Bước 1:</strong>&nbsp;Rửa mặt với nước ấm như bình thường.</li><li><strong>Bước 2:</strong>&nbsp;Đổ nước muối sinh lý vào thau rửa mặt sạch rồi nhẹ nhàng rửa vùng da bị dị ứng.</li><li><strong>Bước 3:</strong>&nbsp;Rửa sạch mặt với nước ấm lại một lần nữa.</li></ul><p><br></p><h2>Lưu ý khi dùng nước muối trị dị ứng da mặt</h2><p><img src=\"https://cdn.hellobacsi.com/wp-content/uploads/2023/12/cach-tri-di-ung-da-mat-bang-nuoc-muoi-3.jpg\" alt=\"cách trị dị ứng da mặt bằng nước muối\" height=\"667\" width=\"1000\"></p><p><br></p><p>Có thể thấy, cách trị dị ứng da mặt bằng nước muối rất đơn giản. Tuy nhiên, để đảm bảo an toàn, bạn cần lưu ý một số điều sau:</p><p><br></p><ul><li>Tham khảo ý kiến bác sĩ trước khi rửa mặt bằng nước muối.</li><li>Chỉ nên dùng nước muối pha loãng ở nồng độ phù hợp. Nồng độ muối cao có thể ảnh hưởng tiêu cực đến tình trạng viêm da dị ứng.</li><li>Nước muối không có tác dụng điều trị dứt điểm dị ứng da mặt, mà chỉ hỗ trợ làm giảm các triệu chứng khó chịu. Do đó, tuyệt đối không lạm dụng cách trị dị ứng da mặt bằng nước muối để điều trị viêm da dị ứng. Việc tuân thủ hướng dẫn điều trị của bác sĩ là ưu tiên hàng đầu.</li></ul><p><br></p>', NULL, '235523484', '2023-12-09 17:28:25', '8', '24', '1', '4', '2'),
('36', 'https://res.cloudinary.com/doccomming/image/upload/v1720521219/ard4xjkiubzwf3tlhmvx.jpg', 'Chữa viêm mũi dị ứng bằng mật ong: Thực hư hiệu quả và cách thực hiện', 'Chữa viêm mũi dị ứng bằng mật ong là một phương pháp dân gian được rất nhiều người truyền tai nhau vì có thể dễ dàng thực hiện tại nhà. Vậy cách chữa viêm mũi dị ứng bằng mật ong có cơ sở khoa học nào không, thực hiện ra sao?', '<h2><strong>Chữa viêm mũi dị ứng bằng mật ong có hiệu quả không?</strong></h2><p><br></p><p>Đối với những người yêu thích sự thoáng đãng ngoài trời, việc bị viêm mũi dị ứng là một trở ngại lớn. Chỉ cần không khí chứa những phần tử rất khó thấy bằng mắt thường như phấn hoa, nấm mốc, mạt bụi… là bạn đã có thể “ăn không ngon, ngủ không yên” vì các triệu chứng: liên tục hắt hơi, nghẹt mũi, chảy nước mũi, nước mắt, ngứa ngáy mũi, mắt và cổ họng…</p><p><br></p><p>Là bệnh sinh ra do hệ miễn dịch quá nhạy cảm nên việc dùng các thuốc trị viêm mũi dị ứng không kê đơn chủ yếu chỉ có tác dụng cắt cơn dị ứng, giảm nhẹ triệu chứng. Vì vậy, cách kiểm soát triệu chứng viêm mũi dị ứng bằng mật ong là một giải pháp từ thiên nhiên rất được quan tâm.</p><p><br></p><p>Mật ong giàu các chất chống oxy hóa flavonoid và polyphenol có tác dụng kháng viêm một cách tự nhiên. Phản ứng viêm có vai trò lớn trong việc gây ra các triệu chứng viêm mũi dị ứng. Ngoài ra, mật ong được công nhận có khả năng chống lại vi khuẩn, virus và nấm. Cùng với thành phần chứa nhiều loại enzyme, protein, các vitamin và khoáng chất… đây là một nguồn dinh dưỡng tuyệt vời giúp nâng cao thể trạng và sức đề kháng trước các tác nhân gây bệnh viêm mũi dị ứng.</p><p><br></p><p>Thực tế là&nbsp; vai trò của mật ong đối với viêm mũi dị ứng còn nhiều tranh cãi và những cách chữa viêm mũi dị ứng bằng mật ong chỉ là các phương pháp dân gian.</p><p><br></p><h2><strong>Mách bạn 7 cách chữa viêm mũi dị ứng bằng mật ong</strong></h2><h3><strong>1. Chữa viêm mũi dị ứng bằng mật ong nguyên chất</strong></h3><p>Mật ong là một chất có tác dụng ức chế cơ ho một cách tự nhiên. Nghiên cứu cho thấy mật ong giúp giảm ho hiệu quả tương tự dextromethorphan, một loại thuốc ho không kê đơn. Nhờ kết cấu đặc sánh, mật ong tạo ra lớp phủ kháng viêm và xoa dịu, bảo vệ niêm mạc khỏi các kích thích.</p><p><br></p><p>Vậy cách chữa viêm mũi dị ứng bằng mật ong có phải là nhỏ mật ong vào mũi hay không? Câu trả lời là không.&nbsp;Để chữa viêm mũi dị ứng bằng mật ong nguyên chất, bạn có thể chọn 1 trong 2 cách:</p><p><br></p><ul><li>Uống 1 muỗng cà phê mật ong 2 lần/ngày</li><li>Hòa tan 1 muỗng cà phê mật ong trong một ít nước ấm để uống</li><li>Thực hiện 2 lần/ngày.&nbsp;</li></ul><p><br></p><h3><strong>2. Mật ong và nước chanh ấm</strong></h3><p><br></p><p><img src=\"https://cdn.hellobacsi.com/wp-content/uploads/2022/06/chua-viem-mui-di-ung-bang-mat-ong-1.jpg\" alt=\"chữa viêm mũi dị ứng bằng mật ong\" height=\"667\" width=\"1000\"></p><p><br></p><p>Việc kết hợp tính axit của chanh và mật ong làm tăng hiệu quả làm loãng đờm và dịch nhầy trong mũi. Chanh cũng giàu vitamin C, một chất chống oxy hóa tự nhiên cần thiết cho hệ miễn dịch. Chữa viêm mũi dị ứng bằng mật ong và nước chanh ấm còn có tác dụng giảm ho cả về tần suất và mức độ.</p><p><br></p><p>Cách làm:</p><ul><li>Hòa tan 1 muỗng cà phê mật ong trong 100 ml nước ấm</li><li>Cho vào vài giọt nước cốt chanh&nbsp;</li><li>Đều đặn uống nước ấm chanh mật ong 2 lần mỗi ngày.</li></ul><p><br></p><h3><strong>3. Chữa viêm mũi dị ứng bằng mật ong và nghệ</strong></h3><p>Curcumin, hoạt chất chính của củ nghệ có tác dụng tốt đối với các bệnh có bản chất là quá trình viêm. Đối với viêm mũi dị ứng, curcumin giúp giảm các kích ứng ở mũi gây ra tình trạng nghẹt mũi, chảy nước mũi cũng như triệu chứng ngứa ngáy mũi và họng.</p><p><br></p><p>Cách 1:</p><ul><li>Hòa tan 1 muỗng cà phê tinh bột nghệ vào 100 ml nước ấm</li><li>Cho thêm vào 1 muỗng cà phê mật ong</li><li>Uống hết trong một lần, 2 lần/ngày</li></ul><p><br></p><p><img src=\"https://cdn.hellobacsi.com/wp-content/uploads/2022/06/chua-viem-mui-di-ung-bang-mat-ong-2.jpg\" alt=\"chữa viêm mũi dị ứng bằng mật ong\" height=\"667\" width=\"1000\"></p><p><br></p><p>Cách 2:</p><ul><li>Củ nghệ tươi rửa sạch, cạo vỏ, xắt lát mỏng</li><li>Xếp nghệ vào lọ thủy tinh sạch, đổ mật ong vào ngập phần nghệ</li><li>Đậy kín nắp, cất nơi thoáng mát</li><li>Sau 1 tuần có thể sử dụng</li><li>Mỗi lần ăn 2 lát nghệ và 1 muỗng cà phê mật ong, ăn 2 lần/ngày.</li><li><br></li></ul><h3><strong>4. Bài thuốc mật ong và gừng tươi chữa viêm mũi dị ứng</strong></h3><p>Tương tự, gừng chứa gingerol là một chất kháng viêm và chống oxy hóa tự nhiên đầy tiềm năng. Các triệu chứng sưng và kích ứng niêm mạc mũi, mắt và họng có thể được cải thiện đáng kể khi kết hợp gừng vào cách chữa viêm mũi dị ứng bằng mật ong.</p><p>Nhiều người thường thắc mắc cách chữa viêm mũi dị ứng bằng mật ong và gừng được thực hiện như thế nào? Bạn hãy thực hiện theo hướng dẫn sau:</p><p><br></p><ul><li>Cạo sạch vỏ một khúc gừng chừng 1.5 cm, xắt lát mỏng</li><li>Ngâm gừng với 100 ml nước đun sôi trong 5 phút</li><li>Hòa tan vào ly trà gừng 1 muỗng cà phê mật ong</li><li>Mỗi lần uống 1 ly trà gừng mật ong, uống 2 lần/ngày.&nbsp;</li></ul><p><br></p><h3><strong>5. Mật ong và tỏi lên men</strong></h3><p>chữa viêm mũi dị ứng bằng mật ong</p><p><br></p><p><img src=\"https://cdn.hellobacsi.com/wp-content/uploads/2022/06/chua-viem-mui-di-ung-bang-mat-ong-3.jpg\" alt=\"chữa viêm mũi dị ứng bằng mật ong\" height=\"665\" width=\"1000\"></p><p><br></p><p>Cách chữa viêm mũi dị ứng bằng mật ong với tỏi có thực sự hiệu quả không? Theo các chuyên gia sức khỏe, tỏi chứa allicin, thành phần gồm oxy, lưu huỳnh và các hoạt chất có khả năng kháng khuẩn, chống lại bệnh tật. Tỏi thường được dùng để trị nhiều loại bệnh, đặc biệt là ho, cảm, hen suyễn, huyết áp. Việc kết hợp chữa viêm mũi dị ứng bằng mật ong và tỏi có tác dụng bảo vệ đường hô hấp đang bị viêm khỏi bội nhiễm vi khuẩn, virus.</p><p><br></p><p>Cách làm:</p><ul><li>Tỏi bóc vỏ để nguyên tép, xếp vào hũ thủy tinh sạch</li><li>Đổ mật ong vào ngập kín mặt tỏi</li><li>Đậy kín nắp, đặt nơi thoáng mát</li><li>Sau 3 ngày mở nắp cho thoát bớt hơi và đảo cho tỏi nằm đều dưới mật</li><li>Sau 1 tuần là có thể sử dụng</li></ul><p><br></p><h3><strong>6. Chữa viêm mũi dị ứng bằng mật ong và giấm táo</strong></h3><p><br></p><p>Bạn có thể kết hợp giấm táo vào công thức chữa viêm mũi dị ứng bằng mật ong. Nhờ các chất dinh dưỡng sẵn có và nhiều lợi khuẩn từ quá trình lên men, giấm táo là một nguyên liệu rất tốt cho hệ miễn dịch. Tính axit của giấm táo giúp làm loãng đờm, dịch nhầy. Bạn nên dùng giấm táo thô thay vì giấm táo tinh chế, nhưng phải đảm bảo vệ sinh an toàn thực phẩm.</p><p><br></p><p>Cách làm:</p><ul><li>Hòa tan 2 muỗng cà phê giấm táo vào 1 ly nước ấm</li><li>Cho thêm 1 muỗng cà phê mật ong</li><li>Uống hết trong 1 lần, 2 lần/ngày</li><li>Nên uống sau ăn 1 giờ để tránh cồn cào.</li></ul><p><br></p><h3>7. Chữa viêm mũi dị ứng bằng mật ong và quế</h3><p><img src=\"https://cdn.hellobacsi.com/wp-content/uploads/2022/06/chua-viem-mui-di-ung-bang-mat-ong-4.jpg\" alt=\"chữa viêm mũi dị ứng bằng mật ong\" height=\"667\" width=\"1000\"></p><p><br></p><p>Hoạt chất kháng viêm có trong quế là cinnamaldehyde, có khả năng ngăn chặn cơ thể phản ứng với một số dị nguyên cụ thể. Ngoài trị chứng khó tiêu, các rối loạn tiền kinh nguyệt, khả năng này đang được ứng dụng trong việc điều trị các bệnh do dị ứng và giảm tốc độ thoái hóa thần kinh.</p><p><br></p><p>Cách chữa viêm mũi dị ứng bằng mật ong kết hợp với quế:</p><p><br></p><ul><li>Giã nhỏ một đoạn vỏ quế, ngâm trong 100 ml nước sôi khoảng 5 phút</li><li>Gạn bỏ cặn, hòa vào trà quế 1 muỗng cà phê&nbsp;mật ong</li><li>Uống trà quế mật ong 2 lần/ngày.</li></ul><p><br></p><h2><strong>Cần lưu ý gì khi dùng mật ong chữa viêm mũi dị ứng?</strong></h2><p><img src=\"https://cdn.hellobacsi.com/wp-content/uploads/2022/06/cach-chua-viem-mui-di-ung-bang-mat-ong-Lan.jpg\" alt=\"Chữa viêm mũi dị ứng bằng mật ong\" height=\"667\" width=\"1000\"></p><p><br></p><p>Bạn cần kiên trì bổ sung mật ong vào chế độ dinh dưỡng trong nhiều tháng để phát huy tác dụng cải thiện đối với các triệu chứng viêm mũi dị ứng. Mặc dù cách làm này đã được chứng minh là có hiệu quả đối với nhiều người, vẫn chưa đủ cơ sở để kết luận chắc chắn về công dụng của mật ong. Do đó, mỗi người khi áp dụng cách chữa viêm mũi dị ứng bằng mật ong có thể cho kết quả khác nhau.</p><p><br></p><p>Ngoài ra, khi sử dụng mật ong, bạn cũng cần lưu ý:</p><ul><li>Không dùng mật ong cho trẻ em dưới 12 tháng tuổi để tránh gây ngộ độc</li><li>Mật ong có thể gây dị ứng nghiêm trọng cho một số người, gây phù mạch hoặc nhẹ hơn sưng lưỡi, môi, nổi mề đay trên da.</li><li>Bệnh nhân có bệnh mạn tính hoặc đang điều trị bệnh cần tham khảo ý kiến bác sĩ trước khi áp dụng các cách chữa viêm mũi dị ứng bằng mật ong để tránh tác dụng phụ hoặc tương tác thuốc.</li></ul><p><br></p><p>Để hạn chế triệu chứng viêm mũi dị ứng, bạn nên hạn chế ra ngoài hoặc đeo khẩu trang kỹ càng vào những ngày không khí có nhiều phấn hoa, nấm, bụi… Nếu cơn dị ứng xảy ra thường xuyên, nên đi khám bác sĩ để được điều trị. Cần tránh viêm mũi không được kiểm soát tốt sẽ dẫn đến tình trạng viêm xoang mãn tính. Hiện nay, viêm mũi dị ứng có thể được điều trị hiệu quả bằng các liệu pháp miễn dịch.</p><p><br></p>', NULL, '235523484', '2024-07-09 17:33:39', '8', '23', '1', '4', '2'),
('38', 'https://res.cloudinary.com/doccomming/image/upload/v1720523060/x0f3agnw8fkwffhoqcao.jpg', 'Dị ứng với động vật và côn trùng: Những điều bạn cần biết', 'Dị ứng là phản ứng do hệ miễn dịch gây ra khi tấn công các chất gây dị ứng (dị nguyên) có trong môi trường. Có rất nhiều dạng dị ứng khác nhau, trong đó dị ứng với động vật và côn trùng là tình trạng phổ biến ở mọi đối tượng.', '<h2><strong>Dị ứng với động vật</strong></h2><h3><strong>Khái niệm</strong></h3><p><br></p><p><img src=\"https://cdn.hellobacsi.com/wp-content/uploads/2021/02/di-ung-voi-dong-vat-va-con-trung-1.jpg\" alt=\"dị ứng với động vật\" height=\"683\" width=\"1024\"></p><p><br></p><p>Nếu mắt bạn chảy nước và mũi liên tục hắt hơi sau khi tiếp xúc gần một loài vật có lông (như chó mèo) thì rất có thể bạn đang bị dị ứng động vật, hay chính xác hơn là tình trạng dị ứng với vảy da chết và nước bọt của động vật có trên lông chúng.&nbsp;</p><p><br></p><p>Lông động vật cực kỳ nhỏ và nhẹ nên có thể tồn tại trong không khí hàng giờ, gây ra các triệu chứng dị ứng kéo dài dù bạn không còn ở gần nguồn dị nguyên. Lông thú cũng có thể dễ dàng lọt vào mắt hoặc mũi, thậm chí còn đủ nhỏ để bị hít vào phổi. Bên cạnh đó, lông thú thường bám lại trên đồ nội thất như thảm, nệm, khăn hay quần áo. Những người nuôi thú cưng hay chăm sóc thú có thể vô tình mang theo dị nguyên này và gây dị ứng cho người tiếp xúc gần với họ.</p><p><br></p><blockquote>Dị ứng với động vật có lông được xem là một yếu tố nguy cơ tiến triển bệnh hen suyễn và sốt cỏ khô (viêm mũi dị ứng). Có gần 30% người bị hen suyễn đã từng lên cơn hen do dị ứng lông mèo gây ra.&nbsp;</blockquote><p><br></p><h3><strong>Triệu chứng thường gặp</strong></h3><p><br></p><p><img src=\"https://cdn.hellobacsi.com/wp-content/uploads/2021/02/di-ung-voi-dong-vat-va-con-trung-3.jpg\" alt=\"đau vùng xoang do nghẹt mũi dị ứng\" height=\"684\" width=\"1024\"></p><p><br></p><p>Các triệu chứng phổ biến của dị ứng động vật bao gồm:</p><ul><li>Hắt xì</li><li>Nghẹt mũi</li><li>Đau vùng xoang (do nghẹt mũi)</li><li>Ho, khó thở</li><li>Mắt đỏ, chảy nước hoặc ngứa mắt</li><li>Phát ban, nổi mề đay&nbsp;trên da</li></ul><p><br></p><p>Dị ứng lông thú trong thời gian dài cũng có thể gây chàm thể tạng (viêm da cơ địa) với triệu chứng chính là ngứa ngáy khó chịu. Ngoài ra, da cũng trở nên khô, hay nổi mẩn đỏ và viêm.</p><p><br></p><h3><strong>Có phải tất cả dị ứng động vật đều như nhau?</strong></h3><p><img src=\"https://cdn.hellobacsi.com/wp-content/uploads/2021/02/di-ung-voi-dong-vat-va-con-trung-2.jpg\" alt=\"xét nghiệm dị ứng với động vật\" height=\"563\" width=\"1000\"></p><p><br></p><p>Câu trả lời cho câu hỏi “Tôi có bị dị ứng động vật không?” không đơn thuần chỉ là “có” hoặc “không”. Phản ứng dị ứng do động vật có thể khác nhau và phụ thuộc vào loại động vật cũng như loại protein cụ thể gây ra phản ứng.&nbsp;</p><p><br></p><p>Xét nghiệm kháng thể IgE ở lông động vật có thể giúp bác sĩ xác định các protein này. Nhờ đó, bạn có thể biết chính xác loại protein nào trong động vật gây ra phản ứng dị ứng cũng như nguy cơ mắc phản ứng nghiêm trọng liên quan đến loại protein đó.</p><p><br></p><p>Đây cũng là lý do vì sao một số người có thể chỉ dị ứng lông mèo (chỉ có kháng thể IgE đặc hiệu với vảy da trên lông mèo) trong khi người khác vừa dị ứng lông mèo, dị ứng lông chó và các loại dị ứng khác vì họ có nhiều loại kháng thể IgE hơn.</p><p><br></p><p>Bạn không nhất thiết phải ngừng nuôi thú cưng nếu bị dị ứng lông thú. Tuy nhiên, tình trạng dị ứng nào cũng có xu hướng nghiêm trọng hơn theo thời gian (lần dị ứng sau sẽ nặng hơn lần trước) nên bạn cần kiểm soát việc tiếp xúc với dị nguyên trước khi đạt đến ngưỡng triệu chứng – thời điểm bắt đầu xuất hiện các triệu chứng dị ứng.</p><p><br></p><h2><strong>Dị ứng côn trùng</strong></h2><h3><strong>Khái niệm</strong></h3><p><br></p><p>Dị ứng côn trùng thường do chạm vào bộ phận hoặc dịch tiết của côn trùng có mang độc tố, chẳng hạn như một số loài bọ xít, sâu róm. Ngoài ra, vết đốt của côn trùng cũng có thể gây dị ứng. Đối với hầu hết mọi người, vết côn trùng cắn không gây ra bất kỳ vấn đề nào nghiêm trọng ngoài cảm giác đau nhức hay kích ứng da trong quãng thời gian ngắn. Tuy nhiên, một số người có thể bị phản ứng dị ứng&nbsp;rất nguy hiểm.&nbsp;</p><p><br></p><p>Phản ứng dị ứng côn trùng đốt có thể khác nhau ở mỗi người và không may là không có cách nào để biết bạn có bị dị ứng côn trùng hay không cho đến khi đã bị đốt. Sau lần đốt đầu tiên thường không có phản ứng dị ứng nguy hiểm. Tuy nhiên, ở những vết đốt tiếp theo, phản ứng dị ứng có thể xảy ra, đôi khi dẫn đến sốc phản vệ</p><p><br></p><h3><strong>Triệu chứng thường gặp</strong></h3><p><img src=\"https://cdn.hellobacsi.com/wp-content/uploads/2021/02/di-ung-voi-dong-vat-va-con-trung-4.jpg\" alt=\"triệu chứng dị ứng côn trùng\" height=\"511\" width=\"770\"></p><p><br></p><p>Hầu hết những người bị côn trùng đốt sẽ cảm thấy hơi đau hoặc khó chịu, vùng da xung quanh vết cắn thường chuyển sang màu đỏ và da sưng lên. Tất cả những tình trạng này không quá nguy hiểm và thường có thể điều trị bằng kem bôi không kê toa.</p><p><br></p><p>Trong trường hợp nghiêm trọng hơn, da có thể nổi mụn nước, mưng mủ. Các triệu chứng khác của phản ứng dị ứng côn trùng thường xảy ra trong vòng 10 phút sau khi bị đốt hay tiếp xúc với côn trùng, có thể bao gồm bất kỳ dấu hiệu nào sau đây:</p><p><br></p><ul><li>Cảm giác chóng mặt, có thể ngất xỉu</li><li>Phát ban</li><li>Buồn nôn và nôn</li><li>Suy nhược do huyết áp giảm quá mức</li><li>Khó thở do cổ họng sưng lên vì sốc phản vệ</li></ul><p><br></p><p><strong>Bạn cần nhanh chóng đến cơ sở y tế nếu:</strong></p><p><br></p><ul><li>Vết đốt có dấu hiệu viêm, nhiễm trùng (gây sốt)</li><li>Vết đốt vẫn còn ngòi của côn trùng mà bạn không thể gỡ ra</li><li>Những vùng da khác phát ban, nổi mề đay sau khi bị đốt</li><li>Bị đốt vào vùng họng, miệng</li></ul><p><br></p><blockquote>Vào mùa sâu, gió có thể làm khuếch tán lông gai của sâu vào trong không khí, dễ dính vào quần áo hoặc găng tay. Do vậy, bạn có thể bị ngứa da dù chưa sờ chạm, thậm chí chưa nhìn thấy sâu.</blockquote><h3><strong>Bạn cần cẩn thận với loại côn trùng nào?</strong></h3><p><br></p><p>Dị ứng côn trùng đốt phổ biến thường do ong gây ra, đặc biệt là ong bắp cày vì bản tính hung dữ và hay tấn công con người. Trong khi đó, vết đốt của hầu hết các loại côn trùng khác (muỗi, bọ chét, rệp…) tuy khó chịu nhưng thường ít gây ra các phản ứng dị ứng.&nbsp;</p><p><br></p><blockquote>Bạn có nhiều nguy cơ bị dị ứng với vết đốt của ong nếu từng dị ứng với thức ăn, phấn hoa hoặc các chất khác.</blockquote><p><br></p><p>Để tránh côn trùng cắn, bạn hãy lưu ý:</p><ul><li>Không nên di chuyển đột ngột khi vào khu vực có tổ ong&nbsp;</li><li>Tránh mặc quần áo sáng màu hoặc in hoa khi đến nơi nhiều cây, bụi rậm</li><li>Đi giày và mang tất, tránh để lộ da khi ra ngoài trời</li><li>Không dùng&nbsp;nước hoa và mỹ phẩm có mùi thơm nồng</li><li>Cẩn thận khi đi dã ngoại hay cắm trại qua đêm</li></ul><p><br></p><p>Nếu có tiền sử dị ứng với động vật và côn trùng, biện pháp tốt nhất vẫn là “phòng bệnh hơn chữa bệnh”. Trong trường hợp bất khả kháng, bạn cần được điều trị dị ứng đúng cách dựa trên tiền sử bệnh, kết quả xét nghiệm dị ứng và mức độ nghiêm trọng của các triệu chứng. Thông thường, bạn có thể dùng thuốc hoặc điều trị bằng liệu pháp giải mẫn cảm</p>', NULL, '235523484', '2024-06-09 18:04:20', '8', '25', '1', '4', '2'),
('39', 'https://res.cloudinary.com/doccomming/image/upload/v1720524535/slrpuyonswavitvuedeg.jpg', '9 triệu chứng suy tim giúp bạn sớm phát hiện bệnh', 'Suy tim là tình trạng trái tim bị suy yếu, không đủ sức để bơm máu đi nuôi cơ thể như nhu cầu bình thường. Các triệu chứng suy tim thường rất khó để phát hiện khi ở giai đoạn đầu nhưng nếu bỏ qua, triệu chứng sẽ nhanh chóng tiến triển gây nguy hiểm, thậm chí đe dọa tính mạng. ', '<h2><strong>Vì sao khó phát hiện sớm triệu chứng suy tim?</strong></h2><p><br></p><p>Mọi người thường bỏ qua biểu hiện suy tim vì nghĩ rằng chỉ là do quá trình tự nhiên khi tuổi tác tăng lên. Lão hóa khiến mọi hoạt động trong cơ thể trở nên chậm chạp hơn khi chúng ta bước vào tuổi 60, 70. Trước đây, việc leo cầu thang rất đơn giản nhưng bây giờ lại khó nhọc hơn trước. Bạn cũng cảm thấy sức sống bị suy giảm, mệt mỏi và khó thở nhiều hơn. Lão hóa thực sự có góp phần gây ra những điều này nhưng cũng không loại trừ được khả năng đây là những dấu hiệu cho thấy tim không còn hoạt động tốt như bình thường.</p><p><br></p><h2><strong>9 triệu chứng suy tim bạn không nên bỏ qua</strong></h2><p><br></p><p><img src=\"https://cdn.hellobacsi.com/wp-content/uploads/2024/04/nhan-biet-9-trieu-chung-suy-tim.jpg\" alt=\"nhận diện 9 triệu chứng suy tim\" height=\"667\" width=\"1000\"></p><p><br></p><h3><strong>1. Mệt mỏi là triệu chứng suy tim điển hình</strong></h3><p>Khi tim không thể bơm đủ máu giàu oxy để đáp ứng nhu cầu của các cơ quan trong cơ thể, cảm giác mệt mỏi sẽ nhanh chóng xuất hiện. Bạn sẽ cảm thấy mệt mỏi ngay trong các hoạt động thường ngày như vệ sinh cá nhân, leo cầu thang, thậm chí chỉ là đi bộ trong nhà. Bạn cũng có thể bị buồn ngủ sau khi ăn, thấy yếu chân khi đi lại và khó thở khi vận động.</p><p><br></p><h3><strong>2. Hạn chế hoạt động</strong></h3><p>Người bị suy tim khó có thể thực hiện những hoạt động, từ gắng sức cho đến bình thường, vì dễ mệt mỏi và khó thở hơn.</p><p><br></p><h3><strong>3. Ho cũng là triệu chứng suy tim</strong></h3><p>Chất lỏng ứ đọng trong phổi do tim không dẫn lưu tốt, làm phù nề phế nang hay tràn dịch màng phổi, dẫn tới ho. Ho ban đầu thường chỉ là ho khan khi bệnh nhân nằm đầu thấp. Khi suy tim nặng hơn, người bệnh có thể ho liên tục kèm theo đàm hồng do có lẫn máu.</p><p><br></p><h3><strong>4. Phù</strong></h3><p>Khi tim không đủ khỏe để tạo áp lực hút máu tĩnh mạch từ chân trở về, máu sẽ tích tụ ở vùng thấp tăng dần lên, từ mắt cá chân, cẳng chân, đùi và lên bụng gây sưng tấy (phù nề). Phù do suy tim có đặc điểm là phù lõm khi ấn vào và sẽ gây tăng cân nhanh chóng.</p><p><br></p><h3><strong>5. Khó thở trong suy tim</strong></h3><p>Chất lỏng ứ đọng tại phổi do suy tim khiến quá trình trao đổi khí tại đây gặp hạn chế đáng kể, gây ra tình trạng khó thở. Bạn cũng có thể khó thở đột ngột vào ban đêm hoặc khi nằm vì lúc này máu dễ ứ đọng tại phổi hơn, thay vì dồn lại tại vùng dưới cơ thể theo trọng lực như khi đứng hoặc ngồi. Trong trường hợp đã có có dấu hiệu suy tim nặng, bạn cần dùng gối nâng phần trên của cơ thể lên, giảm áp lực do ứ máu tại phổi để có thể cảm thấy dễ chịu hơn.</p><p><br></p><h3><strong>6. Chán ăn, buồn nôn</strong></h3><p>Bệnh suy tim cũng khiến bạn hay có cảm giác no, đầy hơi hoặc khó chịu trong bụng. Điều này xảy ra do hệ thống tiêu hóa nhận được ít máu hơn để có thể làm việc hiệu quả. Đồng thời, do máu về tim gặp hạn chế, máu sẽ bị ứ trệ tại hệ thống tĩnh mạch trong gan cũng như gây tràn dịch màng bụng, hệ quả là làm cho người bệnh chán ăn.</p><p><br></p><h3><strong>7. Lú lẫn, trí nhớ kém, mất phương hướng</strong></h3><p>Người thân thường xuyên tiếp xúc với bệnh nhân suy tim đôi khi có thể nhận thấy những triệu chứng này đầu tiên. Lý do là bởi sự thay đổi nồng độ của một số chất trong máu do suy tim, chẳng hạn như natri, và làm giảm lưu lượng máu đến não.</p><p><br></p><h3><strong>8. Triệu chứng suy tim là tim đập nhanh</strong></h3><p>Để bù đắp cho khả năng bơm máu kém, tim phải nỗ lực đập nhiều nhịp hơn. Bạn sẽ cảm nhận được tình trạng hồi hộp, đánh trống ngực do tim đập nhanh một cách bất thường. Hơn thế nữa, khi nhịp tim quá nhanh, các nhát bóp bơm máu càng kém hiệu quả và tạo ra một vòng luẩn quẩn là khiến tình trạng suy tim trở nên nặng hơn.&nbsp;</p><p><br></p><h3><strong>9. Thay đổi cân nặng</strong></h3><p><span style=\"color: rgb(38, 38, 38);\">Tăng hoặc giảm cân đột ngột đôi khi cảnh báo bạn có thể bị suy tim hoặc suy tim vào giai đoạn tiến triển. Giảm cân xảy ra do lưu lượng máu đến dạ dày giảm khiến việc hấp thu dinh dưỡng kém đi và người bệnh không còn cảm giác thèm ăn. Ngược lại, tăng cân xảy ra là do tích tụ chất lỏng trong cơ thể do máu ứ trệ.</span></p><p><br></p><h3><strong>Các triệu chứng khác</strong></h3><p>Các triệu chứng suy tim khác bao gồm:</p><ul><li>Thở khò khè</li><li>Ngất xỉu, chóng mặt</li><li>Đau ngực hoặc khó chịu ở các bộ phận trên cơ thể</li><li>Táo bón</li><li>Đi tiểu đêm</li></ul><p><br></p><p>Những triệu chứng này có thể phát triển nhanh chóng (suy tim cấp tính) hoặc nặng dần sau nhiều tuần hoặc nhiều tháng (suy tim mạn tính tiến triển).</p><p><br></p><p>Mặc dù vậy, các biểu hiện kể trên có thể là do suy tim hoặc cũng có thể không loại trừ được là do những nguyên nhân khác. Để làm thế nào để phát hiện suy tim, bạn cần đi khám chuyên khoa tim mạch, làm các xét nghiệm cần thiết và bác sĩ sẽ đưa ra chẩn đoán</p><p><br></p><h2>Khi nào cần đi khám bác sĩ?</h2><p><br></p><p><img src=\"https://cdn.hellobacsi.com/wp-content/uploads/2024/04/khi-nao-nen-den-gap-bac-si-khi-co-trieu-chung-suy-tim.jpg\" alt=\"Khi nào cần đi khám bác sĩ?\" height=\"667\" width=\"1000\"></p><p><br></p><p>Hãy đi khám bác sĩ nếu nghi ngờ mình có dấu hiệu suy tim như nêu trên, các triệu chứng kéo dài hoặc ngày càng trầm trọng hơn.</p><p>Hãy gọi cấp cứu ngay trong trường hợp triệu chứng xuất hiện một cách đột ngột, rất nghiêm trọng hoặc bạn có bất kỳ biểu hiện nào dưới đây:</p><ul><li>Đau ngực trái dữ dội</li><li>Ngất xỉu hoặc suy yếu nghiêm trọng</li><li>Tim đập nhanh hoặc không đều, kèm theo khó thở, đau ngực hoặc ngất xỉu</li><li>Khó thở đột ngột, dữ dội và ho ra chất nhầy màu hồng có bọt.</li></ul><p><br></p><p><span style=\"color: rgb(38, 38, 38);\">9 triệu chứng suy tim thường gặp kể trên có thể cũng xuất hiện do nhiều nguyên nhân khác gây ra. Đừng chủ quan trước bất kỳ biểu hiện khác thường nào của cơ thể. Hãy thăm khám ngay khi nghi ngờ suy tim và khám sức khỏe định kỳ mỗi năm 2 lần. Điều này giúp bạn sớm phát hiện bệnh (nếu có) và có cơ hội điều trị khi bệnh còn nhẹ. Luôn nhớ rằng, bệnh suy tim khi được phát hiện từ giai đoạn sớm và được điều trị phù hợp vẫn có cơ hội phục hồi trở lại như bình thường.</span></p>', NULL, '235523484', '2024-05-09 18:28:55', '2', '5', '1', '18', '1'),
('40', 'https://res.cloudinary.com/doccomming/image/upload/v1720600437/mtlrufjzqzrtx72ymkpl.jpg', 'Nhồi máu cơ tim: Dấu hiệu cảnh báo và cách xử lý', 'Nhồi máu cơ tim là bệnh lý tim mạch nguy hiểm, có thể đe dọa đến tính mạng và cần được cấp cứu ngay lập tức. Việc hiểu rõ các dấu hiệu nhồi máu cơ tim sẽ giúp bạn kịp thời nhận biết bản thân hoặc người thân có đang gặp phải tình trạng này hay không để có cách xử lý sớm nhằm ngăn chặn các biến chứng nguy hiểm có thể xảy ra.', '<h2><strong>Hiểu về nhồi máu cơ tim</strong></h2><p><br></p><h3><strong>Nhồi máu cơ tim là gì?</strong></h3><p><br></p><p>Tương tự bất kỳ bộ phận nào khác trong cơ thể, tim cũng cần được cung cấp oxy liên tục để duy trì hoạt động cũng như sự sống. Nguồn cung cấp này sẽ đến từ 1 hệ thống động mạch riêng, gọi là hệ động mạch vành với 3 nhánh động mạch chính, cấp máu cho toàn bộ quả tim. Nếu một mạch nào đó dù chỉ là các nhánh nhỏ hoặc một nhánh lớn mà bị tắc thì dòng máu nuôi tim sẽ bị gián đoạn hoặc tắc nghẽn. Điều này khiến cho vùng cơ tim tương ứng không được cung cấp máu, dẫn đến thiếu máu cơ tim. Nếu để lâu, không được can thiệp, vùng cơ tim thiếu máu sẽ bị hoại tử, lúc này người ta gọi là nhồi máu cơ tim.&nbsp;</p><p><br></p><p>Bệnh động mạch vành là nguyên nhân của phần lớn các trường hợp nhồi máu cơ tim. Khi bị bệnh động mạch vành, một hoặc nhiều nhánh động mạch vành cung cấp máu cho tim sẽ bị tắc nghẽn. Nguyên nhân gây ra sự tắc nghẽn này thường là do sự tích tụ của các mảng xơ vữa khiến lòng động mạch dần bị thu hẹp và làm giảm lưu lượng máu đến tim. Nếu tim không được cung cấp đủ máu trong thời gian dài thì có thể gây nhồi máu cơ tim. Ngoài, khi các mảng xơ vữa này bị vỡ cũng có thể gây hình thành cục máu đông, làm chặn hoàn toàn dòng máu chảy đến tim và gây hoại tử cơ tim.&nbsp;</p><p><br></p><h2><strong>Nhồi máu cơ tim có nguy hiểm không?</strong></h2><p>Nhồi máu cơ tim là bệnh lý tim mạch nguy hiểm, có thể đe dọa đến tính mạng và cần được cấp cứu ngay lập tức. Bởi nếu không được cấp cứu kịp thời, tình trạng này có thể nhanh chóng kéo theo hàng loạt biến chứng nguy hiểm như:</p><p><br></p><ul><li>Rối loạn nhịp tim</li><li>Hở van tim nặng</li><li>Suy tim nặng hoặc sốc tim</li><li>Thủng cơ tim ở vùng vách ngăn hoặc thành tự do gây vỡ tim</li></ul><p><br></p><p>Nếu không được chữa trị kịp thời, các vấn đề trên hoàn toàn có khả năng cao dẫn đến tử vong. Mặt khác, kể cả khi điều trị thành công, mức độ thương tổn của tim vẫn có thể để lại di chứng ảnh hưởng lâu dài đến sức khỏe và khả năng hoạt động của cơ quan này. Do đó, quan trọng nhất là bạn cần hiểu rõ các dấu hiệu nhồi máu cơ tim, khi phát hiện các dấu hiệu này thì cần đi khám ngay để được chẩn đoán để có cách can thiệp phù hợp và kịp thời.&nbsp;</p><p><br></p><h2><strong>Dấu hiệu nhồi cơ tim và cách xử lý ban đầu</strong></h2><p><img src=\"https://cdn.hellobacsi.com/wp-content/uploads/2016/11/dau-hieu-nhoi-mau-co-tim.jpg\" alt=\"dấu hiệu nhồi máu cơ tim\" height=\"645\" width=\"1000\"></p><p><br></p><p>Bệnh nhồi máu cơ tim có thể xảy ra đột ngột, dữ dội. Tuy nhiên, cũng có trường hợp bệnh bắt đầu từ từ với cảm giác đau nhẹ ở ngực cùng một số triệu chứng khó chịu khác. Vì vậy, hãy chú ý đến biểu hiện khác thường của cơ thể và đến bệnh viện ngay lập tức nếu bạn cảm thấy:</p><p><br></p><ul><li>Khó chịu ở ngực: Cảm giác khó chịu ở vùng giữa ngực, bao gồm những cảm giác như đau, tức ngực hoặc có áp lực đè nặng lên đây. Tình trạng này có thể kéo dài vài phút hoặc xuất hiện rồi biến mất ngay lập tức nhưng lại nhanh chóng tái phát</li><li>Khó chịu ở nửa thân trên: Các triệu chứng có thể bao gồm đau hoặc khó chịu ở một hoặc hai tay, lưng, cổ, hàm hoặc dạ dày</li><li>Khó thở, hụt hơi.</li></ul><p><br></p><p>Ngoài những biểu hiện trên, người bệnh còn có thể gặp phải một số dấu hiệu như:</p><p><br></p><h2><strong>Các yếu tố nguy cơ dẫn đến nhồi máu cơ tim</strong></h2><p><br></p><p>Dưới đây là những yếu tố làm tăng nguy cơ nhồi máu cơ tim. Nếu bạn gặp phải tình trạng đau ngực và có nhiều yếu tố nguy cơ dưới đây, hãy đến cơ sở y tế ngay lập tức:</p><p><br></p><h3><strong>Tuổi tác và giới tính</strong></h3><p>Nguy cơ bị nhồi máu cơ tim có thể tăng dần theo tuổi tác. Trong khi đó, giới tính lại có ảnh hưởng đến thời điểm nguy cơ nhồi máu cơ tim bắt đầu tăng lên. Cụ thể:</p><p><br></p><ul><li>Đàn ông: Nguy cơ nhồi máu cơ tim tăng từ 45 tuổi</li><li>Phụ nữ: Nguy cơ nhồi máu cơ tim tăng từ 50 tuổi hoặc sau mãn kinh</li></ul><p><br></p><h3><strong>Bệnh sử gia đình</strong></h3><p>Yếu tố di truyền có thể liên quan đến bệnh nhồi máu cơ tim. Các chuyên gia cho rằng nguy cơ mắc bệnh của một người sẽ tăng lên nếu có người thân trong gia đình từng bị bệnh tim mạch hoặc nhồi máu cơ tim, nhất là nếu người thân bị khi còn trẻ. Cụ thể, bạn có nguy cơ bị nhồi máu cơ tim nếu:</p><p><br></p><ul><li>Ba hoặc&nbsp;anh em trai&nbsp;bị bệnh trước 55 tuổi</li><li>Mẹ hoặc&nbsp;chị em gái&nbsp;bị bệnh trước 65 tuổi</li></ul><p><br></p><h3><strong>Lối sống</strong></h3><p>Những thói quen dưới đây có thể làm tăng nguy cơ mắc bệnh nhồi máu cơ tim:</p><p><br></p><ul><li>Thường xuyên hút thuốc lá</li><li>Lười vận động</li><li>Lạm dụng chất kích thích như amphetamine hoặc cocaine</li><li>Chế độ ăn uống nhiều đường, muối và chất béo “xấu”, chẳng hạn như chất béo chuyển hóa.</li><li>Uống rượu, bia thức uống có cồn quá nhiều.</li></ul><p><br></p><h3><strong>Các vấn đề sức khỏe</strong></h3><p><br></p><p>Một số vấn đề sức khỏe có thể làm tăng nguy cơ nhồi máu cơ tim như:</p><ul><li>Béo phì</li><li>Đái tháo đường</li><li>Tăng huyết áp</li><li>Cholesterol cao</li><li>Có tiền sử bị tiền sản giật khi mang thai</li><li>Rối loạn ăn uống (nhất là ở những người trẻ tuổi)</li></ul><p><br></p><h2><strong>Chẩn đoán và điều trị</strong></h2><p><br></p><p><a href=\"https://cdn.hellobacsi.com/wp-content/uploads/2016/11/dien-tam-do-nhoi-mau-co-tim-e1593187826231.jpg\" rel=\"noopener noreferrer\" target=\"_blank\" style=\"color: rgb(45, 135, 243);\"><img src=\"https://cdn.hellobacsi.com/wp-content/uploads/2016/11/dien-tam-do-nhoi-mau-co-tim-e1593187826231.jpg\" alt=\"điện tâm đồ nhồi máu cơ tim\" height=\"583\" width=\"750\"></a></p><p><br></p><p>Nếu nghi ngờ bản thân hoặc người thân bị nhồi máu cơ tim, bạn cần nhanh chóng gọi cấp cứu hoặc đi đến bệnh viện. Khi đến bệnh viện, bác sĩ sẽ tiến hành:</p><ul><li><strong>Đo điện tâm đồ (EKG hay&nbsp;ECG):</strong>&nbsp;Đây là xét nghiệm ban đầu thường được chỉ định thực hiện sau khi đến bệnh viện. Xét nghiệm này sẽ giúp bác sĩ chẩn đoán bạn/người thân có bị nhồi máu cơ tim hay không.&nbsp;</li><li><strong>Xét nghiệm máu</strong>: giúp tìm kiếm sự hiện diện của các protein (hay còn gọi là men tim) được giải phóng vào máu khi cơ tim chịu tổn thương. Trong trường hợp nhồi máu cơ tim, bác sĩ thường tiến hành xét nghiệm troponin.</li></ul><p><br></p><p>Ngoài ra, bác sĩ cũng có thể chỉ định thực hiện các xét nghiệm khác như chụp X-quang ngực, chụp cắt lớp vi tính (CT), siêu âm tim…</p><p>Sau khi xác định tình trạng nhồi máu cơ tim, bác sĩ sẽ tiến hành một số phương pháp để điều trị ngay lập tức nhằm phục hồi lưu lượng máu đến tim và ngăn ngừa các tổn thương tim có thể xảy ra. Tùy vào tình trạng bệnh, thời gian đến bệnh viện và trang thiết bị của cơ sở y tế mà bác sĩ có thể lựa chọn phương pháp điều trị phù hợp.&nbsp;</p><p><br></p><p>Một số loại thuốc có thể được dùng để điều trị nhồi máu cơ tim, bao gồm:</p><p><br></p><ul><li>Thuốc chống đông</li><li>Thuốc kháng kết tập tiểu cầu</li><li>Thuốc ức chế men chuyển angiotensin (ACE inhibitor)</li><li>Thuốc ức chế thụ thể angiotensin (ARB)&nbsp;</li><li>Thuốc ức chế thụ thể angiotensin-neprilysin (ARNI)</li><li>Thuốc chẹn beta</li><li>Thuốc chẹn canxi</li><li>Thuốc kiểm soát chỉ số cholesterol</li></ul><p><br></p><p>Ngoài thuốc, bác sĩ cũng có thể chỉ định các thủ thuật y tế khác để điều trị nhồi máu cơ tim như:</p><ul><li>Nong và đặt stent mạch vành</li><li>Phẫu thuật bắc cầu động mạch vành</li></ul><p><br></p><h2><strong>Phòng ngừa nhồi máu cơ tim tái phát</strong></h2><h2><a href=\"https://cdn.hellobacsi.com/wp-content/uploads/2016/11/phuc-hoi-sau-con-dau-tim-e1593187850308.jpg\" rel=\"noopener noreferrer\" target=\"_blank\" style=\"color: rgb(45, 135, 243);\"><img src=\"https://cdn.hellobacsi.com/wp-content/uploads/2016/11/phuc-hoi-sau-con-dau-tim-e1593187850308.jpg\" alt=\"phục hồi sau cơn đau tim\" height=\"424\" width=\"750\"></a></h2><p><br></p><p>Sau điều trị, hầu hết người bị nhồi máu cơ tim đều có thể quay về cuộc sống thường ngày của mình. Tuy nhiên, theo thống kê, bệnh có thể tái phát trong vòng 5 năm đầu tiên ở 20% người bệnh từ 45 tuổi trở lên. Do đó, ngăn chặn một cơn nhồi máu cơ tim khác xảy ra là ưu tiên hàng đầu của người bệnh. Để làm được điều này, bạn sẽ cần tuân thủ một số quy tắc sau:</p><p><br></p><ul><li>Sử dụng thuốc theo chỉ định của bác sĩ. Một số loại thuốc nhất định có thể giúp giảm nguy cơ gặp phải các biến cố tim mạch khác. Đây là lý do tại sao bạn cần hiểu và sử dụng thuốc đúng cách</li><li>Tái khám đầy đủ theo lịch hẹn để bác sĩ có thể theo dõi sức khỏe và tình trạng hồi phục</li><li>Tham dự chương trình phục hồi chức năng tim do bác sĩ đề xuất</li><li>Tìm kiếm sự hỗ trợ của người thân hoặc những người đã từng bị nhồi máu cơ tim nếu thấy sợ hãi, bối rối</li><li>Kiểm soát các yếu tố nguy cơ gây nhồi máu cơ tim (như huyết áp cao, cholesterol cao, đái tháo đường) bằng cách dùng thuốc theo chỉ định, bỏ hút thuốc, ăn uống lành mạnh và thường xuyên tập thể dục</li></ul><p><br></p><p><span style=\"color: rgb(38, 38, 38);\">Nhồi máu cơ tim cấp là bệnh lý nguy hiểm, có khả năng gây tử vong cao nếu không được phát hiện và điều trị kịp thời. Triệu chứng quan trọng nhất cần nghĩ đến nhồi máu cơ tim là đau ngực, tuy nhiên, bạn không nên bỏ qua những dấu hiệu bất thường khác dù là nhỏ nhất. Khi có biểu hiện nhồi máu cơ tim hoặc nghi ngờ mắc phải bệnh lý này, cần đến ngay cơ sở y tế gần nhất để được khám, chẩn đoán và điều trị kịp thời nhằm giảm thiểu tối đa tỷ lệ tử vong và những biến chứng do nhồi máu cơ tim gây ra.</span></p>', NULL, '235523484', '2024-04-10 15:33:57', '2', '6', '1', '18', '1'),
('41', 'https://res.cloudinary.com/doccomming/image/upload/v1720600736/mue0ychxmeyyu0pnkzbi.webp', 'Người bệnh tim nên ăn trái cây gì để duy trì sức khỏe tim mạch?', 'Chế độ ăn uống có thể ảnh hưởng đến sức khỏe chung của cơ thể, bao gồm cả sức khỏe tim mạch. Do đó, nhiều người bệnh thường quan tâm đến các thực phẩm tốt nên tăng cường bổ sung trong chế độ ăn uống hàng ngày. Trong đó, “người bệnh tim nên ăn trái cây gì?” là câu hỏi được nhiều bệnh nhân quan tâm và muốn tìm hiểu.', '<p>Bệnh tim là nguyên nhân gây ra gần 1/3 ca tử vong trên toàn thế giới. Vì thế, có rất nhiều nghiên cứu xoay quanh các bệnh lý này nhằm nỗ lực giúp người bệnh phòng ngừa cũng như hạn chế diễn tiến bệnh nặng thêm.</p><p><br></p><p>Trong các yếu tố nguy cơ thì chế độ ăn uống là yếu tố quan trọng nhất có thể thay đổi được ở người bệnh tim mạch. Nhiều nghiên cứu cho thấy thực phẩm có nguồn gốc thực vật giúp giảm nguy cơ mắc bệnh tim mạch cũng như mang lại nhiều lợi ích cho người đã mắc bệnh. Trong đó, trái cây là một phần không nên thiếu trong chế độ ăn của người bệnh tim.</p><p><br></p><p>Hãy cùng tìm hiểu người bệnh tim nên ăn trái cây gì cũng như cách làm đa dạng khẩu phần ăn cùng với loại trái cây, rau củ qua bài viết sau đây.</p><p><br></p><h2><strong>Người bệnh tim nên ăn trái cây gì?</strong></h2><p><br></p><p>Một số loại trái cây được nghiên cứu nhiều và cho thấy tác dụng bảo vệ tim mạch rất tốt. Cơ chế tác động của những loại trái cây tốt cho tim mạch chưa hoàn toàn rõ ràng nhưng chủ yếu được cho là do đặc tính chống oxy hóa và loại bỏ các gốc tự do từ các thành phần hóa thực vật. Đặc biệt, nhóm hợp chất được chú ý nhiều nhất là polyphenol – hợp chất đặc trưng bởi sự hiện diện của vòng thơm và các nhóm hydroxyl phenolic.</p><p><br></p><h3><strong>1. Các loại quả mọng</strong></h3><p><img src=\"https://cdn.hellobacsi.com/wp-content/uploads/2021/03/nguoi-benh-tim-nen-an-cac-loai-qua-mong.jpg\" alt=\"người bệnh tim nên ăn các loại quả mọng\" height=\"667\" width=\"1000\"></p><p><br></p><p>Câu trả lời đầu tiên cho câu hỏi “người bệnh tim nên ăn trái cây gì?” chính là các loại quả mọng bao gồm dâu tây, việt quất, phúc bồn tử hay mứt từ các loại quả này. Nhóm trái cây này có chứa rất nhiều chất dinh dưỡng góp phần tăng cường sức khỏe tim mạch.</p><p><br></p><p>Những loại quả mọng cũng rất giàu chất chống oxy hóa như anthocyanin giúp chống lại stress oxy hóa và phản ứng viêm khiến bệnh tim có cơ hội phát triển. Đã có nhiều nghiên cứu cho thấy ăn nhiều trái cây trong nhóm quả mong có thể làm giảm một số nguy cơ bệnh tim.</p><p><br></p><p>Một phân tích tổng hợp từ nhiều nghiên cứu đã nhận thấy việc ăn các loại quả mọng có liên quan đến sự giảm lượng cholesterol “xấu” LDL, giảm huyết áp tâm thu, chỉ số khối cơ thể (BMI) và một số dấu hiệu viêm.</p><p><br></p><p><em>Các loại quả mọng rất giàu chất chống oxy hóa cùng hàm lượng calo thấp nên rất thích hợp để bổ sung vào khẩu phần ăn mỗi ngày. Bạn có thể kết hợp các loại quả này cùng rau củ hay trái cây khác để nhận được những lợi ích sức khỏe tuyệt vời từ chúng, đặc biệt là làm giảm yếu tố nguy cơ mắc bệnh tim.</em></p><p><br></p><h3><strong>2. Người bệnh tim nên ăn trái cây gì? Quả bơ</strong></h3><p><img src=\"https://cdn.hellobacsi.com/wp-content/uploads/2021/03/nguoi-benh-tim-nen-an-trai-bo.jpg\" alt=\"người bệnh tim nên ăn trái bơ\" height=\"667\" width=\"1000\"></p><p><br></p><p>Quả bơ là nguồn cung cấp chất chất béo đơn không bão hòa vô cùng có lợi cho sức khỏe tim mạch, giúp làm giảm cholesterol cũng như nguy cơ mắc bệnh tim.</p><p><br></p><p>Một nhóm thử nghiệm chế độ ăn giảm cholesterol ở người thừa cân, béo phì với một quả bơ mỗi ngày cho thấy họ giảm được lượng cholesterol “xấu” LDL. Đó là một yếu tố làm tăng đáng kể nguy cơ mắc bệnh tim.</p><p><br></p><p>Ngoài ra, bơ cũng rất giàu kali – một dưỡng chất cần thiết cho tim mạch. Một quả bơ cung cấp đến 975mg kali, tương đương khoảng 28% lượng kali cần trong một ngày. Bạn có biết, bổ sung ít nhất 4,7g kali mỗi ngày có thể làm giảm huyết áp trung bình đi 8,0/4,1mmHg và giảm 15% nguy cơ đột quỵ.</p><p><br></p><p><em>Người bệnh tim nên ăn trái cây có nhiều chất béo đơn không bão hòa và kali như bơ. Chúng có thể giúp giảm hàm lượng cholesterol, hạ huyết áp và giảm bớt nguy cơ mắc các hội chứng chuyển hóa (như đái tháo đường).</em></p><p><br></p><h3><strong>3. Trái cây có màu cam, vàng</strong></h3><p><img src=\"https://cdn.hellobacsi.com/wp-content/uploads/2021/03/nguoi-benh-tim-nen-an-trai-cay-gi-cam-du-du-xoai.jpg\" alt=\"người bệnh tim nên ăn trái cây gì cam đu đủ xoài\" height=\"693\" width=\"1000\"></p><p><br></p><p>Người bệnh tim nên ăn trái cây gì? Những trái cây họ cam quýt hay có màu cam, vàng đậm như đu đủ, dưa lưới ruột vàng, xoài rất giàu beta-carotene, kali, magie, chất xơ cùng nhiều thành phần khác. Nhờ đó, những loại trái cây tốt cho tim mạch này có thể mang lại nhiều lợi ích cho sức khỏe như cải thiện khả năng dung nạp glucose, giảm mỡ máu, giúp cải thiện sức khỏe tim mạch.</p><p><br></p><p>Các nghiên cứu sâu hơn về tác động của những loại trái cây này trên tim mạch vẫn còn hạn chế. Thế nhưng, nhìn chung, người bệnh tim vẫn nên ăn những trái cây có màu cam, vàng đậm vì chúng cũng có nhiều chất chống oxy hóa có thể đem lại nhiều lợi ích cho tim mạch theo nhiều cách khác nhau.</p><p><br></p><h3><strong>4. Bệnh tim nên ăn trái cây gì? Táo là loại trái cây người bệnh tim nên ăn</strong></h3><p><br></p><p>Táo là một nguồn cung cấp nhiều chất xơ, các chất chống oxy hóa như vitamin C và polyphenol tốt cho sức khỏe. Đặc biệt, tỷ lệ mắc bệnh tim mạch giảm có thể liên quan đến thói quen thường xuyên ăn táo. Nguyên nhân được cho là nhờ tác dụng làm giảm cholesterol của hợp chất polyphenol có nhiều trong vỏ táo.</p><p><br></p><p>Ngoài ra, khả năng làm giảm cholesterol của táo cũng nhờ vào các hợp chất hóa thực vật khác như catechin, epicatechin, procyanidin B1 và beta-carotene.</p><p><br></p><h3><strong>5. Lựu và một số loại trái cây khác người bệnh tim nên ăn</strong></h3><p><img src=\"https://cdn.hellobacsi.com/wp-content/uploads/2021/03/nguoi-benh-tim-nen-an-trai-cay-gi-1.jpg\" alt=\"người bệnh tim nên ăn trái cây\" height=\"696\" width=\"1000\"></p><p><br></p><p>Hạt lựu và nước ép từ chúng rất giàu chất chống oxy hóa với tác dụng bảo vệ mạch vành và hạ huyết áp. Thành phần có hoạt tính sinh học nổi bật trong quả lựu là punicalagin với khả năng bảo vệ tim mạch. Nó hoạt động như một chất thu nhặt và tạo phức sắt của hydrogen peroxid. Nói chung, lợi ích từ loại quả này liên quan đến hoạt động chống oxy hóa và loại bỏ gốc tự do của các thành phần trong chúng.</p><p><br></p><p>Người bệnh tim cũng có thể ăn rất nhiều loại trái cây khác nhiều dưỡng chất tương tự như lê, nho, chuối, táo gai, kiwi… Không chỉ trái cây, bạn cũng có thể bổ sung thêm nhiều loại rau củ tốt cho tim mạch để bữa ăn thêm đa dạng và bắt mắt.</p><p><br></p><h2><strong>Sắc màu hóa bữa ăn dành cho người bệnh tim</strong></h2><p>Việc ăn trái cây và rau củ ở người bệnh tim mang lại rất nhiều lợi ích cho sức khỏe. Nếu tăng lượng trái cây và rau củ mỗi ngày lên 10 lần phần ăn tiêu chuẩn (khoảng 5 cup với mỗi cup tương đương thể tích 250ml) sẽ có thể giảm bớt 28% nguy cơ mắc bệnh tim mạch và 31% nguy cơ tử vong sớm do bệnh tim.</p><p><br></p><p>Bên cạnh vấn đề người bệnh tim nên ăn trái cây gì, bạn cũng nên chú ý thay đổi nhiều loại trái cây, rau củ mỗi ngày để cung cấp nhiều chất xơ, vitamin và khoáng chất cho cơ thể. Không những thế, màu sắc đa dạng từ thực vật cũng khiến bạn có tâm trạng ăn uống và cảm thấy ngon miệng hơn. Bạn có thể thử thay đổi theo các nhóm màu sắc như sau:</p><p><br></p><p><img src=\"https://cdn.hellobacsi.com/wp-content/uploads/2021/03/trai-cay-va-rau-cu-nguoi-benh-tim-nen-an.jpg\" alt=\"trái cây và rau củ người bệnh tim nên ăn\" height=\"667\" width=\"1000\"></p><p><br></p><p><strong>Màu cam và vàng:</strong></p><p><br></p><p>Trái cây:</p><ul><li>Cam, quýt</li><li>Đào</li><li>Chuối</li></ul><p><br></p><p>Rau củ:</p><ul><li>Bắp/ ngô</li><li>Bí đỏ</li><li>Khoai lang</li><li>Cà rốt</li><li>Ớt</li></ul><p><br></p><p><strong>Màu đỏ</strong></p><p><br></p><p>Người bệnh tim nên ăn trái cây gì? Trái cây:</p><ul><li>Táo</li><li>Dâu tây</li><li>Phúc bồn tử</li></ul><p><br></p><p>Rau củ:</p><ul><li>Cà chua</li><li><br></li><li>Ớt</li></ul><p><br></p><p><strong>Màu tím và xanh đậm</strong></p><p><br></p><p>Trái cây:</p><ul><li>Việt quất</li><li>Mận Hà Nội</li></ul><p><br></p><p>Rau củ:</p><ul><li>Cà tím</li><li>Củ dền</li></ul><p><br></p><p><strong>Màu xanh lá</strong></p><p><br></p><p>Trái cây:</p><ul><li>Táo</li><li>Nho</li><li>Kiwi</li></ul><p><br></p><p>Rau củ:</p><ul><li>Rau diếp</li><li>Các loại đậu, đậu Hà Lan</li><li>Dưa leo</li><li>Bông cải xanh</li><li>Cải bó xôi</li></ul><p><br></p><p><strong>Màu nâu và trắng</strong></p><p><br></p><p>Rau củ:</p><ul><li>Khoai tây</li><li>Bắp cải</li><li>Nấm</li><li>Súp lơ trắng</li></ul><p><br></p><p><em>Bệnh tim không nên ăn trái cây gì? Ngoài ra, một số lựa chọn người bệnh tim nên tránh hoặc hạn chế bao gồm dừa, các món rau củ với sốt kem, rau củ chiên hay nướng, trái cây đóng hộp với hàm lượng đường (siro) cao, trái cây đông lạnh có nhiều đường phụ gia.</em></p>', NULL, '235523484', '2024-03-10 15:38:56', '2', '7', '1', '18', '2'),
('42', 'https://res.cloudinary.com/doccomming/image/upload/v1720602001/feunfha4zflaikfkwmsx.jpg', 'Thoái hóa khớp', 'Thoái hóa khớp là một dạng bệnh xương khớp mà rất nhiều người lớn tuổi gặp phải. Cùng Doctor Coming tìm hiểu rõ hơn để biết cách điều trị và phòng ngừa hiệu quả nhé!', '<h2><strong>Tìm hiểu chung</strong></h2><h3><strong>Thoái hóa khớp là gì?</strong></h3><p><br></p><p>Thoái hóa khớp&nbsp;là một dạng viêm khớp phổ biến, xảy ra khi sụn bảo vệ đầu xương trong các khớp bị hao mòn theo thời gian.</p><p>Mặc dù thoái hóa xương khớp có thể ảnh hưởng đến bất kỳ khớp nào trên cơ thể, nhưng chứng rối loạn này thường ảnh hưởng nhất đến các khớp ở ngón tay, đầu gối, hông và cột sống.</p><p><br></p><p>Thoái hóa khớp là một căn bệnh có thể tiến triển nghiêm trọng hơn theo thời gian, thường dẫn đến những cơn đau mạn tính. Cơn đau cũng sẽ khiến các hoạt động hàng ngày trở nên khó khăn. Người bệnh cũng có thể bị chấn thương, tàn tật, rối loạn giấc ngủ, thậm chí là trầm cảm nếu cơn đau kéo dài.</p><p><br></p><h2><strong>Triệu chứng</strong></h2><h3><strong>Những dấu hiệu và triệu chứng thoái hóa khớp</strong></h3><p><img src=\"https://cdn.hellobacsi.com/wp-content/uploads/2023/06/trieu-chung-thoai-hoa-khop.jpg\" alt=\"triệu chứng thoái hóa khớp\" height=\"667\" width=\"1000\"></p><p><br></p><p>Các triệu chứng thoái hóa khớp thường phát triển chậm và trầm trọng hơn theo thời gian. Chúng bao gồm:</p><p><br></p><ul><li>Đau nhức khớp, nghiêm trọng hơn trong hoặc sau khi vận động</li><li>Cứng khớp khi thức dậy hoặc sau khi không hoạt động lâu</li><li>Khớp mềm khi ấn nhẹ vào hoặc chạm vào gần nó</li><li>Khớp lỏng lẻo, mất tính linh hoạt, khó di chuyển khớp trong toàn bộ phạm vi chuyển động</li><li>Cảm giác lạo xạo hoặc nghe thấy tiếng kêu răng rắc/lạo xạo khi di chuyển</li><li>Xuất hiện các gai xương ở khớp thoái hóa</li><li>Yếu cơ</li><li>Sưng tấy trong và quanh khớp, do viêm mô mềm lân cận.</li></ul><p><br></p><p>Thông thường, bạn sẽ chỉ gặp các triệu chứng ở 1 khớp hoặc một vài khớp cùng một lúc. Triệu chứng cũng có thể thay đổi tùy vào khớp bị ảnh hưởng, cụ thể như sau:</p><p><br></p><ul><li><em>Đầu gối:</em>&nbsp;Đau đầu gối khi đi bộ, đặc biệt là khi đi lên hoặc xuống cầu thang và khó duỗi thẳng chân do đầu gối bị cong.</li><li><em>Hông:</em>&nbsp;Đau ở vùng háng hoặc mông và đôi khi ở bên trong đùi. Háng hoặc hông cử động khó khăn nên khó khi đi giày hoặc ra vào xe hơi.</li><li><em>Bàn tay:</em>&nbsp;Các ngón tay&nbsp;có thể trở nên cứng, đau, sưng hoặc cong sang một bên. Các nốt sần (cục u) nổi trên các khớp ngón tay hoặc gốc ngón tay gây đau đớn.</li><li><em>Bàn chân:</em>&nbsp;Đau và mềm ở ngón chân cái, sưng mắt cá chân hoặc ngón chân.</li><li><em>Cột sống.</em>&nbsp;Cứng và đau ở cổ&nbsp;hoặc lưng dưới. Một số người bị hẹp cột sống có thể dẫn đến các triệu chứng khác nữa.</li></ul><p><br></p><h3><strong>Khi nào nên đến gặp bác sĩ?</strong></h3><p>Nếu bạn bị đau khớp hoặc cứng khớp kéo dài, hãy hẹn gặp bác sĩ để được thăm khám càng sớm càng tốt.</p><p><br></p><h2><strong>Nguyên nhân</strong></h2><h3><strong>Nguyên nhân thoái hóa khớp là gì?</strong></h3><p><br></p><p>Thoái hóa khớp xảy ra khi lớp sụn khớp bao phủ các đầu xương trong dần dần bị hao mòn. Sụn ​​là một mô liên kết dẻo dai, chắc chắn bao phủ xương, giúp các đầu xương không cọ xát trực tiếp vào nhau khi vận động. Sụn còn được coi là “bộ giảm xóc”, hấp thụ lực ở các khớp.</p><p>Thoái hóa khớp có nhiều nguyên nhân khác nhau, không chỉ có viêm khớp. Đây có thể là kết quả của nhiều yếu tố, bao gồm:</p><p><br></p><ul><li><em>Lão hóa.</em>&nbsp;Nguy cơ thoái hóa khớp tăng lên theo độ tuổi. Khoảng 80% người lớn từ 55 tuổi trở lên được chẩn đoán bị thoái hóa xương khớp khi tiến hành chụp X-quang.&nbsp;</li><li><em>Giới tính.</em>&nbsp;Phụ nữ sau mãn kinh có tỉ lệ thoái hóa khớp gối cao hơn so với nam giới. Sự suy giảm estrogen ở phụ nữ sau mãn kinh sẽ làm tăng nguy cơ thoái hóa khớp gối vì estrogen có tác dụng bảo vệ sức khỏe của xương, đặc biệt làm giảm stress oxy hóa cho sụn.</li><li><em>Béo phì.</em>&nbsp;Trọng lượng tăng gây thêm căng thẳng cho các khớp chịu trọng lượng, chẳng hạn như hông và đầu gối. Ngoài ra, béo phì gây ra các tác động chuyển hóa và gây viêm, trong đó có viêm khớp.</li><li><em>Bệnh tiểu đường và mỡ máu cao.</em>&nbsp;Lượng đường trong máu tăng cao, cũng như cholesterol/lipid tăng cao, làm tăng các gốc tự do có hại trong cơ thể. Tình trạng stress oxy hóa này vượt quá khả năng phục hồi của sụn ở cấp độ tế bào, làm tăng nguy cơ mắc bệnh.</li><li><em>Chấn thương khớp.</em>&nbsp;Chấn thương xảy ra khi chơi thể thao hoặc do tai nạn dù đã xảy ra nhiều năm trước cũng có thể làm tăng rủi ro thoái hóa khớp trong tương lai.</li><li><em>Căng thẳng lặp đi lặp lại trên khớp.</em>&nbsp;Nếu công việc hoặc môn thể thao mà bạn chơi gây áp lực lặp đi lặp lại lên khớp, thì khớp đó cũng sẽ nhanh bị thoái hóa.</li><li><em>Di truyền.</em>&nbsp;Những người sinh ra với các bệnh về xương khác hoặc có các đặc điểm di truyền khiến họ dễ mắc bệnh hơn. Chẳng hạn như, bệnh Ehlers-Danlos là một rối loạn khớp di truyền gây ra sự lỏng lẻo của khớp có thể góp phần gây thoái hóa xương khớp.</li><li><em>Rối loạn chuyển hóa.</em>&nbsp;Bệnh tiểu đường hoặc tình trạng cơ thể có quá nhiều chất sắt (hemochromatosis).</li></ul><p><br></p><h2><img src=\"https://cdn.hellobacsi.com/wp-content/uploads/2023/06/nguyen-nhan-thoai-hoa-khop.jpg\" alt=\"nguyên nhân thoái hóa khớp\" height=\"563\" width=\"1000\"></h2><p><br></p><h2><strong>Chẩn đoán và điều trị</strong></h2><h3><strong>Những kỹ thuật y tế nào giúp chẩn đoán thoái hóa khớp?</strong></h3><p><br></p><p>Trong quá trình kiểm tra thể chất, bác sĩ sẽ kiểm tra khớp bị ảnh hưởng xem có đau, sưng, đỏ và mất tính linh hoạt hay không.</p><p>Ngoài ra, để giúp việc chẩn đoán chính xác hơn, bác sĩ sẽ đề nghị bệnh nhân làm các xét nghiệm khác như:</p><ul><li>Chụp X-quang</li><li>Chụp cộng hưởng từ (MRI)</li><li>Xét nghiệm máu</li><li>Phân tích dịch khớp.</li></ul><p><br></p><h3><strong>Những phương pháp điều trị thoái hóa khớp</strong></h3><p><br></p><p>Thoái hóa xương khớp là không thể chữa khỏi, nhưng các phương pháp điều trị có thể làm giảm đau, cải thiện chức năng khớp và giúp bạn di chuyển tốt hơn.</p><p>Các phương pháp điều trị thoái hóa khớp bao gồm:</p><p><br></p><h4><strong>Thuốc men</strong></h4><p><br></p><p>Thoái hóa xương khớp uống thuốc gì? Hiện chưa có loại thuốc nào được chứng minh là có thể chữa khỏi bệnh hoặc làm chậm quá trình thoái hóa. Các loại thuốc điều trị thoái hóa khớp tốt nhất chủ yếu chỉ có tác dụng là hỗ trợ giảm đau, thường bao gồm:</p><ul><li>Acetaminophen (paracetamol)</li><li>Thuốc chống viêm không steroid (NSAID), chẳng hạn như ibuprofen và naproxen natri</li><li>Duloxetine hydrochloride</li><li>Thuốc bôi ở dạng miếng dán giảm đau, kem, xoa hoặc xịt dùng để bôi lên da.</li></ul><p><br></p><p>Mặc dù nhiều loại thuốc giảm đau có thể mua mà không cần kê đơn, nhưng những người bị bệnh thoái hóa khớp nên hỏi ý kiến bác sĩ trước khi dùng thuốc. Một số loại thuốc có thể gây ra các tác dụng phụ nguy hiểm, không mong muốn hoặc ảnh hưởng đến các loại thuốc khác đang được sử dụng.</p><p><br></p><h4><strong>Phẫu thuật và các phương pháp khác</strong></h4><p><img src=\"https://cdn.hellobacsi.com/wp-content/uploads/2023/06/dieu-tri-thoai-hoa-khop.jpg\" alt=\"điều trị thoái hóa khớp\" height=\"667\" width=\"1000\"></p><p><br></p><ul><li><em>Vật lý trị liệu.</em>&nbsp;Chuyên gia vật lý trị liệu có thể chỉ cho bạn các bài tập để tăng cường sức mạnh cho các cơ xung quanh khớp, tăng tính linh hoạt và giảm đau.</li><li><em>Thiết bị hỗ trợ.</em>&nbsp;Miếng lót giày hoặc các thiết bị hỗ trợ khác như gậy hoặc khung tập đi có thể giúp giảm áp lực lên khớp đầu gối hoặc hông, hỗ trợ giảm đau khi bạn đứng hoặc đi.</li><li><em>Kích thích thần kinh xuyên da (TENS).</em>&nbsp;Sử dụng dòng điện có điện áp thấp để giảm đau. Đây là phương pháp điều trị tạm thời cho thoái hóa khớp gối và hông.</li><li><em>Tiêm corticosteroid.</em>&nbsp;Tiêm corticosteroid vào khớp sẽ giúp giảm đau trong vài tuần. Bác sĩ sẽ làm tê khu vực xung quanh khớp. Sau đó, họ đặt một cây kim vào khoảng trống trong khớp và tiêm thuốc. Số lần tiêm giới hạn trong khoảng 3 – 4 lần/năm vì thuốc có thể làm tổn thương khớp nặng hơn theo thời gian.</li></ul><p><br></p><h2><strong>Phòng ngừa</strong></h2><h3><strong>Những biện pháp nào giúp phòng ngừa thoái hóa khớp?</strong></h3><p><br></p><p>Thoái hóa khớp có thể được phòng ngừa và kiểm soát bằng các phương pháp tại nhà như:</p><p><br></p><ul><li><em>Tập thể dục.</em>&nbsp;Bài tập&nbsp;tác động thấp có thể tăng sức chịu đựng và tăng cường sức mạnh cho các cơ xung quanh khớp. Hãy thử đi bộ, bơi lội, đạp xe đạp hoặc thể dục nhịp điệu dưới nước. Nếu bạn cảm thấy xuất hiện cơn đau khớp mới, hãy dừng tập và hỏi ý kiến bác sĩ.</li><li><em>Giảm cân.</em>&nbsp;Giảm một ít cân nặng cũng có thể giúp giảm bớt một số áp lực và giảm đau. Hãy giảm cân lành mạnh bằng chế độ tập luyện và ăn uống cân bằng.</li><li><em>Tập yoga. Yoga</em>&nbsp;bao gồm các bài tập nhẹ nhàng, giúp kéo giãn kết hợp với hít thở sâu. Liệu pháp này giúp giảm căng thẳng, giảm đau xương khớp và cải thiện cử động của xương khớp. Hãy chắc chắn rằng bài tập yoga được chọn là một hình thức nhẹ nhàng và tránh tác động lên các khớp bị ảnh hưởng.</li><li><em>Chườm nóng/lạnh.</em>&nbsp;Chườm nóng/lạnh đều giúp giảm đau và sưng ở khớp. Nhiệt giúp cơ thư giãn và giảm đau. Trong khi đó, lạnh có thể làm giảm đau cơ sau khi tập thể dục và giảm co thắt cơ.</li></ul><p><br></p><p>Ngoài những phương pháp kể trên, bạn có thể hỏi bác sĩ về biện pháp châm cứu, bấm huyệt và sử dụng một số chất bổ sung cho khớp như glucosamin, chondroitin hay dầu cá.</p><p><br></p><p>Hi vọng bài viết này đã cung cấp đến bạn những thông tin hữu ích về căn bệnh thoái hóa khớp. Nếu không chủ động bảo vệ sức khỏe xương khớp ngay từ hôm nay từ những thói quen đơn giản nhất thì căn bệnh này không chỉ đến khi bạn tuổi già mà vẫn có thể xảy ra sớm hơn đấy nhé!</p>', NULL, '235523484', '2024-02-10 16:00:01', '9', '26', '1', '8', '1'),
('43', 'https://res.cloudinary.com/doccomming/image/upload/v1720602212/q1zvm1bzvvn3dyqxaysk.jpg', 'Đau vai gáy lan xuống cánh tay là bệnh gì? Nguyên nhân và cách điều trị', 'Đau vai gáy lan xuống cánh tay là một trong những dấu hiệu cảnh báo các bệnh lý về cột sống hoặc có chấn thương xảy ra trong cơ thể. Mặc dù cũng có thể chỉ là một cơn đau bình thường nhưng bạn cũng không nên bỏ qua điều này.', '<h2><strong>Vì sao bạn bị đau vai gáy lan xuống cánh tay?&nbsp;</strong></h2><p><br></p><p>Khớp vai là bộ phận nằm giữa cổ và vai có vai trò tham gia vào hầu hết các hoạt động vận động của cơ thể. Do đó, khi sử dụng quá mức thì vùng này dễ có nguy cơ tổn thương và gây ra các cơn đau, nhức mỏi từ vai gáy lan xuống cánh tay. Tùy mức độ khó chịu mà cơn đau sẽ ảnh hưởng đến chất lượng cuộc sống của người bệnh.&nbsp;</p><p><br></p><p>Có nhiều nguyên nhân dẫn đến tình trạng này, như là:&nbsp;&nbsp;</p><h3><strong>Nguyên nhân bệnh lý&nbsp;</strong></h3><p><br></p><h4><strong>Cột sống có vấn đề</strong></h4><p><br></p><ul><li><strong>Thoát vị đĩa đệm đốt sống cổ:&nbsp;</strong>Nhân của đĩa đệm là dạng gel nên khi đĩa đệm bị thoái hóa, xơ cứng và vỡ, nhân thoát ra ngoài chèn ép lên dây thần kinh. Từ đó, hiện tượng đau vai gáy và cánh tay xuất hiện. Bạn sẽ thấy cảm giác đau nhức khi nâng vật nặng hoặc thực hiện các hành động xoay vặn mình.</li><li><strong>Thoái hóa đốt sống cổ hoặc hẹp ống sống:&nbsp;</strong>Tuổi tác càng cao thì quá trình lão hóa diễn ra càng nhanh nên khi đến tuổi trưởng thành hoặc cao tuổi, các đĩa đệm của đốt sống cổ bắt đầu bị thoái hóa và phình to ra. Chúng mất nước và dần dần khô và cứng hơn khiến khoảng cách giữa các đốt sống gần hơn. Khi đó, để bảo vệ sự ổn định của cột sống, cơ thể bắt đầu hình thành các gai xương (gai đốt sống). Tuy nhiên, chính những gai xương này khi phát triển quá mạnh sẽ gây ra chèn ép vào các rễ thần kinh gây ra cơn đau vai gáy lan xuống cánh tay.&nbsp;</li><li><strong>Tủy sống và rễ thần kinh bị chèn ép:&nbsp;</strong>Đau vai gáy lan xuống cánh tay thường xảy ra khi rễ thần kinh và tủy sống bị chèn ép quá mức khiến đường dẫn truyền vận động và cảm giác bị tê liệt. Một số tác nhân dẫn đến việc này có thể kể đến như u tủy cổ, viêm màng nhện tủy cổ, lao,…</li></ul><p><br></p><h4><strong>Chấn thương</strong></h4><p><br></p><ul><li><strong>Chấn thương vai hoặc khớp cùng vai đòn:</strong>&nbsp;Xương bả vai và xương đòn được kết nối với nhau bằng các dây chằng nên khi gặp chấn thương, các dây chằng sẽ bị rách và gây đau đớn.&nbsp;</li><li><strong>Gãy xương bả vai:</strong>&nbsp;Đây là chấn thương tương đối mạnh nên nếu có xảy ra chắc chắn bạn cũng sẽ biết nguyên nhân tại sao lại bị đau.&nbsp;</li><li><strong>Gãy xương đòn:</strong>&nbsp;Để khiến xương đòn bị gãy thường là do ngã, ví dụ như ngã khỏi xe đạp,…</li><li><strong>Chấn thương vòng bít xoay:</strong>&nbsp;Bao quanh khớp vai là nhóm bốn gân và cơ, gọi là vòng bít xoay. Trong quá trình chơi thể thao, mang vác vật nặng hoặc thực hiện một hành động quá nhiều lần có thể gây ra chấn thương cho các đường gân này. Vậy nên, khi chuyển động vai bạn có thể cảm thấy đau và cuối cùng là vai bị đóng băng (mất chuyển động vai mạn tính). Những người dễ gặp chấn thương này là họa sĩ, thợ mộc, vận động viên quần vợt hoặc bóng bầu dục,…</li><li><strong>Chấn thương do va đập:</strong>&nbsp;Khối cấu trúc dây chằng và cơ bắp của phần cổ vai có thể bị tổn thương do va đập trong tai nạn xe.</li><li><strong>Viêm bao hoạt dịch:</strong>&nbsp;Để giúp cánh tay và vai hoạt động linh hoạt, trên khớp thường có bao hoạt dịch. Khi xảy ra tình trạng viêm thì bao hoạt dịch sẽ bị sưng và gây đau vai gáy lan xuống cánh tay.&nbsp;</li><li><strong>Viêm gân:</strong>&nbsp;Các gân nối cơ và xương cổ, vai, cánh tay có thể bị viêm và tạo ra cảm giác đau đớn, khó chịu.</li></ul><p><br></p><p><br></p><p><br></p><p>Ngoài ra, có một số nguyên nhân khác khiến bạn đau vai gáy lan xuống cánh tay như: loét dạ dày, bệnh túi mật, bệnh nhồi máu cơ tim, bệnh phổi, viêm phế quản,…&nbsp;</p><p><br></p><h3><strong>Nguyên nhân cơ học&nbsp;</strong></h3><p>Trong cuộc sống sinh hoạt hàng ngày có rất nhiều trường hợp vận động hoặc sử dụng cơ vai quá mức. Ví dụ như khi bạn tập luyện thể thao quá mức hoặc tư thế tập không đúng, không khởi động làm ấm cơ bắp trước khi tập khiến phần vai dễ nhức mỏi, kéo dài dẫn đến đau vai gáy hoặc khi bạn nằm ngủ gối đầu quá cao, nằm nghiêng cùng một tư thế quá lâu. Tất cả những điều này dẫn đến cơ bắp vùng cổ – gáy bị cứng lại khiến máu và oxy không lưu thông được, gây ra đau cổ và vai gáy.&nbsp;</p><p><br></p><p>Những người thường xuyên gặp tình trạng đau mỏi vai gáy lan xuống cánh tay có thể kể đến như tài xế lái xe, vận động viên thể thao, người tập thể dục, nhân viên văn phòng, học sinh, sinh viên,…</p><p><br></p><h3><strong>Nguyên nhân khác</strong></h3><p>Thời tiết thay đổi sẽ ảnh hưởng đến quá trình lưu thông máu ở cánh tay, vai gáy, bàn chân. Chính vì vậy, lưu lượng máu bị thuyên giảm sẽ khiến các bệnh lý trầm trọng hơn hoặc ảnh hưởng đến các dây thần kinh ngoại vi vốn đã hoạt động không tốt. Điều này dẫn đến các triệu chứng đau mỏi, tê bì tay chân.&nbsp;</p><p><br></p><h2><strong>Triệu chứng nhận biết đau vai gáy lan xuống cánh tay</strong></h2><p><br></p><p><img src=\"https://cdn.hellobacsi.com/wp-content/uploads/2023/09/dau-vai-gay-lan-xuong-canh-tay.jpg\" alt=\"đau vai gáy lan xuống cánh tay\" height=\"667\" width=\"1000\"></p><p><br></p><p>Một số dấu hiệu giúp bạn nhận biết cơn đau lan xuống cánh tay như:</p><ul><li>Đau cứng vùng vai gáy và thấy cổ bị nhức mỏi sau khi ngủ dậy hoặc làm việc</li><li>Hai bên bả vai đau nhức và lan xuống cánh tay</li><li>Đầu cử động khó khăn và không thể giơ bả vai lên quá cao</li><li>Cảm giác tê bì ở bàn tay hoặc ngón tay, khó cầm nắm đồ vật</li><li>Đau dữ dội, đau âm ỉ kéo dài mà không thấy thuyên giảm</li><li>Hạn chế khả năng vận động của vai và tay, thậm chí bị yếu và liệt</li><li>Một số triệu chứng khác đi kèm: ù tai, chóng mặt, hoa mắt, đi không vững,…</li></ul><p><br></p><h2><strong>Phương pháp điều trị đau cổ vai gáy lan xuống cánh tay</strong></h2><p><br></p><p>Đối với các trường hợp do nguyên nhân cơ hoặc hoặc nguyên nhân thời tiết, bạn đều có thể tự mình khắc phục tại nhà. Tuy nhiên, nếu đến từ nguyên nhân bệnh lý thì phải có sự chỉ định điều trị từ bác sĩ mới có thể hồi phục hoàn toàn.&nbsp;</p><p><br></p><p>Đầu tiên, khi cảm thấy đau vai gáy lan xuống cánh tay, bạn có thể tự chăm sóc tại nhà với các phương pháp sau:</p><ul><li>Massage nhẹ nhàng vùng bị đau</li><li>Thực hiện một số bài tập giãn cơ để các khớp linh hoạt hơn nếu chỉ cảm thấy đau nhẹ.&nbsp;</li><li>Bổ sung vào thực đơn ăn uống hàng ngày các loại vitamin như B, C, E, D để tăng cường sức đề kháng cho cơ thể.</li><li>Tạm dừng tất cả các hoạt động tập luyện thể thao hoặc làm việc, học tập có thể khiến các triệu chứng trầm trọng hơn.</li><li>Chườm nóng vào vùng bị đau, sử dụng miếng đệm sưởi ấm hoặc miếng gạc nóng để các phần cơ đang căng cứng thả lỏng ra.</li><li>Chườm lạnh lên vùng bị đau trong vòng 3 ngày khi bạn bắt đầu cảm thấy đau, chườm tối đa 20 phút/lần và không quá 5 lần/ngày.</li><li>Nếu là chấn thương nhẹ do căng cơ hoặc bầm tím thì trong một vài trường hợp, cơ thể sẽ tự chữa lành mà không cần đến sự can thiệp của bác sĩ.</li><li>Nếu cảm thấy quá đau vai gáy lan xuống cánh tay thì bạn có thể cân nhắc sử dụng thuốc giảm đau như paracetamol hoặc thuốc chống viêm không steroid (NSAID), tuy nhiên, cần phải có sự tham khảo ý kiến từ bác sĩ bởi các dòng thuốc này có thể có tác dụng phụ, nhất là với người viêm loét dạ dày.&nbsp;</li></ul><p><br></p><p>Sau đó, nếu tình trạng đau vai gáy lan xuống cánh tay không cải thiện thì nên đến gặp bác sĩ để được điều trị nhanh chóng, cụ thể:</p><p><br></p><p>Nếu rơi vào các trường hợp nặng thì cần phải có sự can thiệp của ngoại khoa.</p><p>Nếu nguyên nhân đến từ bệnh lý thì bác sĩ có thể chỉ định điều trị bằng các phương pháp đông tây y kết hợp: châm cứu, dưỡng sinh, vật lý trị liệu,…</p><p><br></p><p>Nếu bị thoái hóa khớp, người bệnh có thể sử dụng thuốc chống viêm không steroid (NSAID) hoặc tiêm corticoid ngay tại chỗ để giảm đau và quay lại cuộc sống hàng ngày.&nbsp;</p><p><br></p><p>Trong trường hợp người bệnh xuất hiện các triệu chứng nghiêm trọng như: sốt cao, đau đầu dữ dội, buồn nôn, chóng mặt, khó thở, tê lạnh,… thì bạn nên đến ngay cơ sở y tế gần nhất để được điều trị nhanh chóng.</p><p><br></p><h3><strong>Làm thế nào để phòng ngừa đau vai gáy lan xuống cánh tay?</strong></h3><ul><li>Tập thể dục giãn cơ thường xuyên</li><li>Duy trì các tư thế đúng khi làm việc, nghỉ ngơi hoặc học tập</li><li>Tăng cường quá trình lưu thông máu trong cơ thể bằng cách xoa bóp hàng ngày</li><li>Chú ý đến các tư thế mang vác vật nặng hoặc khom lưng để không tái phát bệnh</li><li>Xây dựng chế độ ăn uống lành mạnh, đầy đủ dưỡng chất kết hợp với sinh hoạt hợp lý</li></ul><p><br></p><p><span style=\"color: rgb(38, 38, 38);\">Khi các triệu chứng đau vai gáy lan xuống cánh tay xuất hiện, bạn nên xem xét nguyên nhân đến từ đâu. Nếu đã sử dụng một vài phương pháp nhưng không thuyên giảm thì bạn nên đi gặp bác sĩ để được chẩn đoán và điều trị kịp thời, tránh các biến chứng nguy hiểm có thể xảy đến.</span></p>', NULL, '235523484', '2024-01-10 16:03:33', '9', '28', '1', '8', '1'),
('44', 'https://res.cloudinary.com/doccomming/image/upload/v1720602400/tgxp2mwqh08brchtbqfh.jpg', 'Bổ sung canxi cho người lớn, phòng tránh loãng xương', 'Canxi là một trong khoáng chất cần thiết cho sự hình thành, phát triển và duy trì hoạt động của các tổ chức, cơ quan trong cơ thể, đặc biệt là hệ cơ xương khớp. Vì vậy, việc bổ sung canxi là cần thiết cho bất kỳ độ tuổi nào, đặc biệt là bổ sung canxi cho người lớn vì tuổi càng cao, quá trình tiêu hao canxi càng nhiều.', '<h2><strong>I. Nhu cầu canxi ở từng độ tuổi</strong></h2><p><br></p><p>99% canxi trong cơ thể người nằm trong xương và răng, 1% còn lại được giữ trong máu để đóng góp vào các quá trình chuyển hóa và trao đổi chất cần thiết. Ở mỗi độ tuổi, nhu cầu canxi của xương và cơ thể cũng khác nhau. Không chỉ trẻ nhỏ và trẻ vị thanh niên mới cần bổ sung canxi để phát triển xương. Ở người trưởng thành, canxi là khoáng chất quan trọng để duy trì độ chắc khỏe và sức mạnh của xương. Dưới đây là khuyến nghị mức canxi tiêu thụ mỗi ngày cho người trưởng thành:&nbsp;</p><p><br></p><p><img src=\"https://cdn.hellobacsi.com/wp-content/uploads/2021/11/nhu-cau-bo-sung-canxi-o-nguoi-lon.jpg\" alt=\"Nhu cầu bổ sung canxi cho người lớn\" height=\"526\" width=\"1317\"></p><p><em>*Đơn vị: mg</em></p><p><br></p><p>Đặc biệt ở người lớn tuổi và phụ nữ bước vào thời kỳ mãn kinh, quá trình tiêu xương diễn ra với tốc độ nhanh hơn rất nhiều. Nếu không bổ sung canxi cho người lớn một cách phù hợp, nguy cơ loãng xương sẽ rất cao.</p><p><br></p><h2><strong>II. Vai trò của canxi trong điều trị và phòng ngừa loãng xương&nbsp;</strong></h2><p>Xương hoạt động như một ngân hàng canxi. Nếu không có đủ canxi trong chế độ ăn uống của bạn để đưa vào máu, cơ thể sẽ lấy canxi từ xương để sử dụng cho các bộ phận khác. Lúc này, mật độ xương sẽ dần dần suy giảm và bạn có thể bị loãng xương, giòn xương. Hậu quả là xương rất dễ gãy vỡ dù cho va chạm nhẹ, thường gặp là gãy xương hông – đây cũng là triệu chứng loãng xương khá điển hình.</p><p>Bởi loãng xương diễn ra rất “thầm lặng” nên theo nhiều khuyến cáo sức khỏe, bạn cần chủ động phòng ngừa sớm bằng cách đảm bảo cơ thể luôn nhận đủ canxi và vitamin D theo nhu cầu. Không chỉ từ chế độ ăn, bổ sung vitamin D và canxi từ sản phẩm phù hợp cũng chính là mấu chốt để đạt được mật độ xương tối ưu.&nbsp;</p><p><br></p><h2><strong>III. Bổ sung canxi cho người lớn an toàn và hiệu quả</strong></h2><h3><strong>1. Bổ sung canxi cho người lớn qua chế độ dinh dưỡng&nbsp;</strong></h3><p><br></p><p><img src=\"https://cdn.hellobacsi.com/wp-content/uploads/2021/11/bo-sung-canxi-cho-nguoi-lon-2.jpg\" alt=\"bổ sung canxi cho người lớn\" height=\"667\" width=\"1000\"></p><p><br></p><p>Để ngăn ngừa thiếu canxi ở người lớn, cần thực hành một chế độ dinh dưỡng cân đối với các nhóm thực phẩm giàu canxi, bao gồm:&nbsp;</p><ul><li>Sữa và các chế phẩm từ sữa như phô mai, sữa chua và nên ưu tiên các sản phẩm sữa ít béo.</li><li>Rau màu xanh lá đậm chẳng hạn bông cải xanh, cải xoăn.</li><li>Cá xương mềm để có thể dễ dàng ăn luôn xương như cá mòi, cá hồi, cá đóng hộp.&nbsp;</li><li>Đậu nành và các chế phẩm làm từ đậu nành như sữa đậu nành và đậu phụ.</li><li>Nước ép trái cây.&nbsp;</li><li>Bánh mì, mì ống và các món ăn làm từ ngũ cốc giàu canxi khác.&nbsp;</li></ul><p><br></p><p>Canxi hấp thụ từ chế độ ăn lành mạnh chính là nguồn bổ sung canxi lý tưởng nhất cho người lớn.</p><p><br></p><h3><strong>2. Thực phẩm chức năng bổ sung canxi cho người lớn&nbsp;</strong></h3><p>Ngay cả khi bạn ăn một chế độ ăn uống lành mạnh, cân bằng, bạn vẫn có thể khó để dung nạp đủ canxi cho cơ thể nếu bạn:</p><p><br></p><ul><li>Thực hiện chế độ ăn thuần chay.</li><li>Không dung nạp lactose và hạn chế các sản phẩm từ sữa.&nbsp;</li><li>Chế độ ăn giàu đạm và natri, cản trở sự hấp thu của canxi.&nbsp;</li><li>Đang điều trị lâu dài bằng corticosteroid.&nbsp;</li><li>Mắc một số bệnh đường tiêu hóa làm giảm khả năng hấp thu canxi của bạn, chẳng hạn như bệnh viêm ruột hoặc bệnh celiac (không dung nạp gluten).</li></ul><p><br></p><p>Trong những trường hợp này, dùng thực phẩm bổ sung canxi có thể giúp đáp ứng nhu cầu canxi cho bạn, giúp hạn chế nguy cơ loãng xương về lâu dài. Tuy nhiên, không phải bất kỳ ai cũng có thể dùng các loại thực phẩm bổ sung canxi, ví dụ người có canxi huyết cao. Bạn nên tham khảo ý kiến bác sĩ trước khi dùng các thực phẩm bổ sung canxi cho người lớn.&nbsp;&nbsp;&nbsp;</p><p>&nbsp;</p><p><img src=\"https://cdn.hellobacsi.com/wp-content/uploads/2021/11/bo-sung-can-xi-cho-nguoi-lon-1.jpg\" alt=\"cách bổ sung canxi cho người lớn tuổi\" height=\"667\" width=\"1000\"></p><p><br></p><h2><strong>IV. Những lưu ý khi bổ sung canxi cho người lớn&nbsp;</strong></h2><p>Dưới đây là một số lời khuyên để bạn bổ sung canxi an toàn và hiệu quả:&nbsp;</p><ul><li>Đảm bảo luôn cung cấp đủ lượng vitamin D cần thiết cho cơ thể, giúp cơ thể hấp thụ canxi. Nhu cầu đối với vitamin D là 600 IU mỗi ngày ở hầu hết người trưởng thành. Vitamin D được tổng hợp trong cơ thể dưới sự xúc tác của ánh nắng mặt trời, từ đồ ăn hoặc thực phẩm chức năng.</li><li>Nếu bạn đang dùng thực phẩm bổ sung canxi cho người lớn, không vượt quá lượng dùng hằng ngày được khuyến cáo – sẽ làm tăng nguy cơ mắc các tác dụng phụ như sỏi thận, táo bón, vôi hóa mạch máu, khó hấp thu sắt và kẽm.&nbsp;</li><li>Nếu bạn đang dùng thực phẩm bổ sung sắt hoặc kẽm, kháng sinh tetracycline hoặc levothyroxine (được sử dụng để điều trị suy giáp), hãy uống vài giờ trước hoặc sau khi dùng canxi.&nbsp;</li><li>Tránh ăn các thực phẩm làm từ vỏ hàu chưa tinh chế, bột xương hoặc san hô, vì chúng có thể chứa chì hoặc các kim loại độc hại khác.</li></ul><p><br></p><p><span style=\"color: rgb(38, 38, 38);\">Ngoài bổ sung canxi và vitamin D, bạn cần kết hợp với các hoạt động thể chất, rèn luyện sức khỏe thường xuyên để phòng ngừa mất xương, giúp hệ thống cơ xương chắc khỏe hơn nhé!</span></p>', NULL, '235523484', '2024-02-10 16:06:41', '9', '27', '1', '8', '2'),
('45', 'https://res.cloudinary.com/doccomming/image/upload/v1720602669/o03aemc4st3k1x5aukhw.jpg', 'Các dấu hiệu thiếu máu não: Đọc để cảnh giác!', 'Thiếu máu não là một vấn đề sức khỏe phổ biến ở người từ độ tuổi trung niên trở lên và hiện nay ngày càng trẻ hóa. Tuy nhiên, các dấu hiệu thiếu máu não ban đầu thường dễ bị bỏ qua hoặc người bệnh chủ quan xem thường dẫn đến không can thiệp kịp thời. ', '<h2><strong>Thiếu máu não có những triệu chứng gì?</strong></h2><p><br></p><p>Thiếu máu não là tình trạng lượng máu được cung cấp không đủ để đáp ứng nhu cầu trao đổi chất tại não. Từ đó, dẫn đến thiếu oxy cho các mô não gây chết các tế bào não và gây nên nhồi máu não hoặc đột quỵ do thiếu máu não. Thiếu máu não thường được chia thành 2 loại dựa trên khu vực não chịu ảnh hưởng, bao gồm:&nbsp;</p><p><br></p><ul><li>Thiếu máu não toàn bộ: xảy ra ở một vùng mô não lớn.&nbsp;&nbsp;</li><li>Thiếu máu não cục bộ: khu trú ở một vùng cụ thể trong não.&nbsp;</li></ul><p><br></p><h3><strong>Dấu hiệu thiếu máu não toàn bộ&nbsp;</strong></h3><p><br></p><p>Nếu bạn phát hiện một số triệu chứng dưới đây, rất có thể đó là dấu hiệu của thiếu máu não toàn bộ:&nbsp;</p><p><br></p><ul><li>Thường xuyên đau đầu. Ban đầu bạn có thể bị nhức đầu tại một điểm nhất định sau đó lan khắp đầu. Đây là triệu chứng đầu tiên và phổ biến nhất của thiếu máu não. Cơn đau đầu này có thể dữ dội đến mức khiến bạn mất ngủ, khó tập trung và giảm hiệu suất làm việc.&nbsp;&nbsp;</li><li>Suy giảm thị lực, mù lòa.</li><li>Gặp vấn đề với các vận động phối hợp, cử động cơ thể và nói với biểu hiện dễ thấy nhất là thường xuyên bị ngã và mất thăng bằng.&nbsp;</li><li>Suy nhược cơ thể.</li><li>Suy giảm trí nhớ.&nbsp;</li><li>Hôn mê, bất tỉnh.</li></ul><p><br></p><p><img src=\"https://cdn.hellobacsi.com/wp-content/uploads/2022/06/dau-hieu-thieu-mau-nao-1.jpg\" alt=\"dấu hiệu thiếu máu não 1\" height=\"667\" width=\"1000\"></p><p><br></p><h3><strong>Dấu hiệu thiếu máu não cục bộ&nbsp;</strong></h3><p>Một số dấu hiệu thiếu máu não cục bộ thường liên quan đến thần kinh, với đặc tính xảy ra ở một bên cơ thể. Các triệu chứng này thường thay đổi tùy thuộc vào vị trí não bị ảnh hưởng do thiếu máu nuôi. Dưới đây là một số triệu chứng đáng chú ý:&nbsp;</p><p><br></p><ul><li>Cảm thấy yếu một bên tay hoặc chân hoặc toàn bộ nửa người.&nbsp;</li><li>Hoa mắt, chóng mặt và có hiện tượng nhìn đôi (song thị).&nbsp;</li><li>Mắc chứng khó nói, nói lắp.&nbsp;&nbsp;</li><li>Mất phối hợp cử động cơ thể.&nbsp;</li></ul><p><br></p><h2><strong>Cần làm gì khi nghi ngờ bị thiếu máu não?&nbsp;</strong></h2><p><br></p><p><img src=\"https://cdn.hellobacsi.com/wp-content/uploads/2022/06/co-dau-hieu-thieu-mau-nao-phai-lam-sao.jpg\" alt=\"có dấu hiệu thiếu máu não phải làm sao\" height=\"667\" width=\"1000\"></p><p><br></p><p>Nếu bạn phát hiện các dấu hiệu nghi ngờ thiếu máu não, tốt nhất nên nhanh chóng đi khám bác sĩ. Bác sĩ sẽ đưa ra liệu trình điều trị thích hợp sau khi chẩn đoán và xác định nguyên nhân gây thiếu máu lên não.</p><p><br></p><p>Bên cạnh đó, bạn cũng có thể tự chủ động phòng ngừa và cải thiện nguồn cung cấp máu đến não bộ thông qua một số lời khuyên sau đây:&nbsp;</p><p><br></p><ul><li>Bỏ hút thuốc lá.</li><li>Tập luyện thể dục thể thao mỗi ngày. Đây được xem là cách phòng ngừa hiệu quả cơn đột quỵ ở người cao tuổi cũng như các ngăn ngừa nguy cơ mắc các bệnh lý khác như tăng huyết áp, mỡ máu,…</li><li>Duy trì chế độ ăn uống&nbsp;lành mạnh: nhiều rau xanh, trái cây tươi và hạn chế ăn thịt động vật mà nên ăn cá và các loại đậu để tăng cường cung cấp đạm tốt cho cơ thể.&nbsp;</li><li>Kiểm soát các vấn đề sức khỏe có nguy cơ gây thiếu máu lên não, chẳng hạn như tăng cholesterol máu, tiểu đường hay cao huyết áp.&nbsp;</li></ul><p><br></p><p><span style=\"color: rgb(38, 38, 38);\">Hy vọng các thông tin trên đây có thể giúp bạn nhận biết sớm các dấu hiệu thiếu máu não để kịp thời xử lý ngay tình trạng này, tránh để bệnh tiến triển gây biến chứng nguy hiểm cho sức khỏe nhé!&nbsp;</span></p>', NULL, '235523484', '2024-03-10 16:11:09', '10', '29', '1', '21', '1'),
('46', 'https://res.cloudinary.com/doccomming/image/upload/v1720603063/oabsl044fqwgum3pl4zb.jpg', 'Dấu hiệu và triệu chứng bệnh tan máu bẩm sinh', 'Triệu chứng tan máu bẩm sinh (thalassemia) thường xuất hiện khoảng vài tháng sau khi sinh. Các trường hợp ít nghiêm trọng có thể không gây ra các vấn đề nguy hiểm và chỉ biểu hiện bệnh khi đã lớn', '<p>Mặc dù biểu hiện của bệnh tan máu bẩm sinh thường có thể kiểm soát được khi điều trị, nhưng đây vẫn là một tình trạng sức khỏe nghiêm trọng, đôi khi ảnh hưởng đáng kể đến cuộc sống của người bệnh.</p><p><br></p><p><img src=\"https://cdn.hellobacsi.com/wp-content/uploads/2021/06/trieu-chung-tan-mau-bam-sinh.jpg\"></p><p><br></p><h2>Triệu chứng tan máu bẩm sinh là gì?</h2><p>Triệu chứng tan máu bẩm sinh sẽ có sự khác nhau ở mỗi người, phụ thuộc vào dạng rối loạn di truyền cụ thể mà bệnh nhân mắc phải. Mức độ nghiêm trọng của triệu chứng thay đổi từ nhẹ cho đến trung bình hoặc có thể đe dọa tính mạng người bệnh trong một số trường hợp nặng. Cụ thể như sau:</p><p><br></p><p><strong>Triệu chứng bệnh alpha thalassemia</strong></p><p><br></p><p>“Người lành mang gen bệnh alpha thalassemia” (alpha thalassemia thể nhẹ) thường không biểu hiện triệu chứng, nhưng đôi khi có thể gặp tình trạng </p><ul><li>thiếu máu</li><li> nhẹ với các biểu hiện như:</li><li>Cảm thấy mệt mỏi</li><li>Khó thở</li><li>Tức ngực</li><li>Chóng mặt</li><li>Đau đầu</li><li>Tay chân lạnh</li><li>Da nhợt nhạt,…</li></ul><p><br></p><p>Dấu hiệu trẻ bị tan máu bẩm sinh thể alpha thalassemia vừa đến nặng (hay còn gọi là bệnh hemoglobin H) thường xuất hiện trong hai năm đầu đời. Các triệu chứng bệnh tan máu bẩm sinh dạng này bao gồm:</p><p><br></p><ul><li>Da nhợt nhạt và bơ phờ</li><li>Kém ăn</li><li>Nước tiểu đậm màu</li><li>Tăng trưởng chậm và dậy thì muộn</li><li>Vàng da hoặc vàng mắt</li><li>Loét chân</li><li>Phì đại tim, gan hoặc lá lách</li><li>Các vấn đề về xương</li></ul><p><br></p><p>Thai nhi được chẩn đoán mắc bệnh alpha thalassemia thể nặng thường chết lưu. Chỉ một số ít trường hợp hiếm hoi, thai nhi được truyền máu trong tử cung và có cơ hội sống sót.</p><p><br></p><p><strong>Triệu chứng bệnh beta thalassemia</strong></p><p><br></p><p>Tương tự dạng alpha thalassemia, phần lớn bệnh nhân beta thalassemia thể nhẹ không biểu hiện bất kỳ triệu chứng nào.</p><p>Beta thalassemia thể vừa có thể gây ra các triệu chứng thiếu máu từ trung bình đến nặng như là:</p><ul><li>Cực kỳ mệt mỏi&nbsp;</li><li>Da nhợt nhạt</li><li>Tăng trưởng chậm</li><li>Xương yếu</li><li>Lá lách to</li></ul><p><br></p><p>Beta thalassemia thể nặng là dạng rối loạn nghiêm trọng nhất. Trong khoảng thời gian đầu đời, dấu hiệu bệnh tan máu bẩm sinh ở trẻ dạng này sẽ xuất hiện sớm, bao gồm:</p><ul><li>Da nhợt nhạt</li><li>Quấy khóc</li><li>Chán ăn</li><li>Mắc nhiều bệnh nhiễm trùng</li></ul><p><br></p><p>Theo thời gian, một số biểu hiện khác có thể xảy ra như tăng trưởng chậm lại, bụng to, vàng da,… Nếu không được điều trị, lá lách, gan và tim sẽ to ra; xương cũng mỏng, giòn và biến dạng.</p><p><img src=\"https://cdn.hellobacsi.com/wp-content/uploads/2021/06/trieu-chung-tan-mau-bam-sinh-la-gi.jpg\"></p><p><br></p><p>Các triệu chứng bệnh tan máu bẩm sinh khác ở thể nặng</p><p>Bên cạnh thiếu máu, phần lớn những người mắc bệnh thalassemia thể nặng cũng có nguy cơ phát triển một loạt các vấn đề sức khỏe khác do sự <span style=\"background-color: rgb(255 255 255 / var(--tw-bg-opacity));\">tích tụ sắt </span> trong cơ thể. Đó thường là tác dụng phụ của việc điều trị truyền máu nhiều lần. Quá nhiều chất sắt trong cơ thể có thể dẫn đến:</p><p><br></p><ul><li>Ảnh hưởng đến cơ tim (bệnh cơ tim), nhịp tim không đều và suy tim</li><li>Sưng và sẹo gan (xơ gan)</li><li>Dậy thì muộn</li><li>Suy giảm lượng estrogen ở phụ nữ hoặc testosterone ở nam giới</li><li>Tăng đường huyết</li><li>Suy giáp và suy tuyến cận giáp</li></ul><p><br></p><p>Bệnh nhân cần phải điều trị suốt đời bằng cách sử dụng thuốc để ngăn chặn sự tích tụ sắt quá mức, được gọi là liệu pháp thải sắt. <span style=\"background-color: rgb(255 255 255 / var(--tw-bg-opacity));\">Ngoài ra, một số tình trạng dưới đây cũng được coi là các triệu chứng tan máu bẩm sinh ở thể nặng:</span></p><p><br></p><ul><li>Chậm phát triển trong thời thơ ấu</li><li>Xuất hiện sỏi nhỏ trong mật (sỏi mật) và có thể gây viêm túi mật</li><li>Đau bụng&nbsp;</li><li>Vàng da</li><li>Bất thường trong sự phát triển xương, chẳng hạn như trán hoặc má bị to ra</li><li>Xương yếu, dễ gãy (loãng xương)</li><li>Giảm khả năng sinh sản, một số người mắc bệnh thalassemia có thể cần điều trị can thiệp bằng các phương pháp để giúp họ có con.</li></ul><p><br></p><p><strong>Cách</strong><strong> điều trị triệu chứng bệnh tan máu bẩm sinh</strong></p><p><br></p><p><img src=\"https://cdn.hellobacsi.com/wp-content/uploads/2021/06/thuoc-dieu-tri-trieu-chung-tan-mau-bam-sinh.jpg\"></p><p><br></p><p>Người bệnh thường phải <span style=\"background-color: rgb(255 255 255 / var(--tw-bg-opacity));\">điều trị </span> suốt đời để kiểm soát và giảm nhẹ các triệu chứng bệnh thalassemia. Bác sĩ có thể kết hợp một số phương pháp sau:&nbsp;</p><p><br></p><p><strong>Truyền máu&nbsp;để hạn chế triệu chứng bệnh tan máu bẩm sinh</strong></p><p><br></p><p>Hầu hết tất cả bệnh nhân thalassemia đều được chỉ định <span style=\"background-color: rgb(255 255 255 / var(--tw-bg-opacity));\">truyền máu để cải thiện tình trạng thiếu máu. Tần suất truyền máu tùy thuộc vào dạng thalassemia mắc phải. Trong đó, nghiêm trọng nhất là bệnh </span>beta thalassemia thể nặng, có thể cần truyền máu khoảng một lần một tháng. Trường hợp ít nghiêm trọng hơn có thể chỉ thỉnh thoảng mới cần truyền máu.</p><p><br></p><p>Phương pháp truyền máu được xem là rất an toàn. Tuy nhiên, cơ thể có thể bị tích tụ quá nhiều sắt và gây ra một số triệu chứng tan máu bẩm sinh khác. Do đó, bác sĩ thường chỉ định song song với liệu pháp thải sắt.</p><p><br></p><p><strong>Liệu pháp thải sắt</strong></p><p><br></p><p>Đây là phương pháp dùng thuốc để loại bỏ bớt lượng sắt dư thừa ra ngoài.</p><p>Liệu pháp thải sắt cần bắt đầu sau khi bệnh nhân truyền máu khoảng 10 lần. Các thuốc thải sắt có sẵn gồm desferrioxamine, deferiprone, </p><p>deferasirox,…</p><p><br></p><p><strong>Cấy ghép tế bào gốc hoặc tủy xương</strong></p><p><br></p><p>Cách duy nhất để chữa khỏi hoàn toàn bệnh thalassemia là cấy ghép tế bào gốc hoặc tủy xương. Tế bào gốc bắt đầu sản xuất hồng cầu khỏe mạnh thay thế cho các tế bào bị ảnh hưởng bởi rối loạn di truyền.</p><p><br></p><p>Mặc dù mang đến nhiều hiệu quả nhưng phương pháp này không được khuyến cáo thực hiện thường xuyên vì có thể gây ra nhiều rủi ro đáng kể, đe dọa đến tính mạng người bệnh.</p><p><br></p><p><strong>Phương pháp để điều trị các vấn đề khác</strong></p><p><br></p><ul><li>Bệnh tan máu bẩm sinh có thể gây ra một số vấn đề sức khỏe. Vì vậy, bác sĩ sẽ cân nhắc điều trị các vấn đề này như:</li><li>Sử dụng thuốc nội tiết tố thúc đẩy quá trình tăng trưởng ở trẻ em bị dậy thì muộn và cân bằng nồng độ hormone thiếu hụt trong cơ thể.</li><li>Tiêm phòng vắc-xin, dùng kháng sinh để ngăn ngừa và&nbsp;<span style=\"background-color: rgb(255 255 255 / var(--tw-bg-opacity));\">điều trị nhiễm trùng.</span></li><li>Bổ sung hormone tuyến giáp trong trường hợp bị suy tuyến giáp.</li><li>Một số loại thuốc bisphosphonates có thể hỗ trợ xương chắc khỏe.</li><li>Điều trị sỏi mật bằng phương pháp phẫu thuật cắt bỏ túi mật.</li></ul><p><br></p><p>Tan máu bẩm sinh là bệnh lý di truyền, kéo dài đến suốt đời. Bệnh nhân cần thích nghi với việc sống cùng các triệu chứng tan máu bẩm sinh bằng những cách sau đây:&nbsp;</p><p><br></p><p>Thực hiện lối sống lành mạnh, có chế độ ăn uống cân bằng và đầy đủ dinh dưỡng, tránh hút thuốc và uống quá nhiều rượu bia, luyện tập thể dục thường xuyên có thể giúp xương chắc khỏe và giảm nguy cơ loãng xương.</p><p><br></p><ul><li>Đảm bảo tuân thủ việc uống thuốc theo chỉ định của bác sĩ và thực hiện đầy đủ tất cả các cuộc kiểm tra sức khỏe theo lịch hẹn để theo dõi triệu chứng tan máu bẩm sinh.</li><li>Phụ nữ mắc bệnh thalassemia thể nặng vẫn có khả năng trải qua một thai kỳ khỏe mạnh, với điều kiện phải có sự tư vấn, theo dõi từ bác sĩ</li><li>Đối với những bệnh nhân thalassemia không có kế hoạch sinh con, cần sử dụng các biện pháp tránh thai an toàn.</li><li>Nếu phải gây mê toàn thân, bệnh nhân cần thông báo với bác sĩ về tình trạng bệnh thalassemia để có các biện pháp phòng ngừa trước và sau khi phẫu thuật. Do thuốc gây mê toàn thân có thể làm tăng nguy cơ đông máu ở những người mắc bệnh thalassemia.</li></ul><p><br></p><p><span style=\"color: rgb(38, 38, 38);\">Triệu chứng tan máu bẩm sinh xuất hiện ở mỗi bệnh nhân không giống nhau. Một số biểu hiện của bệnh thalassemia có thể phát triển từ từ hoặc đôi khi xuất hiện đột ngột. Vì vậy, điều quan trọng nhất là bạn nên thường xuyên theo dõi sức khỏe và đi khám kịp thời.&nbsp;</span></p>', NULL, '235523484', '2024-04-10 16:17:43', '10', '30', '1', '21', '1'),
('47', 'https://res.cloudinary.com/doccomming/image/upload/v1720605169/sgxw7eciikej3hjvrszf.jpg', 'Nguyên nhân tiểu cầu thấp là do đâu?', 'Tiểu cầu là những tế bào máu không màu giúp đông máu và cầm máu. Tiểu cầu thấp (hay giảm tiểu cầu) là tình trạng có ít hơn 150.000 tiểu cầu trên mỗi microlit máu lưu thông. Tiểu cầu thấp hiếm khi do di truyền. Vậy, nguyên nhân tiểu cầu thấp là do đâu?', '<h2><strong>Nguyên nhân tiểu cầu thấp là do tiểu cầu bị giữ lại ở lá lách</strong></h2><p><br></p><p><img src=\"https://cdn.hellobacsi.com/wp-content/uploads/2023/11/nguyen-nhan-tieu-cau-thap-do-bi-giu-lai-o-la-lach.jpg\" alt=\"nguyên nhân tiểu cầu thấp là do bị giữ lại ở lá lách\" height=\"660\" width=\"1000\"></p><p><br></p><p>Lá lách là một cơ quan nhỏ có kích thước khoảng bằng nắm tay, nằm ngay dưới khung xương sườn ở phía bên trái vùng bụng (hạ sườn trái). Thông thường, lá lách lưu trữ khoảng ⅓ số lượng tiểu cầu trong cơ thể, có chức năng dự trữ máu, phá huỷ các tế bào máu quá già, chống nhiễm trùng và lọc các chất không cần thiết ra khỏi máu.</p><p><br></p><p>Khi lá lách trở nên to hơn bình thường do cường lách hoặc ung thư, nó có thể giữ lại số lượng tiểu cầu quá nhiều, làm giảm số lượng tiểu cầu lưu thông trong máu.</p><p><br></p><h2><strong>Giảm sản xuất tiểu cầu</strong></h2><p>Tiểu cầu được sản xuất trong tủy xương. Nguyên nhân tiểu cầu thấp là do tủy xương gặp vấn đề và giảm sản xuất tiểu cầu. Một số tình trạng sau đây có thể gây ra vấn đề cho tủy xương và làm giảm sản xuất tiểu cầu:</p><p><br></p><p><img src=\"https://cdn.hellobacsi.com/wp-content/uploads/2023/11/nguyen-nhan-tieu-cau-thap-do-giam-san-xuat.jpg\" alt=\"nguyên nhân tiểu cầu thấp là do giảm sản xuất\" height=\"667\" width=\"1000\"></p><p><br></p><ul><li>Một số loại thiếu máu&nbsp;như thiếu máu bất sản là một chứng rối loạn máu nghiêm trọng, hiếm gặp, phát triển khi tủy xương ngừng tạo ra đủ tế bào máu mới.</li><li>Các bệnh ung thư, chẳng hạn như bệnh bạch cầu hoặc ung thư hạch, làm tổn thương tủy xương và phá hủy các tế bào gốc tạo máu. Khi tế bào gốc bị tổn thương, chúng không thể phát triển thành tế bào máu khỏe mạnh, bao gồm cả tiểu cầu.</li><li>Điều trị ung thư bằng hóa trị và/hoặc xạ trị vào vùng chậu hoặc một vùng lớn tủy xương cũng có thể gây phá hủy các tế bào gốc tạo máu mà lẽ ra sẽ phát triển thành tiểu cầu.</li><li>Uống quá nhiều rượu, đặc biệt là ở những người có lượng vitamin B12 hoặc folate thấp vì rượu làm giảm hấp thu các chất trên, gây chậm quá trình sản xuất tiểu cầu.</li><li>Nhiễm virus, chẳng hạn như thủy đậu, viêm gan C hoặc HIV.</li><li>Tiếp xúc với các hóa chất độc hại như thuốc trừ sâu, asen và benzen.</li></ul><p><br></p><h2><strong>Nguyên nhân tiểu cầu xuống thấp là do tăng phá hủy tiểu cầu</strong></h2><p><br></p><p>Còn một nguyên nhân khác gây tiểu cầu thấp là do tủy xương vẫn sản xuất ra đủ tiểu cầu, nhưng một số tình trạng bất thường khiến cơ thể sử dụng hết hoặc phá hủy tiểu cầu nhanh hơn tốc độ chúng được sản xuất. Các tình trạng đó bao gồm:</p><p><br></p><p><img src=\"https://cdn.hellobacsi.com/wp-content/uploads/2023/11/nguyen-nhan-tieu-cau-thap-do-bi-phan-huy.jpg\" alt=\"nguyên nhân tiểu cầu thấp là do bị phân hủy\" height=\"667\" width=\"1000\"></p><p><br></p><ul><li><strong><em>Mang thai:</em></strong>&nbsp;Một số phụ nữ mang thai bị giảm tiểu cầu nhẹ khi gần sinh. Nguyên nhân chính xác chưa rõ. Tình trạng tiểu cầu thấp do mang thai thường nhẹ và sẽ cải thiện ngay sau khi sinh.</li><li><strong><em>Giảm tiểu cầu miễn dịch</em></strong>&nbsp;Các bệnh tự miễn, chẳng hạn như lupus và viêm khớp dạng thấp, có thể là nguyên nhân dẫn đến tiểu cầu thấp. Hệ thống miễn dịch của cơ thể tấn công và phá hủy tiểu cầu do nhầm lẫn. Phần lớn không tìm được nguyên nhân hệ miễn dịch tấn công tiểu cầu nên nó thường được gọi là ban xuất huyết giảm tiểu cầu vô căn, gặp nhiều ở trẻ em hơn người lớn.</li><li><strong><em>Các tình trạng gây ra cục máu đông:</em></strong>&nbsp;Chẳng hạn như ban xuất huyết giảm tiểu cầu huyết khối (TTP) và đông máu nội mạch lan tỏa (DIC), có thể khiến cơ thể sử dụng hết số lượng lớn tiểu cầu và dẫn đến tình trạng tiểu cầu thấp sau đó.</li><li><strong><em>Nhiễm trùng máu</em>:</strong>&nbsp;Nhiễm trùng máu nặng do vi khuẩn có thể phá hủy tiểu cầu và là nguyên nhân tiểu cầu thấp.</li><li><strong><em>Hội chứng tăng urê huyết tán huyết:</em></strong>&nbsp;Rối loạn hiếm gặp này gây ra sự sụt giảm mạnh số lượng tiểu cầu, phá hủy các tế bào hồng cầu và làm suy giảm chức năng thận.</li><li><strong><em>Tác dụng phụ của một số loại thuốc:</em></strong>&nbsp;Một số loại thuốc có thể gây tác dụng phụ là làm giảm số lượng tiểu cầu trong máu. Đôi khi, một số loại thuốc làm rối loạn hệ thống miễn dịch và khiến hệ thống miễn dịch phá hủy nhầm tiểu cầu, chẳng hạn như heparin, quinine, thuốc kháng sinh có chứa sulfa và thuốc chống co giật và bệnh tim.</li><li><strong><em>Phẫu thuật:</em></strong>&nbsp;Tiểu cầu có thể bị phá hủy khi chúng đi qua van tim nhân tạo, đoạn mạch máu được ghép hoặc máy móc và ống dùng trong truyền máu hoặc phẫu thuật bắc cầu mạch vành.</li></ul><p><br></p><p><span style=\"color: rgb(38, 38, 38);\">Hi vọng bài viết này đã cung cấp đến bạn những thông tin hữu ích và giúp bạn hiểu rõ về nguyên nhân tiểu cầu thấp. Khi mắc tình trạng tiểu cầu thấp, bạn sẽ gặp khó khăn khi cầm máu. Giảm tiểu cầu nếu không điều trị có thể đe dọa tính mạng, đặc biệt nếu bạn bị chảy máu nghiêm trọng hoặc chảy máu trong não. Hiểu rõ nguyên nhân và điều trị sớm sẽ giúp bạn tránh được các biến chứng nghiêm trọng ảnh hưởng đến sức khỏe.</span></p>', NULL, '235523484', '2024-05-10 16:52:49', '10', '31', '1', '21', '1'),
('48', 'https://res.cloudinary.com/doccomming/image/upload/v1720605433/rzujhevg8qbggoutm5g2.jpg', 'Nhiễm trùng hô hấp', 'Bệnh nhiễm trùng hô hấp dùng để chỉ bất kỳ bệnh truyền nhiễm nào liên quan đến đường hô hấp.', '<h2><strong>Tìm hiểu chung</strong></h2><h3><strong>Nhiễm trùng hô hấp là bệnh gì?</strong></h3><p><br></p><p>Nhiễm trùng hô hấp bao gồm nhiễm trùng đường hô hấp trên và nhiễm trùng đường hô hấp dưới. Nhiễm trùng đường hô hấp dưới như viêm phổi có xu hướng nghiêm trọng hơn rất nhiều so với nhiễm trùng đường hô hấp trên, chẳng hạn như cảm lạnh thông thường.</p><p>Mặc dù có một số bất đồng trong việc phân chia ranh giới chính xác giữa đường hô hấp trên và dưới, đường hô hấp trên thường được cho là trên sụn nắp hoặc dây thanh âm, bao gồm mũi, xoang, họng và thanh quản. Điển hình của nhiễm trùng đường hô hấp trên bao gồm viêm amiđan, viêm họng, viêm thanh quản, viêm xoang, viêm tai giữa, một số loại bệnh cúm và cảm lạnh thông thường. Các triệu chứng của nhiễm trùng đường hô hấp trên có thể bao gồm ho, đau họng, sổ mũi, nghẹt mũi, nhức đầu, sốt nhẹ, nặng mặt và hắt hơi.</p><p><br></p><p>Đường hô hấp dưới bao gồm khí quản, các ống phế quản, các tiểu phế quản và hai phổi.</p><p><br></p><p>Nhiễm trùng đường hô hấp dưới thường nghiêm trọng hơn so với nhiễm trùng đường hô hấp trên. Nhiễm trùng đường hô hấp dưới là nguyên nhân hàng đầu gây tử vong trong các bệnh truyền nhiễm. Hai nguyên nhân phổ biến nhất của nhiễm trùng đường hô hấp dưới là viêm phế quản và viêm phổi. Cúm ảnh hưởng đến cả hai đường hô hấp trên và dưới nhưng nguy hiểm hơn như nhiễm H5N1 có xu hướng bám vào các thụ thể sâu trong phổi.</p><p><br></p><h2><strong>Triệu chứng thường gặp</strong></h2><h3><strong>Những dấu hiệu và triệu chứng của bệnh nhiễm trùng hô hấp là gì?</strong></h3><p>Khi nhiễm trùng hô hấp ảnh hưởng đến mũi và họng, triệu chứng thường nhẹ và tương tự như cảm lạnh thông thường. Chúng bao gồm:</p><ul><li>Ho;</li><li>Nghẹt mũi hay sổ mũi;</li><li>Đau họng nhẹ;</li><li>Đau tai;</li><li>Sốt, thường là vào giai đoạn đầu của bệnh. Sốt cao không có nghĩa là bệnh nghiêm trọng hơn.</li></ul><p><br></p><p><strong>Trẻ em có thể có thêm các triệu chứng, bao gồm:</strong></p><p><br></p><ul><li>Giảm hứng thú với môi trường xung quanh;</li><li>Bơ phờ và buồn ngủ;</li><li>Cáu kỉnh (khó chịu) và ngủ không ngon;</li><li>Ăn kém;</li><li>Ngưng thở trong khoảng 15-20 giây, điều này thường xảy ra ở trẻ sinh non và các trẻ có tiền sử ngưng thở.</li></ul><p><br></p><p>Trừ khi bạn hoặc con bạn có nguy cơ cao bị các biến chứng từ hệ thống hô hấp, ngoài ra thì cũng không cần biết nguyên nhân gây ra triệu chứng. Nhiễm trùng đường hô hấp đôi khi dẫn đến viêm tiểu phế quả hay viêm phổi hoặc cả hai. Các triệu chứng của các biến chứng này bao gồm:</p><ul><li>Khó thở, có thể thở nhanh hơn bình thường;</li><li>Thở khò khè;</li><li>Ho nặng hơn. Trẻ có thể bị mắc nghẹn hoặc nôn ói khi ho quá nặng;</li><li>Thờ ơ hay mệt mỏi, giảm hứng thú với môi trường xung quanh hoặc đồ ăn.</li></ul><p><br></p><p>Bạn hoặc trẻ có thể gặp các triệu chứng khác không được đề cập. Nếu bạn có bất kỳ thắc mắc nào về các dấu hiệu bệnh, hãy tham khảo ý kiến bác sĩ.</p><p><br></p><h3><strong>Khi nào bạn cần gặp bác sĩ?</strong></h3><p><br></p><p>Nếu bạn hoặc trẻ có bất kỳ dấu hiệu hoặc triệu chứng nêu trên hoặc có bất kỳ câu hỏi nào, xin vui lòng tham khảo ý kiến bác sĩ. Cơ địa mỗi người là khác nhau. Vì vậy hãy hỏi ý kiến bác sĩ để lựa chọn được phương án thích hợp nhất.</p><p><br></p><h2><strong>Nguyên nhân gây bệnh</strong></h2><h3><strong>Nguyên nhân nào gây ra bệnh nhiễm trùng hô hấp?</strong></h3><p><br></p><p>Một số nguyên nhân gây ra tình trạng này &nbsp;bao gồm:</p><p><br></p><p><em>Virus Adeno</em>. Đây là một nhóm các vi sinh vật có thể gây nhiễm trùng đường hô hấp. Virus Adeno bao gồm hơn 50 loại khác nhau có thể gây ra cảm lạnh thông thường, viêm phế quản và viêm phổi;</p><p><br></p><p><em>Phế cầu</em>. Phế cầu là một loại vi khuẩn gây ra bệnh viêm màng não và cũng có thể kích hoạt một số bệnh đường hô hấp như viêm phổi;</p><p><em>Virus Rhino</em>. Đây là tác nhân gây ra cảm lạnh thông thường. Cảm lạnh thường nhẹ trong hầu hết trường hợp. Tuy nhiên, ở trẻ nhỏ, người già và những người có hệ miễn dịch yếu, cảm lạnh có thể dẫn đến nhiễm trùng đường hô hấp.</p><p><br></p><h2><strong>Nguy cơ mắc phải</strong></h2><h3><strong>Những ai thường mắc phải bệnh nhiễm trùng hô hấp?</strong></h3><p><br></p><p>Phụ nữ thường dễ bị bệnh nhiễm trùng đường hô hấp, đặc biệt viêm xoang, viêm amidan. Mặt khác, nam giới thường dễ bị viêm tai giữa, viêm thanh quản và quan trọng nhất là nhiễm trùng đường hô hấp dưới.</p><p>Bạn có thể kiểm soát bệnh này bằng cách giảm thiểu các yếu tố nguy cơ. Hãy tham khảo bác sĩ để biết thêm thông tin chi tiết.</p><p><br></p><h3><strong>Những yếu tố nào làm tăng nguy cơ mắc bệnh nhiễm trùng hô hấp?</strong></h3><p><br></p><p>Hệ thống miễn dịch của trẻ em và người lớn tuổi dễ bị ảnh hưởng bởi virus. Trẻ em đặc biệt dễ mắc vì chúng thường xuyên tiếp xúc với các trẻ em khác, những trẻ có thể mang virus. Trẻ em thường không rửa tay thường xuyên, chúng dụi mắt và để ngón tay vào miệng, dẫn đến sự lây lan của virus.</p><p>Những người bị bệnh tim hay các vấn đề về phổi khác có nhiều khả năng bị nhiễm trùng đường hô hấp. Bất cứ ai có hệ miễn dịch bị suy yếu do một bệnh khác đều có nguy cơ mắc bệnh. Người hút thuốc cũng có nguy cơ cao và gặp nhiều khó khăn để bình phục.</p><p><br></p><h2><strong>Điều trị hiệu quả</strong></h2><h3><strong>Những kỹ thuật y tế nào dùng để chẩn đoán bệnh nhiễm trùng hô hấp?</strong></h3><p><br></p><p>Trong khi khám hô hấp, bác sĩ sẽ tập trung vào hơi thở của bệnh nhân, kiểm tra xem có dịch và viêm trong phổi không bằng cách nghe phổi. Bên cạnh đó, bác sĩ có thể khám mũi và cổ họng của bạn. Nếu phát hiện sớm, các thuốc không kê toa có thể giúp giảm bớt các triệu chứng trong khi virus phát triển. Tuy nhiên, nếu nhiễm trùng tiến triển thì bác sĩ cần chụp X-quang hoặc CT scan để kiểm tra phổi.</p><p><br></p><p>Các xét nghiệm chức năng phổi hữu ích trong chẩn đoán. Thủ thuật đo độ bão hòa oxy có thể kiểm tra xem có bao nhiêu oxy vào được phổi. Bác sĩ cũng có thể cần một mẫu đờm (chất ho từ phổi) để kiểm tra xem loại virus nào gây bệnh.</p><p><br></p><h3><strong>Những phương pháp nào dùng để điều trị bệnh nhiễm trùng hô hấp?</strong></h3><p>Đối với nhiều virus, không có cách chữa khỏi. Bác sĩ có thể kê toa các loại thuốc để kiểm soát các triệu chứng trong khi theo dõi tình trạng của bạn. Nếu nhiễm virus là kết quả của một nhiễm trùng thứ cấp gây ra bởi vi khuẩn, bác sĩ sẽ tiến hành xét nghiệm để xác định các loại kháng sinh phù hợp.</p><p><br></p><h2><strong>Chế độ sinh hoạt phù hợp</strong></h2><h3><strong>Những thói quen sinh hoạt nào giúp bạn hạn chế diễn tiến của bệnh nhiễm trùng hô hấp?</strong></h3><p><br></p><p>Các biện pháp tại nhà có thể giúp bạn giảm nguy cơ nhiễm trùng đường hô hấp, bao gồm:</p><ul><li>Rửa tay thường xuyên, đặc biệt là sau khi bạn ở nơi công cộng;</li><li>Luôn hắt hơi vào cánh tay áo hoặc khăn giấy. Mặc dù điều này không làm giảm bớt các triệu chứng của bạn nhưng nó sẽ ngăn lây lan bệnh cho người khác;</li><li>Tránh chạm vào khuôn mặt của mình, đặc biệt là mắt và miệng để ngăn chặn các vi khuẩn lây nhiễm vào cơ thể.</li></ul><p><br></p><p><span style=\"color: rgb(38, 38, 38);\">Nếu bạn có bất kỳ câu hỏi nào, hãy tham khảo ý kiến bác sĩ để được tư vấn phương pháp hỗ trợ điều trị tốt nhất.</span></p>', NULL, '235523484', '2024-06-10 16:57:13', '11', '32', '1', '2', '1'),
('49', 'https://res.cloudinary.com/doccomming/image/upload/v1720605733/oyylniumscdlhdsx5swf.jpg', 'Nhiễm giun đũa: Nguyên nhân, triệu chứng, cách ngăn ngừa', 'Bất kỳ ai cũng có thể bị nhiễm giun đũa, nhưng phổ biến nhất là trẻ nhỏ. Bạn có thể hạn chế khả năng mắc bệnh bằng cách giảm thiểu các yếu tố nguy cơ. Hãy tham khảo ý kiến bác sĩ để biết thêm thông tin.', '<h2><strong>Định nghĩa</strong></h2><h3><strong>Nhiễm giun đũa là bệnh gì?</strong></h3><p><br></p><p>Nhiễm giun đũa là một bệnh nhiễm trùng do một loại giun ký sinh ở ruột người. Loại giun tròn có kích thước lớn này có thể nhìn thấy dễ dàng bằng mắt thường.</p><p><br></p><h2><strong>Triệu chứng và dấu hiệu</strong></h2><h3><strong>Những dấu hiệu và triệu chứng nhiễm giun đũa là gì?</strong></h3><p><br></p><p><a href=\"https://cdn.hellobacsi.com/wp-content/uploads/1970/01/trieu-chung-nhiem-giun-dua.jpg\" rel=\"noopener noreferrer\" target=\"_blank\" style=\"color: rgb(45, 135, 243);\"><img src=\"https://cdn.hellobacsi.com/wp-content/uploads/1970/01/trieu-chung-nhiem-giun-dua.jpg\" alt=\"triệu chứng nhiễm giun đũa\" height=\"500\" width=\"750\"></a></p><p><br></p><p>Những triệu chứng nhiễm giun đũa bao gồm:</p><p><br></p><ul><li>Sốt</li><li>Dễ nổi cáu</li><li>Khó ngủ về đêm</li><li>Giun được tìm thấy trong phân</li><li>Mệt mỏi, chán ăn, sụt cân, đau bụng và đôi khi là tiêu chảy</li><li>Một số trường hợp giun ký sinh ở phổi gây ra chứng thở khò khè.</li></ul><p><br></p><p>Ngoài ra, người nhiễm giun đũa còn có thể có các dấu hiệu và triệu chứng khác không được đề cập. Nếu bạn có bất kỳ thắc mắc nào về các dấu hiệu bệnh, hãy tham khảo ý kiến bác sĩ.</p><p><br></p><h3><strong>Khi nào&nbsp;bạn&nbsp;cần gặp bác sĩ?</strong></h3><p><br></p><p>Nếu bạn có các dấu hiệu và triệu chứng được đề cập ở trên, hay nếu bạn có bất kỳ câu hỏi hoặc thắc mắc nào, hãy tham khảo ý kiến bác sĩ. Cơ địa và tình trạng bệnh lý có thể khác nhau ở nhiều người. Hãy luôn thảo luận với bác sĩ để được chỉ định phương pháp chẩn đoán, điều trị và xử lý tốt nhất dành cho bạn.</p><p><br></p><h2><strong>Nguyên nhân</strong></h2><h3><strong>Nguyên nhân nhiễm giun đũa là gì?</strong></h3><p><br></p><p><a href=\"https://cdn.hellobacsi.com/wp-content/uploads/1970/01/trung-giun-dua.jpg\" rel=\"noopener noreferrer\" target=\"_blank\" style=\"color: rgb(45, 135, 243);\"><img src=\"https://cdn.hellobacsi.com/wp-content/uploads/1970/01/trung-giun-dua.jpg\" alt=\"trứng giun đũa\" height=\"500\" width=\"750\"></a></p><p><br></p><p>Loài ký sinh trùng này thường không lây truyền từ người sang người. Nguyên nhân nhiễm giun đũa có thể do trứng giun đũa lây lan khi người bệnh tiếp xúc với nước, thức ăn hoặc tay nhiễm bẩn (ví dụ khi ăn rau chưa rửa sạch). Ấu trùng giun sẽ di chuyển từ ruột đến những bộ phận khác trong cơ thể, ví dụ như phổi. Sau đó chúng quay trở về ruột và đẻ trứng.</p><p><br></p><h2><strong>Nguy cơ mắc bệnh</strong></h2><h3><strong>Những yếu tố nào làm tăng nguy cơ nhiễm&nbsp;giun đũa?</strong></h3><p><br></p><p>Những yếu tố làm tăng nguy cơ nhiễm&nbsp;giun đũa gồm:</p><p><br></p><ul><li><strong><em>Tuổi tác:</em></strong>&nbsp;Hầu hết trẻ em ở độ tuổi 10 tuổi trở xuống có nguy cơ nhiễm giun đũa cao bởi vì các bé thường xuyên chơi đùa ngoài trời, chơi với đất cát nhưng không vệ sinh tay sạch sẽ.</li><li><strong><em>Khí hậu ẩm:</em></strong>&nbsp;Loại giun đũa thường phát triển trong điều kiện khí hậu ẩm, đặc biệt là các nước khí hậu nóng ẩm như Việt Nam.</li><li><strong><em>Tình trạng vệ sinh kém:</em></strong> Loài giun đũa thường phân bố rộng ở các khu vực vệ sinh kém như khu ổ chuột hoặc ở gần cống rãnh.</li></ul><p><br></p><h2><strong>Điều trị</strong></h2><h3><strong>Những cách điều trị nhiễm&nbsp;giun đũa</strong></h3><p><br></p><p>Việc sử dụng thuốc có thể điều trị được tình trạng nhiễm giun đũa. Tuy nhiên, phụ nữ mang thai cần cẩn trọng khi sử dụng những loại thuốc này. Để kiểm soát bệnh, bạn cần chú ý đến những thói quen như:</p><p><br></p><ul><li>Rửa tay sạch trước khi ăn và sau khi đi vệ sinh</li><li>Tắm mỗi ngày và vệ sinh khu vực hậu môn sạch sẽ với xà phòng diệt khuẩn</li><li>Luôn dọn dẹp nhà cửa sạch sẽ, tránh tạo môi trường sống cho giun phát triển.</li></ul><p><br></p><p>Ngoài ra, cần đun sôi hoặc ngâm đồ lót, đồ ngủ, khăn hoặc quần áo của người bệnh trong dung dịch ammonia (1 tách ammonia cho 18 lít nước).</p><p><br></p><h3><strong>Những&nbsp;kỹ thuật y tế&nbsp;nào dùng để chẩn đoán bệnh nhiễm giun đũa?</strong></h3><p><br></p><p>Việc chẩn đoán được tiến hành bằng cách xét nghiệm mẫu phân, xét nghiệm máu hoặc các kiểm tra hình ảnh để tìm giun hoặc trứng giun.</p><p><br></p><p><strong><em>Xét nghiệm phân</em></strong></p><p>Để chẩn đoán bệnh nhiễm giun đũa, kỹ thuật viên trong phòng thí nghiệm sẽ kiểm tra phân để xem có trứng hay ấu trùng giun hay không. Lưu ý là trứng giun sẽ không xuất hiện trong phân ít nhất 40 ngày sau khi bạn bị nhiễm giun đũa.</p><p><br></p><p><strong><em>Xét nghiệm máu</em></strong></p><p>Tình trạng nhiễm giun đũa có thể làm tăng cao lượng bạch cầu ái toan. Do đó, bác sĩ có thể đề nghị bạn làm xét nghiệm máu để kiểm tra sự gia tăng của bạch cầu ái toan (là một loại tế bào máu trắng). Dựa vào kết quả xét nghiệm, bác sĩ có thể chẩn đoán được bạn có nhiễm giun đũa hay không.</p><p><br></p><p><strong><em>Kiểm tra hình ảnh</em></strong></p><p>Tùy từng trường hợp mà bác sĩ sẽ chỉ định thực hiện chụp X-quang, siêu âm hay CT scan và MRI. Bằng các phương pháp này, bác sĩ có thể phát hiện giun đũa chặn các ống dẫn trong gan hay tuyến tụy của bạn hoặc trong phổi và khoang bụng.</p><p><br></p><h2><strong>Phong cách sống và thói quen sinh hoạt</strong></h2><h3><strong>Những thói quen sinh hoạt nào giúp&nbsp;bạn&nbsp;hạn chế diễn tiến của bệnh giun đũa?</strong></h3><p><br></p><p><a href=\"https://cdn.hellobacsi.com/wp-content/uploads/1970/01/phong-ngua-nhiem-giun-dua.jpg\" rel=\"noopener noreferrer\" target=\"_blank\" style=\"color: rgb(45, 135, 243);\"><img src=\"https://cdn.hellobacsi.com/wp-content/uploads/1970/01/phong-ngua-nhiem-giun-dua.jpg\" alt=\"phòng ngừa nhiễm giun đũa\" height=\"341\" width=\"750\"></a></p><p><br></p><p>Bạn có thể kiểm soát tốt tình trạng hồi phục sau khi bị nhiễm giun nếu:</p><p><br></p><ul><li>Tuân thủ quy tắc ăn chín, uống sôi</li><li>Uống thuốc theo chỉ định của bác sĩ</li><li>Rửa tay sạch trước khi ăn và sau khi đi vệ sinh hay tiếp xúc với đất cát</li><li>Sổ giun cho vật nuôi định kỳ theo hướng dẫn của bác sĩ thú y</li><li>Khám sức khỏe định kỳ, thực hiện các xét nghiệm kiểm tra có nhiễm giun hay không cho cả gia đình</li><li>Vệ sinh và lau chùi sạch sẽ các vật dụng trong nhà</li><li>Đi khám ngay khi bạn sốt, đau bụng dữ dội, đau ngực hoặc thở hụt hơi</li><li>Thông báo bác sĩ sản khoa ngay nếu bạn nghi ngờ bản thân đang bị nhiễm giun trong thời gian mang thai</li><li>Giặt quần áo bẩn với nước nóng, hoặc ngâm chúng trong dung dịch ammonia trước khi giặt sạch</li><li>Khử trùng đồ chơi hoặc cọ rửa chúng bằng dung dịch ammonia, sau đó rửa sạch bằng nước</li><li>Tái khám ngay nếu bạn tiếp tục có những triệu chứng của bệnh sau khi đã được điều trị.</li></ul><p><br></p>', NULL, '235523484', '2024-07-10 17:02:13', '11', '33', '1', '2', '1'),
('50', 'https://res.cloudinary.com/doccomming/image/upload/v1720606061/iytolumwsj2f6phsmepa.jpg', 'Vi khuẩn tụ cầu vàng nguy hiểm ra sao, gây bệnh gì? Cách nhận biết?', 'Vi khuẩn tụ cầu vàng sinh trưởng và phát triển trên da và niêm mạc mũi người một cách tự nhiên. Khi xâm nhập vào cơ thể thông qua những vết xước trên da, tụ cầu vàng gây ra một loạt các bệnh nhiễm trùng từ nhẹ đến nặng.', '<h2><strong>Vi khuẩn tụ cầu vàng là gì?</strong></h2><p><br></p><p>Vi khuẩn tụ cầu vàng (Staphylococcus aureus) là một loại vi khuẩn phổ biến sống trên da và niêm mạc hoặc niêm mạc mũi. Đây là loại vi khuẩn gram dương, có hình cầu và có xu hướng sắp xếp thành cụm được mô tả là “giống như quả nho”.</p><p>Staphylococcus aureus không gây nhiễm trùng trên da lành. Tuy nhiên, nếu tụ cầu vàng xâm nhập vào máu và các mô bên trong cơ thể (thông qua các vết xước, vết thương hở trên da), chúng có thể gây ra nhiều loại bệnh nhiễm trùng nghiêm trọng từ nhẹ đến nặng, thậm chí có thể gây tử vong trong một số trường hợp nếu bệnh nhân không được điều trị kịp thời và đúng cách.&nbsp;</p><p><br></p><h2><strong>Phân loại vi khuẩn tụ cầu vàng</strong></h2><p><br></p><p><img src=\"https://cdn.hellobacsi.com/wp-content/uploads/2023/05/vi-khuan-tu-cau-vang-1.jpg\" alt=\"Nhiễm vi khuẩn tụ cầu vàng\" height=\"667\" width=\"1000\"></p><p><br></p><p>Hiện nay, nhiễm trùng tụ cầu khuẩn được chia thành 4 loại khác nhau dựa trên loại tụ cầu vàng gây bệnh, bao gồm:&nbsp;</p><p><br></p><ul><li>Tụ cầu vàng kháng methicillin (MRSA): Việc sử dụng quá nhiều kháng sinh đã dẫn đến các chủng Staphylococcus aureus kháng thuốc kháng sinh.</li><li>Tụ cầu vàng nhạy cảm với methicillin (MSSA)</li><li>Tụ cầu vàng trung gian&nbsp;vancomycin&nbsp;(VISA)</li><li>Tụ cầu vàng kháng vancomycin (VRSA)</li></ul><p><br></p><p>Trong đó, tình trạng nhiễm khuẩn tụ cầu vàng kháng methicillin (MRSA) phổ biến hơn cả. Mặc dù vậy, bất kỳ bệnh nhiễm trùng tụ cầu vàng nào cũng có thể nguy hiểm ngay cả khi nó không kháng thuốc kháng sinh.</p><p><br></p><h2><strong>Vi khuẩn tụ cầu vàng gây ra những bệnh gì?</strong></h2><p>Tụ cầu vàng là mầm bệnh phổ biến gây ra các bệnh nhiễm trùng da, mô mềm, nhiễm trùng máu liên quan đến catheter mạch máu, xương, khớp, phổi và hệ thần kinh trung ương. Trong đó, nhiễm khuẩn huyết do tụ cầu vàng đặc biệt nghiêm trọng vì tỷ lệ mắc các bệnh nhiễm trùng phức tạp liên quan cao, bao gồm cả viêm nội tâm mạc nhiễm trùng.&nbsp;</p><p><br></p><p>Nhìn chung, các bệnh nhiễm trùng thông thường do tụ cầu vàng gây ra bao gồm:</p><p><br></p><ul><li>Nhiễm trùng da</li><li>Chốc lở&nbsp;(lở loét ở trường học)</li></ul><p><br></p><p>Nhiễm trùng nghiêm trọng hơn bao gồm:</p><p><br></p><ul><li>Viêm màng não</li><li>Viêm tĩnh mạch</li><li>Viêm tủy xương (nhiễm trùng xương), có thể do vi khuẩn tụ cầu di chuyển trong máu hoặc tiếp xúc trực tiếp với tủy xương do chấn thương (vết thương do bị đâm ở chân hoặc lạm dụng thuốc tiêm tĩnh mạch (IV)</li><li>Viêm phổi, thường ảnh hưởng đến những người mắc bệnh phổi tiềm ẩn, bao gồm cả những người sử dụng máy thở</li><li>Viêm nội tâm mạc (nhiễm trùng van tim), có thể dẫn đến suy tim hoặc đột quỵ</li><li>Nhiễm trùng máu, xảy ra khi vi khuẩn lây lan vào máu</li><li>Viêm dạ dày ruột</li><li>Hội chứng sốc nhiễm độc</li><li>Nhiễm trùng đường tiết niệu.</li></ul><p><br></p><h2><strong>Nhiễm khuẩn tụ cầu vàng gây ra những triệu chứng gì?&nbsp;</strong></h2><p><br></p><p><img src=\"https://cdn.hellobacsi.com/wp-content/uploads/2023/05/vi-khuan-tu-cau-vang-2.jpg\" alt=\"triệu chứng nhiễm khuẩn tụ cầu vàng\" height=\"667\" width=\"1000\"></p><p><br></p><p>Tùy thuộc vào chủng liên quan và vị trí nhiễm trùng, vi khuẩn tụ cầu vàng có thể gây nhiễm trùng xâm lấn hoặc các bệnh do độc tố gây ra. Các triệu chứng nhiễm khuẩn tụ cầu vàng rất khác nhau tùy thuộc vào loại nhiễm trùng tụ cầu vàng.</p><p>Các triệu chứng lâm sàng và dấu hiệu thường gặp ở những trường hợp bị nhiễm vi khuẩn tụ cầu vàng là:</p><p><br></p><ul><li>Nổi nhọt</li><li>Áp xe trên da</li><li>Viêm nang lông</li><li>Mắc hội chứng bỏng da</li><li>Đóng vảy trên da</li><li>Viêm khớp: vận động kém, sưng khớp, nóng đỏ khớp</li><li>Nhiễm trùng một hoặc cả hai phổi</li><li>Có mủ màng phổi</li><li>Nhiễm trùng màng lót não</li><li>Nhiễm trùng xương và tủy xương</li><li>Nhiễm trùng tĩnh mạch</li><li>Nhiễm trùng van tim, sùi van tim</li><li>Ngộ độc thực phẩm: đau bụng, tiêu chảy, buồn nôn, nôn</li></ul><p><br></p><h2><strong>Nguyên nhân và con đường lây lan của tụ cầu vàng</strong></h2><p><br></p><p><img src=\"https://cdn.hellobacsi.com/wp-content/uploads/2023/05/vi-khuan-tu-cau-vang-3.jpg\" alt=\"Nhiễm vi khuẩn tụ cầu vàng\" height=\"563\" width=\"1000\"></p><p><br></p><p>Ở ngoài môi trường tự nhiên, vi khuẩn tụ cầu vàng có thể sinh sống và tăng trưởng trong môi trường mà lượng muối lên tới 10%. Những sinh vật này có thể phát triển hiếu khí hoặc yếm khí ở nhiệt độ từ 18-40 độ C.</p><p><br></p><p>Ở cơ thể người, những vi khuẩn này thường được tìm thấy trên da và niêm mạc mũi. Bên cạnh đó, nách, bẹn và các nếp gấp dưới da cũng là những nơi tụ cầu vàng thích trú ngụ. Có thể nói, con người là “ổ chứa” chính của vi khuẩn tụ cầu vàng, trong đó:</p><ul><li>Khoảng 30% dân số có tụ cầu vàng sinh sống trong niêm mạc mũi.&nbsp;</li><li>Khoảng 20% người khỏe mạnh là người mang vi khuẩn tụ cầu vàng dai dẳng và 60% là người mang mầm bệnh không liên tục.</li><li>Ước tính khoảng 50% số người trưởng thành mang khuẩn.</li></ul><p><br></p><p>Trong hầu hết các trường hợp, tụ cầu vàng là vô hại, không gây nhiễm trùng. Tuy nhiên, trong một số trường hợp, tụ cầu vàng có thể xâm nhập vào bên trong cơ thể gây nhiễm trùng nhiều cơ quan và dẫn đến những hệ lụy nguy hiểm.</p><p><br></p><p>Vi khuẩn tụ cầu vàng có thể lây lan qua tiếp xúc da kề da trực tiếp hoặc chạm vào các bề mặt bị ô nhiễm. Do đó, thói quen vệ sinh cá nhân kém và không băng kín vết thương hở có thể dẫn đến nhiễm khuẩn tụ cầu vàng.&nbsp;</p><p><br></p><h2><strong>Những người có nguy cơ cao nhiễm khuẩn tụ cầu vàng</strong></h2><p><img src=\"https://cdn.hellobacsi.com/wp-content/uploads/2023/05/vi-khuan-tu-cau-vang-4.jpg\" alt=\"những người có nguy cơ bị nhiễm vi khuẩn tụ cầu vàng\" height=\"612\" width=\"1000\"></p><p><br></p><p>Bất cứ ai cũng có thể bị nhiễm khuẩn tụ cầu vàng. Tuy nhiên, có một số nhóm người có nguy cơ cao hơn, bao gồm:</p><ul><li>Nhân viên y tế, những người làm việc trong bệnh viện</li><li>Bệnh nhân phải nhập viện, thường là do phẫu thuật hoặc các vết thương khác. Những bệnh nhân này có thể bị bệnh nặng nếu nhiễm tụ cầu vàng kháng lại việc điều trị bằng hầu hết các loại kháng sinh.&nbsp;</li><li>Những người mắc bệnh mãn tính như:</li><li>Bệnh nhân bị đái tháo đường&nbsp;phụ thuộc insulin hoặc kiểm soát kém</li><li>Bệnh nhân ung thư</li><li>Người mắc bệnh mạch máu</li><li>Người bị bệnh chàm</li><li>Người mắc bệnh phổi</li><li>Những người tiêm chích ma túy</li><li>Người có hệ thống miễn dịch yếu, rối loạn miễn dịch</li><li>Bệnh nhân lọc máu</li><li>Người đã thực hiện các thủ thuật y tế như phẫu thuật hoặc đặt ống thông</li></ul><p><br></p><h2><strong>Chẩn đoán và điều trị&nbsp;</strong></h2><h3><strong>Chẩn đoán</strong></h3><p><br></p><p><img src=\"https://cdn.hellobacsi.com/wp-content/uploads/2023/05/vi-khuan-tu-cau-vang-5.jpg\" alt=\"chẩn đoán nhiễm khuẩn tụ cầu vàng\" height=\"750\" width=\"1000\"></p><p><br></p><p>Để chẩn đoán nhiễm vi khuẩn tụ cầu vàng, các bác sĩ thường:</p><ul><li><strong>Dựa trên yếu tố dịch tễ</strong>, đặc biệt đối với những đối tượng có nguy cơ cao nhiễm khuẩn tụ cầu</li><li><strong>Đánh giá các dấu hiệu và triệu chứng lâm sàng</strong></li><li><strong>Tìm hiểu bệnh sử</strong>&nbsp;</li><li><strong>Nuôi cấy mẫu bệnh phẩm để phát hiện vi khuẩn tụ cầu vàng</strong>: Bác sĩ sẽ lấy mẫu mô hoặc dịch của người bệnh để tìm dấu hiệu tụ cầu vàng. Mẫu bệnh phẩm sẽ được nuôi cấy trong điều kiện thuận lợi để tụ cầu vàng phát triển trong phòng thí nghiệm vi sinh.</li><li><strong>Xét nghiệm RT-PCR</strong>: Trong một số trường hợp, xét nghiệm RT-PCR đối với gen 16S rRNA có thể cần thiết.</li></ul><p><br></p><h3><strong>Điều trị nhiễm trùng vi khuẩn tụ cầu vàng</strong></h3><p><br></p><p>Mặc dù tỷ lệ nhiễm vi khuẩn tụ cầu vàng đang gia tăng, nhưng các chất chống vi trùng mới, bao gồm daptomycin và linezolid, đã có sẵn để điều trị.&nbsp;</p><p><br></p><p>Việc điều trị nhiễm trùng tụ cầu vàng phụ thuộc phần lớn vào loại nhiễm trùng cũng như sự hiện diện hay vắng mặt của các chủng kháng thuốc. Khi cần điều trị kháng sinh, thời gian và phương thức điều trị phần lớn phụ thuộc vào loại nhiễm trùng cũng như các yếu tố khác.&nbsp;</p><p><br></p><p>Nhìn chung:</p><ul><li><strong>Thuốc kháng sinh penicillin</strong>&nbsp;vẫn là thuốc được lựa chọn để điều trị các chủng phân lập nhạy cảm (MSSA).</li><li><strong>Thuốc kháng sinh vancomycin</strong>&nbsp;có thể được dùng để điều trị nhiễm vi khuẩn tụ cầu vàng kháng methicillin (MRSA).</li></ul><p><br></p><p>Bên cạnh đó, việc điều trị nhiễm khuẩn tụ cầu vàng cũng có thể bao gồm:</p><ul><li>Quản lý bù dịch đối với bệnh do độc tố</li><li>Loại bỏ các thiết bị hỗ trợ được gắn vào cơ thể đối với nhiễm trùng liên quan đến&nbsp;catheter…</li></ul><p><br></p><p>Thực tế là tùy vào tình trạng bệnh của bệnh nhân mà bác sĩ sẽ chỉ định thêm các biện pháp chữa trị phù hợp.</p><p><br></p><h2><strong>Phòng ngừa nhiễm khuẩn tụ cầu vàng</strong></h2><p><img src=\"https://cdn.hellobacsi.com/wp-content/uploads/2023/05/vi-khuan-tu-cau-vang-6.jpg\" alt=\"phòng ngừa Nhiễm vi khuẩn tụ cầu vàng\" height=\"667\" width=\"1000\"></p><p><br></p><p>Vì tụ cầu vàng rất dễ lây lan qua tay bị nhiễm bẩn nên cần thực hành vệ sinh nghiêm ngặt:</p><ul><li>Rửa tay bằng xà phòng và nước ấm, nhất là sau khi đi vệ sinh.</li><li>Vệ sinh nhà cửa sạch sẽ, chẳng hạn như lau bụi ẩm.</li><li>Băng bó các vết thương hở bằng băng không thấm nước cho đến khi vết thương lành.</li></ul><p><br></p><p>Đối với những nhân viên bệnh viện, cần thực hành vệ sinh tiêu chuẩn, bao gồm:</p><ul><li>Luôn rửa tay khi tay bị bẩn vì bất kỳ lý do gì</li><li>Dùng dung dịch rửa tay có chứa cồn trước và sau khi chăm sóc mỗi bệnh nhân, khi dọn giường…</li><li>Rửa tay sạch trước và sau khi thăm khám cho bệnh nhân</li><li>Đeo găng tay, khẩu trang, mặc đồ bảo hộ trong những trường hợp cần thiết</li><li>Vệ sinh sạch sẽ và xử lý nghiêm ngặt các thiết bị, vật dụng đã qua sử dụng</li><li>Cách ly người bệnh khi có yêu cầu.</li></ul>', NULL, '235523484', '2024-06-10 17:07:41', '11', '34', '1', '2', '1'),
('51', 'https://res.cloudinary.com/doccomming/image/upload/v1720606262/ubjpycab9siwpaswbtuf.jpg', 'Nguyên nhân cận thị là do đâu?', 'Cận thị là một vấn đề về mắt xảy ra khá phổ biến với cả trẻ em và người lớn. Một số người cho rằng nguyên nhân cận thị là do tiếp xúc nhiều với điện thoại hay các thiết bị điện tử quá mức. Điều này có đúng không? Nguyên nhân gây cận thị là do đâu và cách phòng ngừa như thế nào?', '<h2><strong>Nguyên nhân cận thị là do đâu?</strong></h2><p><br></p><p>Để mắt nhìn rõ ràng ở mọi khoảng cách, ánh sáng phải đi qua giác mạc (lớp trong suốt phía trước của mắt) và thủy tinh thể (phần thấu kính trong suốt bên trong của mắt). Giác mạc và thủy tinh thể phối hợp với nhau để bẻ cong (khúc xạ) ánh sáng đúng cách, sao cho ánh sáng được tập trung chính xác tại một điểm trên võng mạc (màng thần kinh của mắt). Võng mạc sau đó sẽ chuyển ánh sáng thành tín hiệu gửi đến não cho phép bạn nhìn thấy rõ hình ảnh.</p><p><br></p><p><img src=\"https://cdn.hellobacsi.com/wp-content/uploads/2023/11/nguyen-nhan-can-thi-la-do-dau.jpg\" alt=\"nguyên nhân cận thị là do đâu?\" height=\"664\" width=\"1000\"></p><p><br></p><p>Cận thị là một tật khúc xạ khiến bạn nhìn xa bị mờ. Vậy, đâu là nguyên nhân gây ra cận thị? Nguyên nhân cận thị ở người lớn và trẻ em có thể là do giác mạc bị cong quá mức, hoặc thủy tinh thể có hình dạng cong lồi bất thường, hoặc do trục nhãn cầu dài hơn bình thường. Điều này khiến ánh sáng không được khúc xạ đúng cách. Hậu quả dẫn đến là ánh sáng sẽ tập trung ở phía trước võng mạc thay vì phải tập trung chính xác trên võng mạc, khiến tầm nhìn xa bị mờ.</p><p><br></p><p>Bạn có thể hiểu đơn giản nguyên nhân cận thị giống như một ánh đèn bị chiếu sai hướng. Nếu bạn chiếu đèn vào một vị trí không chính xác ở khoảng cách xa, bạn sẽ không thể nhìn rõ.</p><p><br></p><h2><strong>Các yếu tố nguy cơ</strong></h2><p><br></p><p>Các chuyên gia về mắt vẫn chưa chắc chắn về nguyên nhân cận thị chính xác nhưng họ tin rằng đó là sự kết hợp của yếu tố di truyền và môi trường. Bất cứ ai cũng có thể bị cận thị, nhưng bạn có nguy cơ cao hơn nếu:</p><p><br></p><ul><li><strong><em>Di truyền.</em></strong>&nbsp;Cận thị có xu hướng di truyền trong gia đình. Nếu một hoặc cả hai cha và mẹ đều bị cận thị thì nguy cơ con cái bị cận thị sẽ cao hơn.</li><li><strong><em>Tuổi tác.</em></strong>&nbsp;Cận thị thường bắt đầu ở trẻ trong độ tuổi từ 6 đến 14 và tiến triển rồi ổn định khi&nbsp;18 tuổi hoặc những trẻ cận thị bẩm sinh có thể đã bắt đầu xuất hiện cận thị từ khi mới sinh.</li><li><strong><em>Hoạt động&nbsp;nhìn gần&nbsp;kéo dài.</em></strong>&nbsp;Một số chuyên gia tin rằng việc dành nhiều thời gian cho các hoạt động&nbsp;nhìn gần&nbsp;như đọc sách, sử dụng máy tính hoặc thiết bị thông minh kéo dài sẽ làm tăng nguy cơ bị cận thị.</li><li><strong><em>Ít hoạt động ngoài trời.</em></strong>&nbsp;Một số nghiên cứu chỉ ra rằng việc ít hoạt động ngoài trời có thể làm tăng nguy cơ mắc bệnh cận thị.</li></ul><p><br></p><h2><strong>Hiểu nguyên nhân cận thị để phòng ngừa</strong></h2><p><br></p><p><img src=\"https://cdn.hellobacsi.com/wp-content/uploads/2023/11/nguyen-nhan-can-thi-va-phong-ngua.jpg\" alt=\"nguyên nhân cận thị và phòng ngừa\" height=\"667\" width=\"1000\"></p><p><br></p><p>Hiểu rõ về nguyên nhân cận thị, bạn sẽ biết được rằng không thể ngăn ngừa hoàn toàn cận thị vì đây là tật khúc xạ có thể di truyền trong gia đình. Tuy nhiên, bạn có thể làm giảm nguy cơ cận thị và tăng cường sức khỏe mắt bằng một số cách sau đây:</p><p><br></p><ul><li>Đi khám mắt định kỳ với bác sĩ nhãn khoa</li><li>Tăng thời gian hoạt động ngoài trời, hạn chế sử dụng các thiết bị điện tử khi không cần thiết</li><li>Bảo vệ đôi mắt của bạn khỏi ánh nắng mặt trời bằng cách đeo kính râm khi ra ngoài</li><li>Đeo kính bảo vệ khi chơi thể thao hoặc làm việc để hạn chế chấn thương mắt</li><li>Nghỉ ngơi cứ sau 20 phút làm việc với thiết bị điện tử bằng cách nhìn vào vật gì đó cách xa 6 mét trong 20 giây</li><li>Hạn chế học tập và làm việc ở môi trường không có đủ ánh sáng</li><li>Đeo kính cận đúng độ và chăm sóc kinh theo đúng chỉ dẫn của bác sĩ nhãn khoa</li><li>Tập thể dục thường xuyên</li><li>Kiểm soát các bệnh lý mạn tính có thể làm suy giảm thị lực, chẳng hạn như huyết áp cao hoặc tiểu đường</li><li>Bỏ hút thuốc lá</li><li>Cung cấp vitamin A, vitamin C và lutein thông qua&nbsp;chế độ ăn tốt cho mắt</li><li>Uống đủ nước, hạn chế cafein và nước ngọt.</li></ul><p><br></p><p><span style=\"color: rgb(38, 38, 38);\">Hi vọng bài viết này đã giúp bạn hiểu rõ hơn về nguyên nhân cận thị để không có những hiểu lầm và biết cách phòng ngừa tình trạng này càng sớm càng tốt. Nếu đã bị cận, bạn vẫn nên thực hiện những khuyến cáo ở trên để tránh bị tăng độ cận.</span></p>', NULL, '235523484', '2024-05-10 17:11:02', '12', '35', '1', '12', '2'),
('52', 'https://res.cloudinary.com/doccomming/image/upload/v1720606468/zdt0finav3nn9zxicmjz.webp', 'Đau mắt đỏ kiêng ăn gì để mau khỏi bệnh?', 'Đau mắt đỏ thường không nghiêm trọng nhưng gây nhiều khó chịu. Để bệnh kéo dài, bạn còn có nguy cơ bị ảnh hưởng đến thị lực. Ngoài việc dùng thuốc điều trị phù hợp và vệ sinh mắt, biết được đau mắt đỏ kiêng ăn gì cũng sẽ giúp bạn mau hồi phục hơn.', '<h2><strong>Bệnh đau mắt đỏ kiêng ăn gì?</strong></h2><p><br></p><p>Không có bất cứ một tài liệu hay nghiên cứu khoa học nào chứng minh bệnh đau mắt đỏ bắt buộc phải kiêng những loại thực phẩm nào cụ thể. Tuy nhiên, nếu bạn thắc mắc bị đau mắt đỏ kiêng ăn gì thì sau đây là một số nhóm thực phẩm được cho là không tốt cho người bị bệnh đau mắt đỏ, theo quan niệm đông y và kinh nghiệm dân gian, mà bạn nên hạn chế khi mắc bệnh:</p><p><br></p><h3><strong>Nhóm gia vị, thực phẩm cay nóng</strong></h3><p><br></p><p>Theo Đông y, đau mắt đỏ là do can phong nhiệt, nên cần tránh những đồ cay nóng chứa nhiều ớt, tiêu, tỏi, hành… Những loại thực phẩm này sẽ gây kích thích dây thần kinh thị giác, tăng cảm giác mắt nóng ngứa và rát, khiến mắt khó chịu nghiêm trọng, đặc biệt là khi kết mạc mắt đang bị viêm nhiễm. Điều này cũng góp phần làm cho tình trạng bệnh lâu khỏi.</p><p><br></p><h3><strong>Đau mắt đỏ kiêng ăn gì? Nhóm thực phẩm gây dị ứng</strong></h3><p><br></p><p>Nguyên nhân đau mắt đỏ ngoài do vi khuẩn, virus còn có thể là do dị ứng. Nếu bạn nghi ngờ một số loại thực phẩm có khả năng gây dị ứng cho bản thân thì hãy ngừng ăn chúng, tránh nguy cơ khiến bệnh trầm trọng hơn và giúp bệnh nhanh khỏi.</p><p><br></p><h3><strong>Các loại hải sản</strong></h3><p><br></p><p><img src=\"https://cdn.hellobacsi.com/wp-content/uploads/2023/09/dau-mat-do-kieng-an-gi-hai-san.jpg\" alt=\"đau mắt đỏ kiêng ăn gì: hải sản\" height=\"668\" width=\"1000\"></p><p><br></p><p>Đau mắt đỏ kiêng ăn gì thì không thể bỏ qua các loại thủy, hải sản như tôm, cua, cá biển, ốc…Dù những loại thực phẩm này chứa nhiều dưỡng chất tốt cho sức khỏe nhưng đồng thời cũng rất giàu đạm và còn chứa một số chất dễ gây dị ứng cho vùng da quanh mắt. Điều này góp phần khiến cho bệnh đau mắt đỏ do virus gây ra trở nên nghiêm trọng hơn. Do đó, người bệnh đau mắt đỏ nên kiêng các loại thực phẩm này để rút ngắn thời gian hồi phục.</p><p><br></p><h3><strong>Đau mắt đỏ kiêng ăn gì? Đồ ngọt chứa nhiều đường</strong></h3><p><br></p><p>Các loại đồ ngọt bao gồm bánh kẹo, nhiều loại đồ ăn sẵn, nước ngọt có gas, đồ ăn và đồ uống chứa nhiều đường… nói chung đều không tốt cho sức khỏe tổng thể. Chúng chứa hàm lượng đường cao, nhiều chất hóa học độc hại nên khi nạp quá nhiều vào cơ thể sẽ gây dư thừa calo, tăng nguy cơ béo phì và dẫn đến các vấn đề sức khỏe khác. Người bệnh đau mắt đỏ lạm dụng đồ ngọt sẽ làm tăng thân nhiệt, gây mất nước, khô mắt và dễ khiến bệnh thêm trầm trọng.</p><p><br></p><h3><strong>Các món ăn nhiều mỡ động vật</strong></h3><p><br></p><p><img src=\"https://cdn.hellobacsi.com/wp-content/uploads/2023/09/dau-mat-do-kieng-an-gi-mo-dong-vat.jpg\" alt=\"đau mắt đỏ kiêng ăn gì: chất béo xấu\" height=\"667\" width=\"1000\"></p><p><br></p><p>Đau mắt đỏ kiêng ăn gì? Các món ăn nhiều mỡ động vật và chất béo chuyển hóa (thường có trong thực phẩm chế biến sẵn hoặc dầu mỡ chiên xào nhiều lần) là nguyên nhân gây bệnh béo phì, gan nhiễm mỡ,… ở những người ăn quá nhiều.</p><p><br></p><p>Chúng chứa nhiều chất béo no, khi hấp thu vào cơ thể sẽ làm lượng mỡ trong máu tăng cao gây ra nhiều ảnh hưởng xấu đến mắt khi mắt đang bị tổn thương. Tình trạng đau mắt đỏ chậm cải thiện đã được các chuyên gia nhận định do mỡ máu cao. Vì vậy, thay vì dùng mỡ thì bạn nên dùng dầu thực vật để bảo vệ sức khỏe và giúp mắt nhanh khỏi.&nbsp;</p><p><br></p><h3><strong>Rượu bia</strong></h3><p><br></p><p>Ngoài đau mắt đỏ kiêng ăn gì thì bạn cũng nên quan tâm đến một số loại đồ uống như rượu bia, đồ uống có chứa cồn. Khi uống quá nhiều những loại đồ uống này sẽ gây kích thích hệ thần kinh thị giác, làm ảnh hưởng tiêu cực đến thị lực và giảm khả năng kiểm soát hành vi. Ngoài ra, loại đồ uống này cũng không tốt cho sức khỏe về mặt tổng thể, lại dễ khiến tình trạng đau mắt đỏ thêm nghiêm trọng.</p><p><br></p><h3><strong>Bị đau mắt đỏ kiêng ăn gì? Rau muống</strong></h3><p><br></p><p><span style=\"color: rgb(38, 38, 38);\">Rau muống là một loại rau quen thuộc trong bữa ăn hàng ngày, trong đó chứa nhiều loại vitamin và khoáng chất tốt cho sức khỏe. Tuy nhiên, rau muống lại là một loại rau mà người đau mắt đỏ nên hạn chế ăn để đảm bảo an toàn. Bởi một số chất trong rau muống được cho là có thể kích thích mắt tăng tiết dịch, đổ ghèn, làm trầm trọng thêm và kéo dài tình trạng nhiễm trùng ở mắt. Hậu quả là nó khiến bệnh đau mắt đỏ lâu lành hơn.</span></p><p><br></p><h2><strong>Bệnh đau mắt đỏ kiêng gì?</strong></h2><p><br></p><p><img src=\"https://cdn.hellobacsi.com/wp-content/uploads/2023/09/dau-mat-do-kieng-gi.jpg\" alt=\"đau mắt đỏ kiêng gì\" height=\"667\" width=\"1000\"></p><p><br></p><p>Ngoài vấn đề đau mắt đỏ kiêng ăn gì, bạn cũng nên quan tâm đến một số điều nên kiêng trong sinh hoạt để nhanh khỏi và tránh lây bệnh cho người khác. Cụ thể như sau:</p><p><br></p><ul><li><strong><em>Kiêng chạm tay vào mắt:</em></strong>&nbsp;Mỗi khi chạm hay dụi tay vào mắt, bạn sẽ vô tình truyền vi khuẩn, virus trên tay sang mắt, khiến cho bệnh đau mắt đỏ dễ dàng lây lan sang mắt còn lại, lây cho người khác, thậm chí là triệu chứng bệnh trở nên trầm trọng hơn.</li><li><strong><em>Kiêng đeo kính áp tròng:</em></strong>&nbsp;Nếu bạn có thói quen đeo kính áp tròng, hãy kiêng đeo kính áp tròng cho đến khi khỏi bệnh hoặc được bác sĩ cho phép. Trong khoảng thời gian này, bạn có thể cân nhắc chuyển sang đeo kính gọng thông thường. Sau khi đã khỏi bệnh, nếu bạn muốn tái sử dụng kính áp tròng thì hãy làm sạch và khử trùng thật kỹ lưỡng.</li><li><strong><em>Kiêng dùng chung các vật dụng cá nhân với người khác:</em></strong>&nbsp;Virus, vi khuẩn gây đau mắt đỏ có thể tồn tại trên các vật dụng cá nhân mà người bệnh đã và đang sử dụng, chẳng hạn như: vỏ gối nằm, khăn tắm, khăn mặt, lọ thuốc nhỏ mắt, đồ trang điểm, dụng cụ trang điểm, kính đeo mắt… Vì vậy, hãy kiêng dùng chung các vật dụng cá nhân với người khác để tránh lây bệnh cho họ.</li><li><strong><em>Kiêng tái sử dụng các vật dụng tiếp xúc gần với mắt và mặt:</em></strong>&nbsp;Hãy kiêng tái sử dụng các vật dụng tiếp xúc gần với da mặt hoặc mắt mà chưa được làm sạch hay khử trùng. Chúng bao gồm: kính mắt, kính áp tròng, khăn mặt, vỏ gối, chăn drap trải giường, lọ thuốc nhỏ mắt, đồ trang điểm hoặc dụng cụ trang điểm,… Điều này giúp ngăn ngừa bệnh lây nhiễm sang mắt còn lại và giảm nguy cơ tái nhiễm trong tương lai.</li><li><strong><em>Kiêng đi ra ngoài:</em></strong>&nbsp;Như đã nói, đau mắt đỏ rất dễ lây lan, nên tốt nhất bạn nên kiêng đi ra ngoài trong thời gian mắc bệnh để hạn chế khả năng lây bệnh cho người khác. Hãy dành thời gian nghỉ ngơi tại nhà cho đến khi triệu chứng bệnh giảm nhẹ và hết tiết dịch ở mắt.</li><li><strong><em>Tránh đi bơi, không sử dụng nguồn nước ô nhiễm:&nbsp;</em></strong>Khi bơi mắt tiếp xúc với nước ở bể bơi có thể bị kích ứng, khiến tình trạng đau mắt đỏ lâu phục hồi. Nguồn nước ô nhiễm sẽ khiến tình trạng viêm nhiễm ở mắt trầm trọng hơn.</li></ul><p><br></p><p><br></p>', NULL, '235523484', '2024-04-10 17:14:28', '12', '36', '1', '12', '1'),
('53', 'https://res.cloudinary.com/doccomming/image/upload/v1720606640/w25uhapxsj84cqujm6gd.webp', 'Mách nhỏ cách chữa đau mắt đỏ bằng lá trầu không', 'Cách chữa đau mắt đỏ bằng lá trầu không là một trong những mẹo dân gian được rất nhiều người truyền tai nhau để áp dụng. Tuy nhiên cách điều trị này cũng có thể tiềm ẩn một số vấn đề gây ảnh hưởng không tốt đến sức khỏe. ', '<h2><strong>Các cách chữa đau mắt đỏ bằng lá trầu không</strong></h2><p><br></p><p><img src=\"https://cdn.hellobacsi.com/wp-content/uploads/2021/03/cach-chua-dau-mat-do-bang-la-trau-khong-1.jpg\" alt=\"cách chữa đau mắt đỏ bằng lá trầu không\" height=\"582\" width=\"1000\"></p><p><br></p><p>Đau mắt đỏ (hay còn gọi là viêm kết mạc) là một bệnh lý do adenovirus hoặc vi khuẩn như liên cầu, tụ cầu, phế cầu gây nên. Bệnh dễ gây dịch lây lan diện rộng và thường bùng phát vào mùa hè kéo dài sang mùa thu. Điều này là do thời tiết nắng nóng, mưa nhiều, độ ẩm cao… tạo điều kiện cho các vi sinh vật gây bệnh phát triển.</p><p>Biểu hiện đặc trưng của bệnh đó là mắt bị đỏ và có ghèn. Bệnh nhân thường:</p><p><br></p><ul><li>Bị đỏ một bên mắt trước, sau đó lan sang mắt thứ hai</li><li>Khó chịu ở mắt</li><li>Thấy cộm như có cát</li><li>Buổi sáng ngủ dậy hai mắt khó mở do có nhiều ghèn, dính chặt.</li></ul><p><br></p><p>Các triệu chứng khác bao gồm:</p><p><br></p><ul><li>Mí mắt sưng</li><li>Chảy nước mắt</li><li>Mệt mỏi</li><li>Sốt nhẹ</li><li>Đau họng</li><li>Ho</li><li>Xuất hiện hạch ở tai đau nhức.</li></ul><p><br></p><p>Bệnh có thể chữa khỏi bằng thuốc Tây y trong vòng 4 – 5 ngày nếu được thăm khám và điều trị thích hợp. Tuy nhiên, với tâm lý ngại uống thuốc tây kéo dài, nhiều người đã lựa chọn phương pháp chữa bệnh bằng mẹo dân gian, chẳng hạn như dùng lá trầu không. Cụ thể, đau mắt đỏ xông lá trầu không có thể thực hiện theo 2 cách:</p><p><br></p><p><strong>Cách 1:</strong> chuẩn bị khoảng 50g lá trầu không tươi, đem rửa sạch từng lá một để loại bỏ đất cát và bụi bẩn. Sau đó cho lá trầu không vào một nồi nước sạch, đun sôi rồi xông mắt trong 3 phút. Duy trì thực hiện cách làm này mỗi ngày từ 2 – 3 lần và liên tục trong một tuần.&nbsp;</p><p><br></p><p><strong>Cách 2:</strong> vò nát khoảng 10 lá dâu cùng với 3 lá trầu không cho vào nồi, đổ thêm nước sôi rồi đưa mắt đến gần để xông hơi nóng bốc lên trong khoảng 3 phút. Sau đó dùng nước này để rửa mắt. Thực hiện như vậy 2 lần mỗi ngày.&nbsp;</p><p><br></p><h2><strong>Ưu điểm khi chữa đau mắt đỏ bằng lá trầu không</strong></h2><p><br></p><p>Cách tiến hành chữa đau mắt đỏ bằng phương pháp dân gian thường đơn giản, dễ thực hiện. Bất kỳ ai cũng có thể làm được, kể cả bệnh nhân đang bị bệnh. Do phương pháp này sử dụng nguyên liệu từ thiên nhiên, nên nó không tốn kém quá nhiều chi phí.</p><p><br></p><p>Một ưu điểm khác khi chữa đau mắt đỏ bằng lá trầu không là giảm triệu chứng cho một số trường hợp. Theo Đông y, lá trầu không có vị cay nồng, mùi thơm hắc, tính ấm, có tác dụng trừ phong, tiêu viêm, sát trùng, kháng khuẩn. Trong 100g lá trầu không chứa tới 2,4% tinh dầu. Tinh dầu trầu không có hoạt tính kháng sinh mạnh, ức chế nhiều chủng vi khuẩn như: tụ cầu khuẩn, phế cầu khuẩn, liên cầu khuẩn, trực khuẩn lỵ… và có tác dụng kháng nấm mạnh đối với nhiều chủng loại nấm.</p><p><br></p><p>Ngoài ra, theo nghiên cứu lá trầu không còn có tác dụng chữa bệnh rất tốt trong các trường hợp viêm họng, cảm cúm, nhức đầu, sát trùng vết thương, chữa các bệnh viêm loét ngoài da… Mặc dù không có cơ sở khoa học chứng minh, nhưng chính vì những ưu điểm trên mà cách chữa đau mắt đỏ bằng lá trầu được rất nhiều người truyền tai nhau để thực hiện.</p><p><br></p><h2><strong>Nhược điểm khi chữa đau mắt đỏ bằng lá trầu không</strong></h2><p><br></p><p><img src=\"https://cdn.hellobacsi.com/wp-content/uploads/2021/03/nhuoc-diem-chua-dau-mat-do-bang-la-trau-khong.jpg\" alt=\"nhược điểm chữa đau mắt đỏ bằng lá trầu không\" height=\"735\" width=\"1000\"></p><p><br></p><p>Không thể phủ nhận tác dụng của lá trầu không nhưng theo các bác sĩ cho biết, việc đắp hoặc xông lá trầu không, lá dâu… để trị đau mắt đỏ là một cách điều trị rất nguy hiểm. Nguyên nhân là do đắp hoặc xông các loại lá này không có chừng mực có thể gây kích ứng mắt, bỏng giác mạc, loét giác mạc, xuất huyết dưới kết mạc và sưng nề.</p><p><br></p><p>Sau khi xông hơi, bệnh nhân có thể cảm thấy dễ chịu, mắt đỡ cộm và đỡ ngứa nên dễ lầm tưởng là phương pháp này có hiệu quả chữa bệnh tốt. Tuy nhiên, chưa có nghiên cứu khoa học nào chỉ ra lá trầu không có tác dụng chữa trị đau mắt đỏ. Không chỉ vậy, nếu sử dụng sai cách nó còn có thể làm tình trạng nhiễm khuẩn nặng hơn, nhất là trong trường hợp lá không được rửa sạch trước khi xông.</p><p><br></p><p>Như vậy có thể thấy, cách chữa đau mắt đỏ bằng lá trầu không không phải là phương pháp điều trị tối ưu nhất. Tốt hơn hết là khi bị bệnh đau mắt đỏ, mọi người nên đến gặp bác sĩ để thăm khám, đồng thời tuân thủ một số biện pháp chăm sóc dưới đây để có thể nhanh chóng khỏi bệnh:</p><ul><li>Lau sạch ghèn trong mắt ít nhất 2 lần/ngày bằng khăn giấy ẩm hoặc bông.&nbsp;</li><li>Dùng thuốc theo chỉ định của bác sĩ và dành thời gian nghỉ ngơi hợp lý.</li><li>Không được lấy thuốc nhỏ của mắt đang bị nhiễm khuẩn để sử dụng cho mắt lành.</li><li>Không tự ý mua thuốc nhỏ mắt, cũng như không dùng thuốc nhỏ mắt của người khác.</li><li>Tuyệt đối không được dụi mắt bằng tay.</li><li>Nên đeo kính mắt để tránh ô nhiễm và khói bụi.</li><li>Rửa tay thật sạch trước và sau khi tra thuốc nhỏ mắt.</li><li>Hàng ngày nên rửa mắt bằng nước muối sinh lý</li></ul><p><br></p><p><span style=\"color: rgb(38, 38, 38);\">Hi vọng qua một số thông tin về ưu nhược điểm của cách chữa đau mắt đỏ bằng lá trầu không, bạn có thể cân nhắc để lựa chọn được phương pháp điều trị bệnh đau mắt đỏ an toàn và hiệu quả nhất cho bản thân và gia đình.</span></p>', NULL, '235523484', '2024-03-10 17:17:20', '12', '37', '1', '12', '2'),
('54', 'https://res.cloudinary.com/doccomming/image/upload/v1720606915/ubeqxa7yl2greitkosvo.jpg', 'Nguyên nhân động kinh là gì? Bệnh động kinh có di truyền không?', 'Khoảng 50 triệu người trên thế giới mắc phải bệnh động kinh. Con số này đã đưa chứng động kinh lên vị trí phổ biến nhất trong các bệnh về thần kinh trên toàn cầu. Với mức độ phổ biến này, nhiều người thắc mắc nguyên nhân động kinh là gì, tại sao lại mắc phải bệnh này? Và liệu bệnh động kinh có di truyền không?', '<h2><strong>1. Bệnh động kinh là gì?</strong></h2><p><br></p><p>Cơn động kinh là một rối loạn của hệ thống thần kinh trung ương, trong đó hoạt động của não bộ trở nên bất thường, quá mức và/hoặc đồng bộ. Một nhóm tế bào não đồng loạt phóng điện đột ngột và quá mức, gây nên các cơn co giật hoặc những khoảng thời gian ngắn có hành vi, cảm giác bất thường hay mất ý thức.</p><p><br></p><p>Cơn động kinh đơn thuần chưa phải là bệnh động kinh. Điều kiện để chẩn đoán bệnh động kinh là có ít nhất 2 cơn động kinh không có rõ nguyên nhân khởi phát cách nhau ít nhất 24 giờ hoặc có 1 cơn động kinh tự phát và có khả năng tái phát cơn tương tự hoặc được chẩn đoán hội chứng động kinh.</p><p><br></p><h2><strong>2. Nguyên nhân động kinh</strong></h2><p><br></p><p><img src=\"https://cdn.hellobacsi.com/wp-content/uploads/2022/01/nguyen-nhan-benh-dong-kinh.jpg\" alt=\"nguyên nhân bệnh động kinh\" height=\"667\" width=\"1000\"></p><p><br></p><p>Trong một nửa số trường hợp bệnh động kinh không rõ nguyên nhân. Nửa còn lại, căn bệnh này có thể xuất phát từ bất kỳ tổn thương nào ở não, khiến cho việc phóng điện bị xáo trộn, bao gồm:</p><p><br></p><ul><li>Ảnh hưởng của gen là một trong các nguyên nhân gây động kinh quan trọng đang được các nhà nghiên cứu tìm hiểu. Một số gen nhất định di truyền trong gia đình khiến bạn nhạy cảm hơn với những điều kiện môi trường gây ra bệnh động kinh.</li><li>Chấn thương đầu do tai nạn xe hơi hoặc các va đập khác cũng có thể gây động kinh.</li><li>Các bất thường xảy ra ở não bộ bao gồm khối u não hoặc dị dạng mạch máu như dị dạng động mạch, u máu thể hang (cavernoma) có thể gây ra bệnh động kinh.</li><li>Nhiễm trùng thần kinh như viêm màng não, bệnh não do HIV, viêm não do virus và một số bệnh do nhiễm ký sinh trùng cũng có thể là nguyên nhân động kinh.</li><li>Lạm dụng rượu hoặc các chất kích thích như ma túy.</li><li>Rối loạn phát triển, chẳng hạn như bệnh tự kỷ.</li><li>Chấn thương trước khi sinh. Trước khi chào đời, thai nhi rất nhạy cảm với các chấn thương não bộ, chẳng hạn như khi mẹ bị nhiễm trùng, dinh dưỡng kém hoặc thiếu oxy. Các tổn thương não ở thời kỳ này có thể dẫn đến bệnh động kinh hoặc bại não. Chăm sóc trẻ giai đoạn chu sinh cẩn thận chính là cách hiệu quả để phòng ngừa động kinh khi sinh.</li></ul><p><br></p><p>Tuy nhiên, đôi khi phải mất nhiều năm sau khi não bị tổn thương do những nguyên nhân động kinh kể trên, cơn động kinh đầu tiên mới khởi phát.</p><p><br></p><h2><strong>3. Các yếu tố nguy cơ gây nên cơn động kinh&nbsp;</strong></h2><p><br></p><p><img src=\"https://cdn.hellobacsi.com/wp-content/uploads/2022/01/nguyen-nhan-dong-kinh-1.jpg\" alt=\"nguyên nhân động kinh\" height=\"667\" width=\"1000\"></p><p><br></p><p>Ngoài những nguyên nhân động kinh kể trên, các yếu tố sau đây cũng làm tăng nguy cơ hình thành chứng động kinh. Các yếu tố này bao gồm:</p><p><br></p><ul><li>Tuổi tác. Động kinh thường khởi phát ở trẻ em và khi về già nhưng có thể bất kỳ độ tuổi nào cũng có nguy cơ bị bệnh.</li><li>Tiền sử gia đình. Nguy cơ mắc bệnh động kinh của một người sẽ tăng lên nếu trong gia đình có người mắc bệnh này.</li><li>Chấn thương đầu do tai nạn xe hơi hay các va chạm khác là một trong các nguyên nhân động kinh. Để hạn chế nguy cơ này, bạn nên thắt dây an toàn khi ngồi ô tô, đội mũ bảo hiểm khi đi xe máy hay khi đi xe đạp chạy với tốc độ cao.</li><li>Tai biến mạch máu não và các bệnh liên quan đến mạch máu khác làm tổn thương não và khiến rủi ro bị động kinh tăng cao. Trong đó, đột quỵ là nguyên nhân hàng đầu gây ra động kinh ở người trên 35 tuổi. Hãy thực hành các thói quen ăn uống, sinh hoạt lành mạnh; tập thể dục thể thao; tránh hút thuốc lá và hạn chế rượu bia để giảm thiểu những nguy cơ này.</li><li>Chứng mất trí nhớ (sa sút trí tuệ) ở người già.</li><li>Co giật ở trẻ em. Nguy cơ động kinh sẽ tăng cao nếu trẻ em từng bị sốt cao co giật kéo dài hay các vấn đề về thần kinh khác.</li></ul><p><br></p><h2><strong>4. Bệnh động kinh có di truyền không?</strong></h2><p><br></p><p>Chắc hẳn qua những thông tin trên về nguyên nhân động kinh, bạn đã có thể phần nào tìm ra được đáp án cho câu hỏi bệnh động kinh có di truyền không. Có thể nói, một phần nguyên nhân của bệnh động kinh là do gen mà bạn thừa hưởng từ bố mẹ hoặc do thay đổi gen trong quá trình hình thành và phát triển của cá thể ảnh hưởng đến hoạt động của não. Theo thống kê, cứ 3 người thì sẽ có 1 người mắc bệnh động kinh khi có tiền sử gia đình mắc bệnh này. Ngược lại, nếu trong gia đình bạn có người bị mắc bệnh động kinh cũng không có nghĩa là bạn sẽ bị mắc bệnh này. Ngoài ra, một số gen nhất định cũng sẽ làm bạn nhạy cảm hơn với các điều kiện môi trường gây ra cơn động kinh.</p><p><br></p><h2><strong>5. Điều trị động kinh như thế nào?&nbsp;</strong></h2><p><br></p><p><img src=\"https://cdn.hellobacsi.com/wp-content/uploads/2022/01/nguyen-nhan-dong-kinh-2.jpg\" alt=\"nguyên nhân động kinh\" height=\"667\" width=\"1000\"></p><p><br></p><p>Hiện nay, các phương pháp điều trị có thể giúp người bệnh kiểm soát tốt cơn động kinh. Điều trị động kinh có thể giúp bệnh nhân giảm tần suất các cơn động kinh hoặc cắt hoàn toàn cơn động kinh. Các phương pháp này bao gồm:</p><p><br></p><ul><li>Thuốc chống động kinh.</li><li>Chế độ ăn kiêng ketogenic với nhiều chất béo và ít carbohydrate thường được áp dụng cho một số trẻ bị động kinh.</li><li>Phẫu thuật&nbsp;để loại bỏ một phần nhỏ của não bộ – nơi gây ra cơn động kinh nếu như bệnh chỉ xuất phát từ một vùng duy nhất của não (động kinh cục bộ). Phẫu thuật chủ yếu áp dụng khi vị trí gây ra cơn động kinh nằm ở thùy thái dương của não.</li><li>Kích thích thần kinh phế vị</li></ul><p><br></p>', NULL, '235523484', '2024-02-10 17:21:55', '13', '38', '1', '22', '1'),
('55', 'https://res.cloudinary.com/doccomming/image/upload/v1720607130/bffvddauf78o6vvbnfqy.jpg', 'Suy giảm trí nhớ ở người trẻ tuổi: Đừng chủ quan kẻo muộn', 'Ngày nay, suy giảm trí nhớ không chỉ là vấn đề của người lớn tuổi mà cũng trở nên rất phổ biến ở người trẻ. Tình trạng này gây nhiều ảnh hưởng đến kết quả học tập, công việc và chất lượng cuộc sống của người bệnh.', '<h2><strong>Suy giảm trí nhớ là gì?</strong></h2><p><br></p><p>Suy giảm trí nhớ (hay còn gọi là chứng hay quên) là tình trạng chức năng ghi nhớ của não bộ suy giảm hoặc quá trình vận chuyển thông tin về vỏ não bị ngưng trệ. Người bị suy giảm trí nhớ thường gặp khó khăn trong việc ghi nhớ thông tin, hình thành ký ức mới hay tái hiện lại các sự việc đã xảy ra trong quá khứ. Tình trạng này có thể làm cho trí nhớ và khả năng tư duy kém dần theo thời gian, thậm chí làm tăng nguy cơ dẫn đến sa sút trí tuệ hoặc bệnh Alzheimer.</p><p><br></p><p>Nhiều người cho rằng, suy giảm trí nhớ là căn bệnh chỉ xảy ra ở người già. Tuy nhiên, một nghiên cứu được thực hiện trên hơn 18,500 người trong độ tuổi từ 18 đến 99 cho thấy, có đến 20% số người được khảo sát gặp vấn đề về trí nhớ. Trong đó, tỷ lệ gặp phải ở thanh niên là 14%, độ tuổi trung niên là 22% và người cao tuổi là 26%.&nbsp;</p><p><br></p><p>Nghiên cứu cũng chỉ ra rằng, đối với tình trạng suy giảm trí nhớ ở người trẻ tuổi, các yếu tố lối sống như căng thẳng, phải làm nhiều việc cùng lúc sẽ góp phần đáng kể gây khởi phát sớm của các vấn đề này.&nbsp;</p><p><br></p><h2><strong>Những dấu hiệu suy giảm trí nhớ ở người trẻ tuổi</strong></h2><p><br></p><p>Các biểu hiện thường gặp của suy giảm trí nhớ ở người trẻ tuổi bao gồm:&nbsp;</p><ul><li>Kém tập trung, thường xuyên lơ đãng trong công việc và học tập</li><li>Hay quên mọi thứ, khó ghi nhớ một thông tin mới</li><li>Giảm khả năng tư duy, khả năng nhìn nhận và đánh giá sự việc</li><li>Rối loạn hành vi như nhắc đi nhắc lại một câu nói, diễn đạt vòng vo do quên từ&nbsp;</li><li>Khó khăn trong việc nhận thức thời gian, địa điểm, vị trí của bản thân</li><li>Tâm lý, cảm xúc thay đổi bất thường (dễ nóng giận, phiền muộn, thờ ơ,…)</li></ul><p><br></p><h2><strong>Nguyên nhân giảm trí nhớ ở người trẻ tuổi&nbsp;</strong></h2><p><br></p><p>Có nhiều nguyên nhân khác nhau gây suy giảm trí nhớ ở người trẻ tuổi. Trong đó, nhiều nguyên nhân liên quan đến lối sống có thể được kiểm soát ngay từ khi còn trẻ.</p><p><br></p><h3>Thiếu ngủ gây nên tình trạng trí nhớ kém ở người trẻ</h3><p><br></p><p><img src=\"https://cdn.hellobacsi.com/wp-content/uploads/2021/07/thieu-ngu-la-nguyen-nhan-gay-suy-giam-tri-nho-o-nguoi-tre-tuoi.jpg\" alt=\"Thiếu ngủ là nguyên nhân gây suy giảm trí nhớ ở người trẻ tuổi\" height=\"667\" width=\"1000\"></p><p><br></p><p>Thiếu ngủ là nguyên nhân gây suy giảm trí nhớ thường gặp nhất. Việc thiếu ngủ, ngủ không ngon giấc có thể gây ảnh hưởng đến quá trình củng cố trí nhớ và lưu trữ thông tin ký ức tại vỏ não. Điều này khiến thông tin bị ngưng trệ dẫn đến mau quên. Ngoài ra, khi thiếu ngủ kéo dài và thường xuyên, bạn dễ cảm thấy mệt mỏi, tâm trạng thay đổi thất thường, đầu óc không tỉnh táo, từ đó gây ảnh hưởng đến khả năng ghi nhớ.</p><p><br></p><h3><strong>Làm việc quá sức</strong></h3><p>Phải làm quá nhiều việc cùng một lúc có thể khiến não bộ bị quá tải. Đây chính là một trong những nguyên nhân dẫn đến bệnh giảm trí nhớ ở người trẻ. Các chuyên gia khuyên rằng, bạn nên tập trung làm tốt việc này rồi mới đến việc khác, đồng thời nên ghi lại các việc cần làm ra một quyển sổ rồi thực hiện tuần tự.</p><p><br></p><h3><strong>Căng thẳng, trầm cảm có thể là nguyên nhân gây suy giảm trí nhớ ở người trẻ tuổi</strong></h3><p>Người thường xuyên bị căng thẳng hoặc lo lắng sẽ gặp nhiều khó khăn trong việc ghi nhớ những ký ức mới cũng như khơi gợi lại những ký ức cũ hơn người bình thường.</p><p><br></p><p>Ngoài ra, những dấu hiệu trầm cảm như buồn bã, mất tập trung hoặc giảm khoái cảm khi đạt được thành quả bạn từng mong ước, lâu dần sẽ góp phần gây nên tình trạng trí nhớ kém ở người trẻ tuổi.&nbsp;</p><p><br></p><h3><strong>Bệnh giảm trí nhớ ở người trẻ do lạm dụng rượu, bia</strong></h3><p>Uống quá nhiều rượu bia có thể ảnh hưởng đến trí nhớ ngắn hạn, ngay cả khi tác dụng của rượu đã hết. Các chuyên gia khuyến nghị bạn không nên uống quá 2 ly bia/ngày (đối với nam) và không quá 1 ly bia/ngày (đối với nữ).</p><p><br></p><p><img src=\"https://cdn.hellobacsi.com/wp-content/uploads/2021/07/bia-ruou-gay-suy-giam-tri-nho-o-nguoi-tre-tuoi.jpg\" alt=\"Bia rượu gây suy giảm trí nhớ ở người trẻ tuổi\" height=\"667\" width=\"1000\"></p><p><br></p><h3><strong>Dinh dưỡng không đầy đủ gây suy giảm trí nhớ ở người trẻ tuổi</strong></h3><p>Não bộ sẽ hoạt động tốt nhất nếu được cung cấp đầy đủ chất dinh dưỡng. Thiếu máu do thiếu sắt hay thiếu hụt vitamin B12 gây nên các biểu hiện như hoa mắt, lú lẫn, chậm chạp, thờ ơ…và dễ dẫn đến tình trạng suy giảm trí nhớ.</p><p><br></p><h3><strong>Các vấn đề sức khỏe gây tình trạng trí nhớ kém ở người trẻ tuổi</strong></h3><p>Ngoài các yếu tố lối sống, một số vấn đề sức khỏe cũng là nguyên nhân gây nên tình trạng suy giảm trí nhớ ở người trẻ tuổi, bao gồm:</p><p><br></p><ul><li>Suy giảm tuần hoàn máu não là tình trạng giảm lưu lượng máu tới não, dẫn tới giảm cung cấp oxy và dưỡng chất cần thiết cho các hoạt động của não bộ. Từ đó, tế bào thần kinh thiếu năng lượng và gây tác động xấu đến hiệu suất ghi nhớ cũng như khả năng nhận thức của người bệnh.</li><li>Rối loạn tuyến giáp có thể dẫn đến tình trạng rối loạn giấc ngủ và trầm cảm, gây ảnh hưởng đến trí nhớ.&nbsp;</li><li>Các bệnh liên quan đến não bộ khác như não úng thủy, khối u, tụ máu dưới màng cứng, thoái hoá thuỳ trán,…</li></ul><p><br></p><h2><strong>Làm thế nào để cải thiện tình trạng suy giảm trí nhớ ở người trẻ tuổi?</strong></h2><p><br></p><p>Lối sống lành mạnh từ lâu luôn được coi là phương pháp hiệu quả để điều trị nhiều bệnh, trong đó có cả suy giảm trí nhớ ở người trẻ tuổi. Bạn có thể tham khảo một số lưu ý trong lối sống và chế độ ăn uống sau đây để phòng ngừa bệnh và cải thiện trí nhớ.</p><p><br></p><h3><strong>Chế độ dinh dưỡng hợp lý</strong></h3><p><br></p><p>Bạn hãy cố gắng duy trì chế độ ăn uống hợp lý, giàu các chất dinh dưỡng tốt cho não bộ như:</p><ul><li>Trái cây, rau xanh, ngũ cốc nguyên hạt&nbsp;</li><li>Các nguồn protein ít chất béo, chẳng hạn như cá, đậu và thịt gia cầm đã bỏ da</li><li>Các loại thực phẩm chứa nhiều vitamin B, đặc biệt là vitamin B12 như trứng, sữa, thịt…</li></ul><p><br></p><p>Ngoài ra, bạn cần bạn chế sử dụng chất kích thích như rượu, bia, thuốc lá để ngăn ngừa nguy cơ suy giảm trí nhớ và lú lẫn.&nbsp;</p><p><br></p><h3><strong>Sử dụng thực phẩm chức năng giúp&nbsp;tăng cường trí nhớ</strong></h3><p>Người có các triệu chứng suy giảm trí nhớ có thể tham khảo ý kiến từ chuyên gia để sử dụng thêm một số loại thực phẩm chức năng giúp tăng cường trí nhớ. Đặc biệt lưu ý, đối với các bệnh nhân mắc suy giảm trí nhớ do các vấn đề sức khỏe hay đang dùng thuốc điều trị bệnh khác, cần tham khảo ý kiến bác sĩ trước khi dùng bất kỳ loại thuốc hoặc thực phẩm chức năng nào để tránh tình trạng tương tác thuốc.</p><p>Một số loại thực phẩm chức năng giúp tăng cường trí nhớ có thể kể đến như: Axit béo Omega-3, Huperzine A, Acetyl-L-carnitine, Vitamin E, nhân sâm châu Á… Tuy nhiên các thành phần này cần được nghiên cứu thêm về tính hiệu quả với tác dụng hỗ trợ tăng cường trí nhớ.</p><p><br></p><h3><strong>Xây dựng một lối sống lành mạnh</strong></h3><p><img src=\"https://cdn.hellobacsi.com/wp-content/uploads/2021/07/tap-the-duc-giup-cai-thien-suy-giam-tri-nho-o-nguoi-tre-tuoi.jpg\" alt=\"Tập thể dục giúp cải thiện suy giảm trí nhớ ở người trẻ tuổi\" height=\"667\" width=\"1000\"></p><p><br></p><p>Nền tảng sức khỏe tốt sẽ giúp bạn hạn chế tối đa tình trạng suy giảm trí nhớ ở người trẻ tuổi. Bạn có thể thực hiện các hoạt động sau đây để cải thiện sức khỏe tổng thể cũng như ngăn ngừa các nguyên nhân gây ảnh hưởng đến trí nhớ:</p><p><br></p><ul><li>Tập thể dục mỗi ngày giúp thúc đẩy tuần hoàn máu đến toàn bộ cơ thể, bao gồm cả não bộ. Việc tập thể dục ở cường độ vừa phải ít nhất 150 phút hoặc ở cường độ cao 75 phút một tuần giúp giữ cho trí nhớ của bạn luôn nhạy bén.</li><li>Tham gia các hoạt động xã hội, hoạt động vui chơi giải trí ngoài trời, hoạt động cùng hội nhóm sẽ giúp bạn tăng tương tác xã hội, vận động cơ thể và giải tỏa căng thẳng hiệu quả.</li><li>Rèn luyện thói quen đi ngủ đúng giờ, ngủ đủ giấc từ 7-9 tiếng mỗi ngày.</li><li>Kiểm soát tốt các yếu tố gây căng thẳng, lo âu</li><li>Sắp xếp công việc, học tập một cách khoa học</li><li>Các trò chơi trí tuệ như giải ô chữ, sudoku, cờ vua, cờ tướng hay thói quen đọc sách, tính nhẩm,… sẽ giúp rèn luyện khả năng ghi nhớ và tăng cường sự bền bỉ cho các tế bào thần kinh</li><li>Kiểm tra sức khỏe định kỳ để phát hiện sớm tình trạng suy giảm trí nhớ và có kế hoạch điều trị hiệu quả</li></ul><p><br></p>', NULL, '235523484', '2024-01-10 17:25:30', '13', '39', '1', '22', '2'),
('56', 'https://res.cloudinary.com/doccomming/image/upload/v1720607349/kkkcjjbwrser72odbl6c.png', 'Những triệu chứng của bệnh đa xơ cứng', 'Đa xơ cứng là bệnh làm rối loạn hệ thống miễn dịch, có nghĩa là khi bị bệnh này, hệ thống miễn dịch vốn được thiết kế để giữ cho cơ thể bạn khỏe mạnh lại tấn công nhầm vào các bộ phận quan trọng của cơ thể.', '<p>Đa xơ cứng là một bệnh có triệu chứng khó lường và thay đổi theo cường độ. Bệnh nhẹ thì cảm thấy mệt mỏi và tê liệt, còn các trường hợp nặng sẽ làm liệt, giảm thị lực và suy giảm chức năng não.</p><p><br></p><p><strong>Những dấu hiệu ban đầu của bệnh đa xơ cứng bao gồm:</strong></p><p><br></p><ul><li>Các vấn đề về thị lực</li><li>Ngứa ran và tê</li><li>Đau và co thắt</li><li>Yếu hoặc mệt mỏi</li><li>Mất cân bằng hoặc chóng mặt</li><li>Rối loạn chức năng bàng quang</li><li>Rối loạn chức năng tình dục</li><li>Rối loạn chức năng nhận thức</li></ul><p><br></p><h2><strong>Các triệu chứng bệnh đa xơ cứng</strong></h2><h3><strong>1. Các vấn đề về thị lực</strong></h3><p><br></p><p>Một trong những triệu chứng phổ biến nhất của bệnh đa xơ cứng là viêm thần kinh thị giác gây mờ mắt, hoa mắt hoặc thậm chí mất thị lực.</p><p>Các vấn đề về thị lực này thường không được nhận thấy ngay lập tức, vì đa xơ cứng ảnh hưởng đến tầm nhìn rất chậm.</p><p>Nếu thấy đau mắt khi nhìn lên hoặc nhìn sang hai bên, bạn nên đến bác sĩ để được thăm khám và chữa trị kịp thời.</p><p><br></p><h3><strong>2. Ngứa ran và tê</strong></h3><p><br></p><p><img src=\"https://cdn.hellobacsi.com/wp-content/uploads/2019/05/trieu-chung-benh-da-xo-cung-02-e1556178534713.png\" alt=\"Triệu chứng đa xơ cứng\" height=\"500\" width=\"750\"></p><p><br></p><p>Đa xơ cứng ảnh hưởng đến các dây thần kinh trong não và tủy sống. Khi bị đa xơ cứng, các tín hiệu mà não và tủy sống gửi đến các bộ phận của cơ thể có thể trở nên khó khăn hoặc biến mất hoàn toàn, dẫn đến tê liệt.</p><p>Cảm giác ngứa ran và tê là một trong những dấu hiệu cảnh báo phổ biến nhất của đa xơ cứng. Khi xuất hiện triệu chứng trên, người bệnh có cảm giác bỏng rát hoặc cảm thấy như có con gì bò trong da ở vùng mặt, cánh tay và chân.</p><p><br></p><h3><strong>3. Đau và co thắt</strong></h3><p>Đau mãn tính và co thắt các cơ bắp cũng xuất hiện trong đa xơ cứng. Những nơi bị ảnh hưởng thường là ở chân tay, cơ bắp và đặc biệt phần lưng.</p><p><br></p><p>Theo nghiên cứu của Hiệp hội Đa xơ cứng quốc gia Mỹ, trong 100 người bị đa xơ cứng thì có đến 50 người bị đau mãn tính kèm theo co thắt không cố định hoặc cứng ở cơ.</p><p><br></p><h3><strong>4. Yếu và mệt mỏi</strong></h3><p>Có khoảng 80% người mắc đa xơ cứng giai đoạn đầu cảm thấy mệt mỏi không rõ nguyên nhân và yếu đi.</p><p>Mệt mỏi xảy ra khi các dây thần kinh trong cột sống xấu đi do bị đa xơ cứng phá hủy. Thông thường, chúng xuất hiện đột ngột và kéo dài trong nhiều tuần, làm ảnh hưởng đến mọi hoạt động hàng ngày và sẽ không giảm bớt ngay cả bạn nghỉ ngơi hoặc đi ngủ.</p><p><br></p><h3><strong>5. Mất cân bằng và chóng mặt</strong></h3><p><img src=\"https://cdn.hellobacsi.com/wp-content/uploads/2019/05/trieu-chung-benh-da-xo-cung-01-e1556178569454.png\" alt=\"Mất cân bằng và chóng mặt\" height=\"500\" width=\"750\"></p><p><br></p><p>Chóng mặt và mất cân bằng có thể làm giảm khả năng vận động của người bị đa xơ cứng. Những người bị đa xơ cứng thường cảm thấy lâng lâng, chóng mặt hoặc như thể môi trường xung quanh họ đang quay cuồng. Triệu chứng này thường xảy ra khi bạn đứng lên.</p><p><br></p><h3><strong>6. Rối loạn chức năng bàng quang và ruột</strong></h3><p>Rối loạn chức năng bang quang ảnh hưởng đến 80% người bị đa xơ cứng, bao gồm đi tiểu thường xuyên, hay tiểu khó và thậm chí là đái dầm do không có khả năng giữ nước tiểu. Tuy nhiên, các triệu chứng này có thể kiểm soát được. Ngoài ra, người bị đa xơ cứng cũng có thể bị táo bón, tiêu chảy hay mất kiểm soát ruột.</p><p><br></p><h3><strong>7. Rối loạn chức năng tình dục</strong></h3><p>Kích thích tình dục cũng là một vấn đề đối với những người bị đa xơ cứng, nguyên nhân là do bệnh đa xơ cứng tấn công vào hệ thống thần kinh trung ương của người bệnh.</p><p><br></p><h3><strong>8. Rối loạn chức năng nhận thức</strong></h3><p>Khoảng một nửa số người bị đa xơ cứng sẽ phát triển các vấn đề về chức năng nhận thức của họ, bao gồm:</p><p><br></p><ul><li>Giảm trí nhớ</li><li>Mất tập trung</li><li>Khó nói</li></ul><p><br></p><h3><strong>9. Thay đổi cảm xúc</strong></h3><p>Đa xơ cứng sẽ làm cho người bệnh khó chịu, thay đổi tâm trạng dẫn đến trầm cảm hoặc hiệu ứng&nbsp;pseudobulbar (khóc và cười không kiểm soát).</p><p><br></p><p>Việc đối phó với các triệu chứng của đa xơ cứng cũng khiến cho trầm cảm và các rối loạn cảm xúc khác trở nên trầm trọng hơn.</p><p><br></p><h3><strong>10. Các triệu chứng khác</strong></h3><p>Không phải tất cả người bệnh bị đa xơ cứng sẽ có các triệu chứng giống nhau. Triệu chứng của bệnh sẽ thay đổi tùy thuộc và mức độ nặng nhẹ của bệnh hay những lần tái phát.</p><p><br></p><p>Ngoài những triệu chứng được đề cập ở trên, đa xơ cứng cũng sẽ gây ra:</p><ul><li>Mất thính lực</li><li>Co giật</li><li>Rung không kiểm soát</li><li>Khó thở</li><li>Nói lắp</li><li>Khó nuốt</li></ul><p><br></p><h2><strong>Bệnh đa xơ cứng có di truyền không?</strong></h2><p>Đa xơ cứng không di truyền. Tuy nhiên, bạn sẽ có nguy cơ mắc bệnh cao hơn nếu có người thân bị đa xơ cứng. Ví dụ: Một người bình thường sẽ có 0,1% cơ hội phát triển bệnh đa xơ cứng. Nhưng con số này sẽ nhảy vọt lên 2,5–5% nếu họ có anh, chị, em hoặc cha, mẹ bị bệnh này.</p><p><br></p><h2><strong>Chẩn đoán</strong></h2><p><br></p><p>Bác sĩ sẽ thực hiện các xét nghiệm để chẩn đoán đa xơ cứng, bao gồm:</p><ul><li><strong>Khám thần kinh:</strong>&nbsp;bác sĩ sẽ kiểm tra chức năng thần kinh có bị suy yếu</li><li><strong>Khám mắt:</strong>&nbsp;đánh giá thị lực và kiểm tra các bệnh về mắt</li><li><strong>Chụp cộng hưởng từ (MRI)</strong>: Xem các hình ảnh cắt ngang của não và tủy sống</li><li><strong>Chọc dò tủy sống:</strong>&nbsp;lấy cây kim dài đâm vào cột sống để kiểm tra dịch não tủy bên trong.</li></ul><p><br></p><p>Bệnh đa xơ cứng có thể kéo dài một vài tuần và sau đó biến mất. Tuy nhiên, khi bệnh tái phát thì sẽ trở nên tồi tệ và khó dự đoán hơn. Phát hiện sớm có thể giúp ngăn ngừa đa xơ cứng tiến triển nhanh chóng.</p><p><br></p>', NULL, '235523484', '2024-02-10 17:29:09', '13', '40', '1', '8', '1'),
('57', 'https://res.cloudinary.com/doccomming/image/upload/v1720607622/utfrxx9s3zr8qnip1guf.webp', '5 nhóm thực phẩm tăng cường hệ miễn dịch và tăng sức đề kháng', 'Sức đề kháng và khả năng miễn dịch tốt của cơ thể là yếu tố quan trọng để giúp một người khỏe mạnh. Có nhiều cách tăng cường hệ miễn dịch cho cơ thể. Trong đó, bổ sung các loại thực phẩm tăng cường hệ miễn dịch trong chế độ ăn uống thường ngày là cách làm được nhiều chuyên gia sức khỏe khuyến khích thực hiện. ', '<h2><strong>Hệ miễn dịch là gì?</strong></h2><p><br></p><p>Hệ miễn dịch (Immune System) là một hệ thống bao gồm các tế bào, mô và cơ quan trong cơ thể con người, có chức năng như một hàng rào bảo vệ, giúp cơ thể chống lại sự xâm nhập của vi khuẩn, vi rút, ký sinh trùng và các kháng nguyên lạ có khả năng gây bệnh từ bên ngoài.</p><p><br></p><p>Hệ thống miễn dịch ghi nhớ tất cả các loại vi khuẩn, vi rút và vi trùng mà nó từng gặp hoặc từng tiêu diệt. Sau đó, khi các mầm bệnh này tái xâm nhập cơ thể, hệ thống miễn dịch sẽ dễ dàng nhận ra và nhanh chóng tiêu diệt chúng.</p><p><br></p><p>Các chuyên gia nhận định rằng: ‘<em>Quả thật, không ai muốn bản thân mắc bệnh. Vậy nên việc tìm hiểu làm sao để tăng cường hệ miễn dịch cho cơ thể là một điều bình thường. Về mặt y khoa, để tăng cường sức đề kháng và cải thiện hệ miễn dịch, bạn cần tập thể dục thường xuyên, ngủ đủ giấc, duy trì cân nặng phù hợp (&lt; 30 BMI), không dùng chất kích thích và ưu tiên tiêu thụ các thực phẩm tốt cho hệ miễn dịch’</em>.</p><p>Vậy nhóm thực phẩm tăng cường hệ miễn dịch là nhóm nào? Nội dung tiếp theo HelloBacsi sẽ gợi ý cụ thể các nhóm thực phẩm tốt cho hệ miễn dịch.</p><p><br></p><h2><strong>5 nhóm thực phẩm tăng cường hệ miễn dịch</strong></h2><p><br></p><p><img src=\"https://cdn.hellobacsi.com/wp-content/uploads/2024/07/thuc-pham-tang-cuong-he-mien-dich_17231234.png\" alt=\"Nhóm thực phẩm tăng cường hệ miễn dịch cho cơ thể\" height=\"800\" width=\"1200\"></p><p><br></p><h3><strong>1. Các loại quả mọng là nhóm thực phẩm tăng cường hệ miễn dịch</strong></h3><p>Quả mọng (berries) là các loại trái cây nhỏ, ăn được trực tiếp, có nhiều thịt và mọng nước. Chúng thường có hình dáng tròn, nhiều nước, màu sắc bắt mắt, vị ngọt thanh. Một số loại có hậu vị chua nhẹ.</p><p><br></p><h3><strong>2. Trái cây họ cam, quýt là nhóm thực phẩm tăng cường hệ miễn dịch</strong></h3><p>Cam, chanh xanh, chanh vàng hay quýt là nhóm trái cây được các chuyên gia sức khỏe khuyến khích ăn, uống mỗi khi bạn cần phục hồi sức khỏe nhanh chóng.</p><p><br></p><p>Nhóm trái cây họ cam, quýt rất giàu vitamin C, có tác dụng tăng cường sức đề kháng và thúc đẩy hệ miễn dịch của cơ thể. Ngoài cam và quýt, một số loại trái cây và rau, củ, quả giàu vitamin C còn bao gồm ớt chuông, kiwi, bông cải xanh, cải brussels…</p><p><br></p><p><img src=\"https://cdn.hellobacsi.com/wp-content/uploads/2024/07/thuc-pham-tang-cuong-he-mien-dich_1723123309.png\" alt=\"Thực phẩm tăng cường hệ miễn dịch và sức đề kháng\" height=\"800\" width=\"1200\"></p><p><br></p><h3><strong>3. Các loại rau, củ, quả và đậu</strong></h3><p>Các loại rau, củ, quả như rau bina, bông cải xanh, đậu que, măng tây, ớt chuông, cà rốt, khoai lang, đậu lăng… là nguồn thực phẩm giàu beta-carotene, tiền chất của vitamin A.&nbsp;</p><p><br></p><h3><strong>4. Thực phẩm tăng cường hệ miễn dịch: Các loại hạt và ngũ cốc&nbsp;</strong></h3><p><br></p><p>Các loại hạt và ngũ cốc giàu protein thực vật, vitamin E và kẽm. Đây chính là những chất giúp tăng cường hệ thống miễn dịch của cơ thể. Vitamin E có vai trò tương đương như một chất chống oxy hóa tự nhiên, kẽm và protein hỗ trợ hệ thống miễn dịch hoạt động hiệu quả hơn.</p><p><br></p><p>Để bổ sung các chất dinh dưỡng này, bạn hãy thêm vào thực đơn ăn uống của mình các loại hạt và ngũ cốc như: Hạt óc chó, hạt hướng dương, hạnh nhân hoặc bơ đậu phộng… Nếu bạn đang giảm cân, hãy chỉ ăn một lượng ăn vừa đủ, vì các loại hạt giàu dinh dưỡng này tương đối nhiều calo.</p><p><br></p><p><img src=\"https://cdn.hellobacsi.com/wp-content/uploads/2024/07/thuc-pham-tang-cuong-he-mien-dich_1723123677.png\" alt=\"Các loại hạt và ngũ cốc rất giàu dinh dưỡng, vừa có chất béo tốt vừa chứa nhiều vitamin\" height=\"800\" width=\"1200\"></p><p><br></p><h3><strong>5. Nhóm thực phẩm tốt cho đường ruột</strong></h3><p><br></p><p>Nhóm thực phẩm tốt cho đường ruột phần lớn là các thực phẩm giàu chất xơ và thực phẩm giàu probiotic. Hai nhóm thực phẩm này đã được chứng minh là có công dụng tốt cho hệ tiêu hóa vì nó giúp tăng cường lợi khuẩn cho đường ruột. Đây cũng là yếu tố khiến chúng trở thành nhóm thực phẩm tăng cường hệ miễn dịch được nhiều chuyên gia dinh dưỡng khuyến khích sử dụng.</p><p><br></p><p>Nhìn chung, có 2 cách để bạn bổ sung chất xơ và probiotic, đó là thông qua thực phẩm ăn trực tiếp hoặc uống các loại thức uống bổ sung probiotic. Tùy theo nhu cầu và chế độ ăn uống của bản thân mà bạn chọn cách phù hợp.</p><p><br></p><p>Dưới đây là các thực phẩm thuộc hai nhóm thực phẩm giàu chất xơ và probiotic:</p><p><br></p><p><strong>Nhóm thực phẩm giàu chất xơ (prebiotic fiber):</strong> Chuối, măng tây, hành, tỏi, yến mạch, các loại đậu (xanh, đỏ, đen, hà lan) hoặc các loại rau xanh đậm màu như rau muống, xà lách, cải thìa, cải bó xôi, bông cải xanh…</p><p><br></p><p><strong>Nhóm thực phẩm có nhiều lợi khuẩn (probiotic): </strong>Sữa chua không đường, trà kombucha, dưa chua, kim chi, các món ngâm có vị chua, nước mía lên men…</p><p><br></p><p><img src=\"https://cdn.hellobacsi.com/wp-content/uploads/2024/07/thuc-pham-tang-cuong-he-mien-dich_1723123.png\" alt=\"Thực phẩm tăng cường hệ miễn dịch\" height=\"800\" width=\"1200\"></p><p><br></p><h2><strong>Câu hỏi thường gặp</strong></h2><h3><strong>Triệu chứng bị suy giảm hệ miễn dịch là gì?</strong></h3><p><br></p><p>Triệu chứng thường gặp khi bị suy giảm miễn dịch bao gồm:</p><p><br></p><ul><li>Bị sốt không rõ nguyên nhân</li><li>Cảm lạnh</li><li>Tiêu chảy</li><li>Nhiễm trùng tái đi tái lại</li><li>Nặng hơn là các triệu chứng viêm phổi, viêm kết mạc.</li></ul><p><br></p><p>Trong đó, triệu chứng điển hình nhất của tình trạng suy giảm hệ thống miễn dịch là triệu chứng nhiễm trùng tái đi tái lại.</p><p><br></p><p><img src=\"https://cdn.hellobacsi.com/wp-content/uploads/2024/07/thuc-pham-tang-cuong-he-mien-dich_17231230.png\" alt=\"Dễ bị cảm lạnh là triệu chứng thường gặp khi cơ thể bị suy giảm hệ miễn dịch\" height=\"800\" width=\"1200\"></p><p><br></p><h3><strong>Ăn gì để tăng hệ miễn dịch cho người lớn?</strong></h3><p>Để tăng cường hệ miễn dịch cho người lớn, bạn hãy ưu tiên ăn các thực phẩm mà HelloBacsi đã gợi ý trên, bao gồm: Các loại quả mọng, trái cây họ cam quýt, trái cây giàu vitamin C, nhóm thực phẩm giàu chất xơ, giàu probiotic và các loại hạt ngũ cốc.</p><p><br></p><p><br></p>', NULL, '235523484', '2024-03-10 17:33:42', '14', '41', '1', '6', '2'),
('58', 'https://res.cloudinary.com/doccomming/image/upload/v1720607865/emxobdh0lfmmag2cpmml.jpg', 'Sinh tố bơ bao nhiêu calo? 5 công thức làm sinh tố bơ thơm ngon, bổ dưỡng', 'Mặc dù rất nhiều người yêu thích sinh tố bơ bởi vị béo ngậy hấp dẫn của nó, nhưng cũng không ít người thắc mắc sinh tố bơ bao nhiêu calo vì lo lắng việc tăng cân. Vậy 1 cốc sinh tố bơ bao nhiêu calo và uống có béo không?', '<h2><strong>Sinh tố bơ bao nhiêu calo?</strong></h2><p><br></p><p>Bơ là thực phẩm giàu chất xơ, chứa nhiều chất béo lành mạnh, không làm tăng cholesterol trong máu nên rất phổ biến trong chế độ ăn chay và ăn ít carbohydrate cho bệnh nhân tiểu đường.</p><p><br></p><p>Hơn nữa, loại trái cây còn giúp cơ thể hấp thụ các chất dinh dưỡng hòa tan trong chất béo như vitamin A, D, E và K. Trên thực tế, bơ chứa hơn 20 loại vitamin và khoáng chất giàu chất chống oxy hóa, giúp chống lại các gốc tự do gây tổn thương tế bào trong cơ thể.</p><p><br></p><p>Giải đáp cho câu hỏi 1 ly sinh tố bơ bao nhiêu calo, theo Culinary Medicine một ly sinh tố khoảng 250ml pha theo công thức mẫu có chứa:</p><ul><li><br></li><li>Lượng calo: 250</li><li>Lượng chất béo: 15g</li><li>Cholesterol: 5mg</li><li>Sodium: 45mg</li><li>Carbohydrates: 23g</li><li>Đường: 15g</li><li>Chất xơ: 7g</li><li>Protein: 7g</li><li>Vitamin A: 4%</li><li>Canxi: 15%</li><li>Sắt: 4%</li></ul><p><br></p><p>Tuy nhiên, số lượng calo trong mỗi ly sinh tố bơ cụ thể có thể khác nhau tùy thuộc vào kích thước và thành phần chính của sinh tố, cũng như cách chuẩn bị và các thành phần khác được thêm vào. Việc sử dụng sữa, đường, kem, hay các thành phần bổ sung khác trong sinh tố cũng sẽ ảnh hưởng đến lượng calo.</p><p><br></p><h2><strong>Uống sinh tố bơ có béo không?</strong></h2><p><br></p><p>Bản chất bơ cung cấp chất béo không bão hòa đơn lành mạnh, thực sự tốt cho tim mạch và hỗ trợ cho quá trình giảm cân, cũng như cung cấp năng lượng cho các hoạt động hằng ngày. Cụ thể một quả bơ cỡ vừa chứa khoảng 240 calo, 13 gam carbohydrate, 3 gam protein, 22 gam chất béo (15 gam không bão hòa đơn, 4 gam không bão hòa đa, 3 gam bão hòa), 10 gam chất xơ và 11 miligam natri. Cùng với mức natri thấp, bơ không chứa cholesterol.</p><p><br></p><p><img src=\"https://cdn.hellobacsi.com/wp-content/uploads/2023/07/sinh-to-bo-bao-nhieu-calo-2.jpeg\" alt=\"Giải đáp 1 ly sinh tố bơ bao nhiêu calo\" height=\"668\" width=\"1000\"></p><p><br></p><p>Vậy nên việc “uống sinh tố bơ có béo không” hay “sinh tố bơ bao nhiêu calo” còn tuỳ thuộc vào nhiều yếu tố khác như:</p><ul><li>Lượng đường và sữa cùng các nguyên liệu thêm vào&nbsp;trong công thức làm sinh tố</li><li>Lượng sinh tố bơ tiêu thụ</li><li>Tổng lượng calo và cân bằng năng lượng nạp trong ngày từ các thức ăn khác.</li><li>Chế độ tập luyện thể dục thể thao</li></ul><p><br></p><p>Do đó, uống sinh tố bơ không làm bạn tăng cân nếu công thức pha chế được điều chỉnh phù hợp và lành mạnh, đảm bảo được tổng lượng calo và cân bằng năng lượng không bị dư thừa, giúp bạn có thể thưởng thức và tận dụng lợi ích của bơ mang lại cho sức khỏe.</p><p><br></p><h2><strong>5 cách làm sinh tố bơ lành mạnh</strong></h2><p><br></p><p>Sinh tố bơ bao nhiêu calo không phải là điều đáng lo, thay vào đó bạn nên chú ý vào công thức pha chế cùng lượng đường sữa mà bạn cho vào khi xay sinh tố. Để thay đổi và làm đa dạng sinh tố bơ lành mạnh cho sức khoẻ mà không làm tăng cân, bạn có thể tham khảo 5 công thức cách làm sinh tố bơ qua bài viết sau:</p><p><br></p><h3><strong>1. Sinh tố bơ sữa chua</strong></h3><p>Sữa chua chứa các men vi sinh, lợi khuẩn cho đường ruột hay còn gọi là probiotic, vì vậy sinh tố bơ sữa chua không những tốt cho vòng eo bên ngoài mà còn có lợi cho hệ tiêu hoá bên trong của bạn.</p><p><br></p><p><strong>Nguyên liệu làm sinh tố bơ sữa chua</strong></p><ul><li>1/2 hoặc 1 quả bơ</li><li>1 hộp sữa chua</li><li>Đá viên lạnh</li></ul><p><br></p><p><strong>Cách thực hiện</strong></p><ul><li>Bước 1: Cắt dọc quả bơ, rồi lột vỏ lấy thịt và bỏ hạt</li><li>Bước 2: Sử dụng máy xay sinh tố để xay nhuyễn tất cả các nguyên liệu bơ, sữa chua và đá</li><li>Bước 3: Đổ sinh tố vào ly và thưởng thức</li></ul><p><br></p><p>Nếu không có máy xay sinh tố, bạn có thể dằm nát ra và đánh thật nhuyễn để có ly sinh tố giàu chất dinh dưỡng, giúp giảm cân lành mạnh.</p><h3><br></h3><h3><strong>2. Sinh tố bơ chuối</strong></h3><p><img src=\"https://cdn.hellobacsi.com/wp-content/uploads/2023/07/sinh-to-bo-bao-nhieu-calo-3.jpg\" alt=\"1 ly sinh tố bơ chuối bao nhiêu calo\" height=\"667\" width=\"1000\"></p><p><br></p><p>Chuối là thực phẩm giàu chất xơ, cung cấp đầy đủ carbohydrate và kali để cơ bắp có thể hoạt động tốt, giúp tăng cơ và sức bền cho những người hoạt động thể dục thể thao. Do đó, bạn không nên bỏ qua công thức làm ly sinh tố bơ chuối vừa đơn giản, vừa bổ sung nhiều vitamin và các chất dinh dưỡng khác.</p><p><br></p><p><strong>Nguyên liệu làm sinh tố bơ chuối</strong></p><ul><li>1 quả chuối</li><li>1 quả bơ</li><li>150ml sữa tươi không đường</li><li>20ml sữa đặc</li><li>Một ít đá bào</li></ul><p><br></p><p><strong>Cách thực hiện</strong></p><ul><li>Bước 1: Lột vỏ chuối rồi cắt từng miếng nhỏ, cắt đôi trái bơ theo chiều dọc rồi lấy phần thịt, bỏ hạt</li><li>Bước 2: Xay nhuyễn hỗn hợp bơ, chuối, bơ, sữa tươi, sữa đặc và đá bào bằng máy xay sinh tố</li><li>Bước 3: Cho sinh tố vào ly và bắt đầu thưởng thức</li></ul><p><br></p><p>Để tăng thêm hương vị và làm sinh tố thêm bắt mắt, bạn có thể rắc thêm kiwi, quả mâm xôi hoặc quả óc chó lên trên. Vị béo của bơ hoà quyện với vị ngọt của chuối rất hợp khi mix với nhau.</p><p><br></p><h3><strong>3. Sinh tố bơ dâu</strong></h3><p><img src=\"https://cdn.hellobacsi.com/wp-content/uploads/2023/07/sinh-to-bo-dau.jpg\" alt=\"sinh tố bơ dâu\" height=\"667\" width=\"1000\"></p><p><br></p><p>Dâu tây không những làm chậm quá trình lão hóa mà còn làm giảm nguy cơ ung thư nhờ giàu vitamin C (cụ thể 20 mg trong 2 quả dâu). Trái dâu mọng nước, chua ngọt sẽ giúp cân bằng vị béo của bơ, đây là sự kết hợp hoàn hảo cho ly sinh tố lành mạnh tốt cho sức khoẻ.</p><p><br></p><p><strong>Nguyên liệu làm sinh tố bơ dâu</strong></p><ul><li>100g dâu tây</li><li>1 quả bơ</li><li>100ml sữa tươi không đường</li><li>10ml sữa đặc</li><li>Đá bào</li></ul><p><br></p><p><strong>Cách thực hiện</strong></p><ul><li>Bước 1: Cắt trái bơ làm đôi, dùng muỗng lấy phần thịt bơ rồi bỏ hạt. Dâu tây rửa sạch, rồi cắt miếng nhỏ.</li><li>Bước 2: Dùng máy xay sinh tố xay nhuyễn tất cả nguyên liệu dâu tây, bơ, sữa, đá bào.</li><li>Bước 3: Đổ ra ly và bắt đầu thưởng thức.</li></ul><p><br></p><h3><strong>4. Sinh tố bơ xoài</strong></h3><p><img src=\"https://cdn.hellobacsi.com/wp-content/uploads/2023/07/sinh-to-bo-xoai.jpg\" alt=\"sinh tố bơ xoài\" height=\"667\" width=\"1000\"></p><p><br></p><p>Xoài là loại trái cây có lượng calo thấp, chứa hơn 20 loại vitamin và khoáng chất khác nhau, chỉ với 3/4 cốc xoài đã có thể cung cấp 50% lượng vitamin C, 8% lượng Vitamin A và 8% lượng vitamin B6 hàng ngày. Đây chính là “siêu thực phẩm” bạn không nên bỏ qua để có một ly sinh tố tốt cho sức khoẻ mà không còn đắn đo sinh tố bơ bao nhiêu calo.</p><p><br></p><p><strong>Nguyên liệu làm sinh tố bơ xoài</strong></p><ul><li>1/2 quả xoài chín</li><li>1 quả bơ</li><li>100ml sữa tươi không đường</li><li>Một ít đá viên</li></ul><p><br></p><p><strong>Cách thực hiện</strong></p><ul><li>Bước 1: Gọt bỏ vỏ xoài rồi cắt thành miếng nhỏ, đồng thời trái bơ cũng lột bỏ vỏ và hạt</li><li>Bước 2: Xay nhuyễn hỗn hợp bơ, xoài chín, sữa, đá bằng máy xay sinh tố</li><li>Bước 3: Đổ ra ly và thưởng thức</li></ul><p><br></p><h3><strong>5. Sinh tố bơ mãng cầu</strong></h3><p>Bạn sẽ không cần phải lo lắng sinh tố bơ bao nhiêu calo hay việc uống sinh tố tăng cân, bởi 100g mãng cầu chỉ chứa 66g calo, giàu chất xơ (3.3g) và carbohydrate (17g). Hơn nữa, hương vị chua ngọt và béo ngậy của sinh tố mãng cầu cũng rất hấp dẫn để thưởng thức.</p><p><br></p><p><strong>Nguyên liệu làm sinh tố bơ mãng cầu</strong></p><ul><li>1 quả bơ</li><li>1/2 quả mãng cầu</li><li>100ml sữa tươi</li><li>Đá bào hoặc đá viên</li></ul><p><br></p><p><strong>Cách thực hiện</strong></p><ul><li>Bước 1: Bỏ hết phần vỏ của trái bơ và mãng cầu, lọc hết hạt, chỉ lấy phần thịt</li><li>Bước 2: Dùng máy sinh tố xay xay nhuyễn hỗn hợp bơ, sữa, mãng cầu</li><li>Bước 3:&nbsp;Cho vào ly và thưởng thức.</li></ul><p><br></p><p><span style=\"color: rgb(38, 38, 38);\">Hy vọng bạn đọc đã giải đáp được thắc mắc sinh tố bơ bao nhiêu calo, cũng như có thêm công thức pha chế đa dạng loại sinh tố bơ vừa giảm cân lành mạnh, vừa tốt cho sức khoẻ!</span></p>', NULL, '235523484', '2024-04-10 17:37:45', '14', '42', '1', NULL, '2'),
('59', 'https://res.cloudinary.com/doccomming/image/upload/v1720608170/zyuculgr28snxiifjak8.jpg', '100g yến mạch bao nhiêu calo? Cách ăn yến mạch giảm cân', 'Yến mạch (oat) là một loại ngũ cốc giàu dinh dưỡng và có hàm lượng calo tương đối thấp. Do đó, yến mạch thường được dùng như một thực phẩm để hỗ trợ giảm cân và cung cấp dinh dưỡng cho cơ thể.', '<h2><strong>100g yến mạch bao nhiêu calo và bao nhiêu protein?</strong></h2><p><br></p><p>Giá trị dinh dưỡng của yến mạch trong 100g sẽ chênh lệch giữa các loại yến mạch và thương hiệu sản phẩm khác nhau.</p><p><br></p><p><strong>Yến mạch có các dạng như:</strong></p><ul><li>Yến mạch nguyên hạt (Oat groats)</li><li>Yến mạch cắt nhỏ (Steel-cut oats)</li><li>Yến mạch cán vỡ (Quick oats)</li><li>Yến mạch ăn liền (Instant oats)</li><li>Yến mạch cán dẹt (Rolled oats)</li><li>Bột yến mạch (Oatmeal)</li><li>Cám yến mạch (Oat Bran).</li></ul><p><br></p><p>Trong đó, yến mạch cán dẹt (rolled oats) và yến mạch ăn liền (instant oats) là hai loại thông dụng. Đây là loại yến mạch ăn liền, bạn chỉ cần nấu nhanh trong 1 phút là có thể thưởng thức.</p><p><br></p><p><img src=\"https://cdn.hellobacsi.com/wp-content/uploads/2024/03/100g-yen-mach-bao-nhieu-calo_19932926.jpg\" alt=\"100g yến mạch bao nhiêu calo\" height=\"800\" width=\"1200\"></p><p><br></p><h3><strong>Giá trị dinh dưỡng trong 100g yến mạch</strong></h3><p>Về mặt dinh dưỡng, yến mạch là thực phẩm giàu chất xơ, vitamin, khoáng chất. Đặc biệt, beta glucan trong yến mạch là hợp chất có tác dụng giúp ổn định đường huyết và giảm hấp thu cholesterol, tốt cho sức khỏe tim mạch và tăng cường hệ miễn dịch.</p><p><br></p><p><strong>Giá trị dinh dưỡng có trong 100g yến mạch:</strong></p><ul><li>Calo: 379 – 389 calo</li><li>Tổng chất béo: 6.5g</li><li>Carbohydrate: 67.7g</li><li>Chất xơ: 10.1g</li><li>Protein: 13.2g</li><li>Canxi: 52mg</li><li>Sắt: 4.25mg</li><li>Natri: 2 mg</li><li>Kali: 429 mg.</li></ul><p><br></p><h2><strong>Lợi ích của yến mạch đối với sức khỏe</strong></h2><p>Kết quả nghiên cứu về các lợi ích của yến mạch đối với sức khỏe được đăng tải trên Thư viện Y học quốc gia Hoa Kỳ – NIH cho biết yến mạch có những khả năng sau:</p><p><br></p><ul><li><strong>Làm giảm cholesterol, tốt cho tim mạch:&nbsp;</strong>Yến mạch chứa hàm lượng chất xơ hoà tan cao, giúp làm chậm quá trình hấp thụ chất béo và cholesterol trong máu.</li><li><strong>Ngăn ngừa bệnh tiểu đường và ổn định huyết áp:&nbsp;</strong>Cũng với hàm lượng chất xơ cao, các chuyên gia nhận thấy, ăn yến mạch giúp giảm insulin, hỗ trợ cân bằng và ổn định đường huyết.</li><li><strong>Tốt cho sức khỏe của bệnh nhân celiac&nbsp;(không dung nạp gluten):</strong>&nbsp;Trong số các thực phẩm không chứa gluten, yến mạch là thực phẩm đảm bảo các tiêu chí dinh dưỡng về chất xơ, protein và chất béo tốt. Vì vậy, đây là thực phẩm hữu ích đối với bệnh nhân celiac.</li><li><strong>Hỗ trợ hệ tiêu hoá và giảm táo bón hiệu quả:&nbsp;</strong>Ăn yến mạch giúp cho quá trình tiêu hóa thuận lợi hơn. Chất xơ hòa tan trong yến mạch giúp giảm tình trạng táo bón</li><li><strong>Yến mạch ngăn ngừa bệnh thiếu máu:</strong>&nbsp;Trong yến mạch có chứa sắt, giúp thúc đẩy quá trình hình thành hemoglobin – thành phần chính trong các tế bào hồng cầu, nhờ vậy mà giúp cơ thể ngăn ngừa bệnh thiếu máu.</li><li><strong>Tốt cho hệ thần kinh và tăng cường trí nhớ:</strong>&nbsp;Vitamin B, kẽm, sắt có trong yến mạch là các thành phần tốt cho não bộ và trí nhớ.</li><li><strong>Yến mạch giúp giảm cân nhanh, an toàn:</strong>&nbsp;Ăn yến mạch tạo cảm giác no lâu, đồng thời hàm lượng calo có trong yến mạch cũng thấp nên đây sẽ là một thực phẩm tốt để ăn kiêng.</li><li><strong>Yến mạch tốt cho sức khỏe làn da:&nbsp;</strong>Theo các chuyên gia da liễu, ngoài đặc tính tẩy tế bào chết&nbsp;và làm sạch da, yến mạch còn có công dụng chống vi khuẩn, ngăn ngừa mụn trứng cá và các bệnh nhiễm trùng da.</li></ul><p><br></p><p>Đối với phụ nữ, yến mạch là thực phẩm giúp hỗ trợ giảm cân hiệu quả. Lý do là vì yến mạch chứa hàm lượng chất xơ cao nên tạo cảm giác no lâu, ít bị thèm ăn. Ngoài ra, chỉ số đường huyết của yến mạch cũng thấp nên sẽ giúp kiểm soát lượng đường trong máu an toàn hơn.</p><p><br></p><p><img src=\"https://cdn.hellobacsi.com/wp-content/uploads/2024/03/100g-yen-mach-bao-nhieu-calo_19932928.jpg\" height=\"800\" width=\"1200\"></p><p><br></p><h2><strong>Gợi ý thực đơn giảm cân với yến mạch trong 1 tuần</strong></h2><p><br></p><h3>Ngày 1: Cháo yến mạch thịt bằm</h3><ul><li><strong>Bữa sáng:&nbsp;</strong>Cháo yến mạch + 1 quả chuối</li><li><strong>Bữa trưa:&nbsp;</strong>Cháo yến mạch thịt băm + Sinh tố bơ</li><li><strong>Bữa tối:&nbsp;</strong>Salad rau củ + 1 quả táo.</li></ul><p><br></p><h3>Ngày 2: Cháo yến mạch bí đỏ</h3><ul><li><strong>Bữa sáng:&nbsp;</strong>Bánh mì đen + trứng ốp la + 1 cốc sinh tố chuối</li><li><strong>Bữa trưa:</strong>&nbsp;Cháo yến mạch nấu cùng bí đỏ.</li><li><strong>Bữa tối:</strong>&nbsp;Salad rau củ ức gà + 1 quả lê (quả táo).</li></ul><p><br></p><h3>Ngày 3: Yến mạch nấu sữa tươi không đường</h3><ul><li><strong>Bữa sáng:&nbsp;</strong>Yến mạch nấu cùng sữa tươi không đường.</li><li><strong>Bữa trưa:&nbsp;</strong>Yến mạch pha loãng + rau củ luộc + 2 quả trứng luộc.</li><li><strong>Bữa tối:</strong>&nbsp;Ức gà xé + rau súp lơ xanh luộc + 1 quả táo.</li></ul><p><br></p><h3>Ngày 4: Yến mạch nấu với trứng gà</h3><ul><li><strong>Bữa sáng:&nbsp;</strong>Yến mạch nấu với trứng gà + 1 cốc sữa tươi không đường.</li><li><strong>Bữa trưa:&nbsp;</strong>Thịt bò áp chảo + rau củ luộc</li><li><strong>Bữa tối:&nbsp;</strong>1 bát yến mạch + 1 quả dưa chuột + cà rốt luộc.</li></ul><p><br></p><h3>Ngày 5: Yến mạch kết hợp với sữa tươi, hoa quả</h3><ul><li><strong>Bữa sáng:&nbsp;</strong>Yến mạch kết hợp với sữa tươi, hoa quả + 1 quả trứng luộc.</li><li><strong>Bữa trưa:</strong>&nbsp;Salad cá ngừ + 1 cốc sinh tố bơ.</li><li><strong>Bữa tối:</strong>&nbsp;Thịt bò áp chảo + rau củ luộc + 1 ly nước cam.</li></ul><p><br></p><h3>Ngày 6: Cháo yến mạch cà rốt thịt bằm</h3><ul><li><strong>Bữa sáng:&nbsp;</strong>Cháo yến mạch cà rốt thịt bằm + 1 ly sữa ấm.</li><li><strong>Bữa trưa:&nbsp;</strong>Cháo yến mạch tôm thịt.</li><li><strong>Bữa tối:</strong>&nbsp;Salad + 1 bát cháo yến mạch thịt bằm.</li></ul><p><br></p><h3>Ngày 7: Cháo yến mạch thịt bò</h3><ul><li><strong>Bữa sáng:</strong> 1 ly sinh tố chuối bơ + 1 quả trứng luộc.</li><li><strong>Bữa trưa: </strong>Cháo yến mạch thịt bò + rau củ luộc.</li><li><strong>Bữa tối: </strong>Salad gà ngô + 1 ly nước ép táo.</li></ul><p><br></p><h2><strong>Các câu hỏi thường gặp</strong></h2><h3><strong>100g yến mạch ăn liền bao nhiêu calo?</strong></h3><p><br></p><p>Yến mạch ăn liền (Instant oats) là dạng yến mạch mà bạn chỉ cần cho nước sôi vào hoặc để vào lò vi sóng trong 1 phút là có thể ăn được ngay. Trong&nbsp;100g yến mạch ăn liền có chứa <strong>khoảng 400 calo, 12.5g protein và 7.5g fat.</strong></p><p><br></p><h3><strong>100g yến mạch cán dẹt bao nhiêu calo?</strong></h3><p><br></p><p>Yến mạch cán dẹp (Rolled oats) là loại yến mạch được loại bỏ lớp vỏ bên ngoài, hấp và cán phẳng sau đó sấy khô trong lò. Quá trình này làm cho yến mạch thơm hơn, khử các hoạt tính enzyme gây ôi thiu nên có thể bảo quản lâu hơn. Trong&nbsp;100g yến mạch cán dẹt có chứa <strong>khoảng 350 calo, 12.5g protein và 6.3g fat.</strong></p>', NULL, '235523484', '2024-06-10 17:42:50', '14', '43', '1', NULL, '2'),
('60', 'https://res.cloudinary.com/doccomming/image/upload/v1720608342/tvgmxrba9quj7nspex9k.webp', 'Bulgarian split squat là gì? Cách tập bulgarian split squat hiệu quả', 'Bulgarian Split Squat là bài tập biến thể của squat với tư thế một chân squat và một chân còn lại đặt phía sau trên ghế (hoặc ghế bench). Bạn có biết bài tập này tác động chính vào nhóm cơ nào không?', '<h2><strong>Bulgarian split squat là gì?</strong></h2><p><br></p><p>Bài tập tác động chính vào nhóm cơ đùi trước, hay còn gọi là cơ tứ đầu (quadriceps – quads) và tác động một phần vào toàn bộ các cơ thuộc phần thân dưới (lower body). Ngoài ra, bulgarian split squat được xem là bài tập đòi hỏi khả năng giữ thăng bằng và kỹ thuật tập luyện.&nbsp;</p><p><br></p><h3><strong>Tập bulgarian split squat tốt cho nhóm cơ nào?</strong></h3><p><br></p><p>Do sự phức hợp của bài tập bulgarian split squat nên nó không chỉ <strong>tác động chính vào cơ đùi trước</strong>, mà còn tác động vào rất nhiều nhóm cơ lớn nhỏ khác nhau ở toàn bộ phần chân&nbsp;bao gồm: Cơ đùi sau, cơ mông, hông, bắp chân và cẳng chân.</p><p><br></p><p>Chưa kể, để có thể giữ thăng bằng tốt khi thực hiện bài tập này, bạn còn phải sử dụng vùng cơ core (cơ lõi/cơ bụng/ cơ hoành) và cơ lưng (phần cơ chạy dọc cột sống) để gia tăng sự thăng bằng và phát lực mạnh hơn khi tập.&nbsp;</p><p><br></p><p><img src=\"https://cdn.hellobacsi.com/wp-content/uploads/2024/06/bulgarian-split-squat-la-gi-57482.png\" alt=\"Bài tập tác động chính vào nhóm cơ đùi trước\" height=\"800\" width=\"1200\">Bài tập tác động chính vào nhóm cơ đùi trước và một số nhóm cơ khác như cơ tứ đầu, cơ đùi sau, mông và các khớp hông, gối và cổ chân</p><p><br></p><h2><strong>Lợi ích của bài tập Bulgarian split squat là gì?</strong></h2><p><br></p><p>Tập bulgarian split squat cũng mang lại những lợi ích tương tự như squat, cũng giúp tăng sức mạnh cơ đùi, phát triển cơ đùi và đốt cháy calo. Tuy nhiên, tập bulgarian split squat còn mang đến một số lợi ích khác biệt như <strong style=\"font-size: 13px;\">tăng khả năng giữ thăng bằng, tập trung tác động vào cơ đùi trước, cải thiện độ cân đối cơ bắp và lực phát giữa hai chân.</strong></p><p><br></p><p>Nếu duy trì tập luyện trong thời gian dài, khả năng giữ thăng bằng của bạn sẽ trở nên tốt hơn, bạn ít khi bị ngã hơn, đứng vững hơn và các khớp cũng linh hoạt hơn.Vì để tập được bài tập này, phạm vi chuyển động (ROM – Range of motion) của khớp gối, khớp hông và khớp cổ chân phải buộc phải tăng lên theo thời gian (hoặc phải tập bài tập bổ trợ).</p><p><br></p><h2><strong>Cách tập Bulgarian split squat đúng kỹ thuật</strong></h2><p><br></p><p>Đọc đến đây, có lẽ bạn cũng đã hiểu được phần nào về bài tập bulgarian split squat là gì và lợi ích đặc biệt mà nó mang lại. Tiếp theo, nội dung quan trọng mà bạn cần lưu ý là hướng dẫn cách tập bulgarian split squat đúng kỹ thuật.</p><p><br></p><p><img src=\"https://cdn.hellobacsi.com/wp-content/uploads/2024/06/bulgarian-split-squat-la-gi-574823.png\" alt=\"Hướng dẫn cách tập bulgarian split squat đúng kỹ thuật và hiệu quả\" height=\"800\" width=\"1200\">Hướng dẫn cách tập bulgarian split squat đúng kỹ thuật và hiệu quả</p><p><br></p><p>Để thực hiện bài tập, bạn hãy thực hiện theo tuần tự các bước sau:</p><p><br></p><h3><strong>Bước 1: Chuẩn bị dụng cụ và tư thế ban đầu</strong></h3><ul><li><strong>Dụng cụ:&nbsp;</strong>Một cái ghế băng hoặc một cái bục với độ cao tầm ngang gối.</li><li><strong>Tư thế ban đầu:</strong>&nbsp;Đứng trước ghế, lưng hướng về ghế, hai chân rộng bằng vai. Đặt một chân lên ghế, ngồi xuống ghế đè lên chân đó, chân còn lại đưa thẳng ra phía trước sao cho gót chân chạm sàn, sau đó đứng thẳng lên về phía trước.</li></ul><h3><br></h3><h3><strong>Bước 2: Điều chỉnh vị trí</strong></h3><ul><li><strong>Khoảng cách chân:</strong>&nbsp;Khoảng cách chiều ngang giữa hai chân nên rộng bằng vai, không quá hẹp và cũng không quá rộng. Khoảng cách chiều dọc giữa hai chân vừa đủ để bạn gập gối mà không cảm thấy bị chèn ép các khớp.</li><li><strong>Thăng bằng:&nbsp;</strong>Để giữa cơ thể thăng bằng, bạn cần hướng mắt nhìn thẳng, nếu có cầm tạ đơn thì hai tay song song với cơ thể, không cầm tạ thì đặt lên hông hoặc đưa ra phía trước gần sát ngực.</li></ul><h3><br></h3><h3><strong>Bước 3: Thực hiện động tác</strong></h3><ul><li><strong>Động tác hạ thấp người:&nbsp;</strong>Bạn hạ thấp người bằng cách gập đầu gối của chân đứng trên sàn. Đầu gối phía trước gặp xuống thoải mái cho đến khi gần hết phạm vi chuyển động của khớp gối, đồng thời đầu gối phía sau chạm xuống gần mặt sàn (không cần chạm sàn).</li><li><strong>Động tác nâng người lên:&nbsp;</strong>Để nâng người lên dứt khoát, bạn hãy phát lực thật nhanh mạnh từ toàn bộ lòng bàn chân, tốt nhất là bạn bám toàn bộ lòng bàn chân xuống mặt sàn. Khi thực hiện đảm bảo toàn bộ cơ đùi và mông cũng tham gia phát lực (căng).</li></ul><h3><br></h3><h3><strong>Bước 4: Lặp lại động tác và đổi chân</strong></h3><ul><li>Lặp lại động tác: Bạn lặp lại các chuyển động trên từ 10 – 15 lần, tùy vào mức tạ và khả năng của bạn.</li><li>Đổi chân: Sau khi hoàn thành số reps bạn mong muốn, bạn hạ tạ xuống (nếu có) đồng thời đổi chân và trở lại tư thế ban đầu.</li></ul><p><br></p><h2><strong>Những lỗi thường gặp khi tập Bulgarian split squat là gì?</strong></h2><p><br></p><p>Dưới đây là một số lỗi kỹ thuật phổ biến mà bạn cần lưu ý để tránh việc tập sai động tác:</p><ul><li><strong>Chân trước của bạn đặt không đúng vị trí.&nbsp;</strong>Nếu bạn đặt không đúng vị trí và cảm thấy thoải mái, bạn sẽ liên tục nhấc chân lên xuống trong suốt quá trình tập. Do đó, để chọn đúng tư thế bạn cần thực hiện theo hướng dẫn ở bước 1.</li><li><strong>Giữ lưng thẳng sai cách, theo kiểu thẳng đứng.</strong>&nbsp;Nhiều người thường hiểu lầm rằng, giữ lưng thẳng khi tập luyện là giữ lưng thẳng đứng. Hiểu như vậy không sai nhưng sẽ không thể tập luyện. Khi tập luyện, bạn được yêu cầu giữ lưng thẳng có nghĩa là thắt lưng của bạn nên được giữ ở trạng thái thẳng, có kiểm soát, không thả lỏng chứ không phải thẳng đứng. Do đó, khi tập bài tập này, bạn nên hướng đầu và lưng về phía trước một tí để dễ thực hiện động tác hơn.</li></ul><p><img src=\"https://cdn.hellobacsi.com/wp-content/uploads/2024/06/bulgarian-split-squat-la-gi-574822.png\" height=\"800\" width=\"1200\">Lỗi thường gặp đứng sai vị trí, lưng thẳng đứng gây mất thăng bằng và chọn tạ quá nặng so với khả năng</p><p><br></p><h2><strong>Câu hỏi thường gặp</strong></h2><h3><strong>Các biến thể khác của bài tập bulgarian split squat là gì?</strong></h3><p><br></p><p>Trường hợp bạn không có ghế dài (ghế bench) hoặc bục cao, bạn vẫn có thể tập được bài tập này với các biến thể khác, bạn nên tìm kiếm bài tập bằng tiếng Anh, các bài tập bao gồm:</p><ul><li>Lunge</li><li>Split Squat</li><li>Weighted Bulgarian Split Squat</li><li>Bulgarian Split Squat with Resistance Bands</li><li>Bulgarian Split Squat with an Exercise Ball.</li></ul><p><br></p><h3><strong>Kết luận</strong></h3><p>Tóm lại, bulgarian split squat là một bài tập mà bạn chỉ nên tập khi bạn đã có nền tảng thể lực và kỹ thuật tập căn bản. Nếu bạn là người mới tập và muốn tìm hiểu về các bài tập chân, tốt hơn hết là bạn nên tìm hiểu qua các bài tập bổ trợ trước, để nâng cao kỹ thuật và thể lực tập.&nbsp;</p><p><br></p>', NULL, '235523484', '2024-05-10 17:45:42', '15', '45', '1', NULL, '2'),
('61', 'https://res.cloudinary.com/doccomming/image/upload/v1720608579/w0uxjmfgc2rw1uqymvih.jpg', 'Bơi có giảm cân không? Mẹo bơi giảm cân hiệu quả', 'Bơi là bộ môn dễ tiếp cận và được nhiều người yêu thích bởi những tác dụng của bơi lội mang lại, đặc biệt vào mùa nắng nóng. Vậy bơi có giảm cân không?', '<h2><strong>Bơi có giảm cân không? Lợi ích khác của bơi lội</strong></h2><h3><strong>Tập luyện toàn thân</strong></h3><p>Việc di chuyển trong nước sẽ tạo lực cản khiến bạn phải sử dụng cơ bắp nhiều hơn so với các hoạt động thể chất trên cạn khác.</p><p><br></p><p><img src=\"https://cdn.hellobacsi.com/wp-content/uploads/2023/05/boi-co-giup-giam-can-khong-3.jpeg\" alt=\"Bơi có giảm cân không và lợi ích của bơi lội\" height=\"683\" width=\"1024\"></p><h3><strong>Bài tập cardio tốt cho tim mạch, ngăn ngừa bệnh tật</strong></h3><p>Bơi lội là bài tập cardio tốt nhất cho sức khỏe tim mạch, phổi và xương khớp. Trên thực tế, bơi yêu cầu kỹ năng chuyển động nhịp nhàng của các cơ khớp và sử dụng oxy hiệu quả. Do đó, bơi làm tăng nhịp tim và nhiệt độ cơ thể, giúp đốt cháy calo, đồng thời ngăn ngừa bệnh tiểu đường loại 2 và đột quỵ.</p><p><br></p><h3><strong>Giảm căng thẳng và thư giãn</strong></h3><p>Việc luyện tập thở khi bơi cũng là cách giúp bạn chú trọng vào hơi thở. Vì vậy&nbsp;bơi lội được ví như bộ môn yoga dưới nước, giúp cơ thể tiết endorphin và giải toả căng thẳng, đồng thời cải thiện chất lượng giấc ngủ.</p><p><br></p><h3><strong>Đốt cháy calo</strong></h3><p>Bơi lội là một trong những cách đốt cháy calo hiệu quả nhất. Theo khảo sát cho thấy bơi ếch có thể đốt cháy hơn 200 calo chỉ trong 20 phút. Con số này nhiều gấp đôi so với đi bộ hay đạp xe.</p><p><br></p><h3><strong>Tập luyện mà không đổ mồ hôi</strong></h3><p>Nếu bạn ngại việc đổ mồ hôi và cảm giác nóng nực khi tập luyện, thì bơi lội sẽ là lựa chọn phù hợp cho bạn. Ưu điểm lớn của bơi lội là giúp đốt cháy lượng calo, giảm cân hiệu quả mà không cần đổ mồ hôi trên sàn tập như những bộ môn fitness khác.</p><p><br></p><h2><strong>Bơi đốt bao nhiêu calo? Kiểu bơi tốt nhất để giảm cân</strong></h2><p>Bơi lội đốt bao nhiêu calo? Tùy vào nhu cầu và kỹ năng bơi của mỗi người, mỗi kiểu bơi sẽ có tác dụng và mức đốt calo khác nhau:</p><p><br></p><h3><strong>Top 1: Bơi bướm</strong></h3><p>Đây là kiểu bơi ở mức độ khó nhất, đứng đầu trong danh sách đốt cháy calo nhiều nhất. Tuy vậy, kiểu bơi này lại không phù hợp cho người bắt đầu.</p><ul><li>Lượng calo đốt cháy trung bình khoảng 450 calo trong 30 phút bơi.</li><li>Các động tác bơi bướm tăng cường sức mạnh phần trên cơ thể như ngực, bụng, cánh tay (đặc biệt là cơ tam đầu) và cơ lưng.</li><li>Bơi bướm còn tăng tính linh hoạt, dẻo dai, cải thiện tư thế và tăng chiều cao cơ thể.</li></ul><p><br></p><h3><strong>Top 2: Bơi sải tự do</strong></h3><p>Bơi sải là kiểu bơi nhanh nhất và đứng vị trí thứ hai về khả năng đốt cháy calo.</p><p><br></p><ul><li>Lượng calo đốt cháy trung bình khoảng 300 calo trong 30 phút bơi.</li><li>Bơi sải tập trung làm săn chắc vùng bụng, mông, vai, đặc biệt là cơ lưng.</li></ul><p><br></p><h3><strong>Top 3: Bơi ngửa</strong></h3><p>Bơi ngửa đứng vị trí thứ ba trong top động tác đốt cháy calo sau bơi sải. Tuy nhiên, đây là một trong những cách tốt nhất để cải thiện tư thế cho cơ thể, phù hợp với các bạn nhân viên văn phòng.</p><p><br></p><ul><li>Lượng calo đốt cháy trung bình khoảng 250 calo trong 30 phút bơi.</li><li>Bơi ngửa đòi hỏi giữ thẳng người khi ở dưới nước, điều này giúp giữ thẳng cột sống và hạn chế tình trạng gù lưng.</li><li>Vùng bụng, tay, vai và mông cũng săn chắc hơn khi thực hiện kiểu bơi này.</li><li>Bơi ngửa cải thiện tính linh hoạt của vùng hông.</li></ul><p><br></p><p><img src=\"https://cdn.hellobacsi.com/wp-content/uploads/2023/05/boi-co-giup-giam-can-khong-1.jpeg\" alt=\"Bơi đốt cháy bao nhiêu calo\" height=\"667\" width=\"1000\"></p><p><br></p><h3><strong>Top 4: Bơi ếch</strong></h3><p>Bơi ếch đốt cháy calo khá ít so với các kiểu bơi khác:</p><p><br></p><ul><li>Lượng calo đốt cháy trung bình khoảng 200 calo trong 30 phút bơi.</li><li>Đây là bài tập cho tim mạch hiệu quả hơn so với các kiểu bơi khác.</li><li>Các động tác của bơi ếch giúp tăng cường sức khỏe tim mạch và phổi, đồng thời làm săn chắc đùi, lưng trên, cơ tam đầu và chân.</li><li><br></li></ul><h2><strong>Lưu ý khi bơi để giảm cân</strong></h2><p>Vậy bạn nên bơi giảm cân như thế nào? Một số lưu ý có thể giúp bạn hứng thú và giảm cân thành công với bộ môn bơi lội như:</p><p><br></p><ul><li><strong>Khởi động và dãn cơ trước khi bơi:&nbsp;</strong>Bạn thực hiện các động tác xoay vai, cánh tay, cổ tay hoặc chạy bộ tại chỗ ít nhất 5 phút để tránh chấn thương hay chuột rút khi bơi.</li><li><strong>Bắt đầu chậm, ở mức độ phù hợp:&nbsp;</strong>Bạn nên bắt đầu với kiểu bơi ếch hoặc bơi sải nếu muốn và thực hiện các động tác đơn giản trong thời gian ngắn trước. Sau đó tăng dần thời gian để đạt được 60-90 phút hoạt động thể chất mỗi ngày.</li></ul><p><br></p>', NULL, '235523484', '2024-07-10 17:49:39', '15', '44', '1', NULL, '2'),
('62', 'https://res.cloudinary.com/doccomming/image/upload/v1720608965/rpdsfks50no5ghkryfun.jpg', 'Phân biệt 5 chấn thương đầu gối phổ biến - Thời gian và cách điều trị', 'Bất kỳ bộ môn thể thao nào cũng tiềm ẩn nguy cơ gặp chấn thương. Hiển nhiên, chơi đá bóng cũng không phải là ngoại lệ. Trong đó, chấn thương đầu gối khi đá bóng là tình huống phổ biến nhất. ', '<h2><strong>5 loại chấn thương đầu gối khi đá bóng</strong></h2><p><br></p><p>Hầu hết chấn thương xảy ra khi chơi đá bóng đều có liên quan đến các chi dưới của cơ thể. Nguyên nhân dẫn đến những “tai nạn” sân cỏ này có thể là do thao tác chuyển hướng đột ngột, va chạm, té ngã hoặc nhảy lên và đáp xuống bằng chân không chính xác.</p><p><br></p><p><img src=\"https://cdn.hellobacsi.com/wp-content/uploads/2020/08/b7-chan-thuong-dau-goi-khi-da-bong-1.jpg\" alt=\"5 loại chấn thương đầu gối khi đá bóng phổ biến\" height=\"683\" width=\"1024\"></p><h3><strong>1. Chấn thương</strong><a href=\"https://hellobacsi.com/benh-co-xuong-khop/van-de-khop-day-chang-khac/chan-thuong-day-chang-cheo-truoc/\" rel=\"noopener noreferrer\" target=\"_blank\" style=\"color: rgb(45, 135, 243);\"><strong> </strong></a><strong>dây chằng chéo trước (ACL)</strong></h3><p>Nếu đầu gối phải chuyển động xoắn vặn, thay đổi hướng bất ngờ thì rất dễ xảy ra chấn thương dây chằng. Đây là một trong những dạng chấn thương đầu gối khi đá bóng phổ biến nhất. Cụ thể là chấn thương dây chằng chéo trước (ACL) và dây chằng giữa gối (MCL).</p><p><br></p><p>Các triệu chứng chấn thương dây chằng chéo trước bao gồm:</p><ul><li>Sưng đầu gối</li><li>Đau đầu gối</li><li>Mất toàn bộ phạm vi chuyển động khớp gối</li><li>Khó chịu khi đi bộ</li><li>Đầu gối kém ổn định</li></ul><p><br></p><p>Nhiều nghiên cứu đã chỉ ra rằng nữ giới có nguy cơ gặp<a href=\"https://hellobacsi.com/benh-co-xuong-khop/van-de-khop-day-chang-khac/chan-thuong-day-chang-cheo-truoc/\" rel=\"noopener noreferrer\" target=\"_blank\" style=\"color: rgb(45, 135, 243);\"> </a>chấn thương dây chằng chéo trước cũng như các dạng chấn thương chân khác cao hơn nam giới. Ở nữ, khả năng kiểm soát thần kinh cơ ở hông ít hơn, khiến chân (đặc biệt là đầu gối) kém linh hoạt hơn, dễ rơi vào các tư thế nguy hiểm khi vận động.</p><p><br></p><h3><strong>2. Chấn thương dây chằng giữa gối (MCL)</strong></h3><p><img src=\"https://cdn.hellobacsi.com/wp-content/uploads/2020/08/b7-chan-thuong-dau-goi-khi-da-bong-2.jpg\" alt=\"Rách sụn chêm là 1 dạng chấn thương đầu gối khi đá bóng phổ biến\" height=\"576\" width=\"1024\"></p><p><br></p><p>Chấn thương dây chằng giữa gối là trường hợp dây chằng trung gian bị giãn, đứt hoặc bong rách.&nbsp;</p><p><br></p><ul><li>Dây chằng giữa gối kéo dài từ mặt trong của đầu trên xương cẳng chân (xương chày) lên mặt trong của đầu dưới xương đùi. Dây chằng giữa gối có chức năng giúp giữ ổn định xương cẳng chân.&nbsp;</li></ul><p><br></p><p>Dây chằng giữa gối thường bị tổn thương do áp lực hoặc sức ép tác dụng lên mặt ngoài khớp gối. Lực này khiến mặt ngoài khớp gối cong lại, còn mặt trong mở rộng ra. Khi bị kéo giãn quá mức, dây chằng giữa gối dễ bị rách và tổn thương.&nbsp;</p><p><br></p><p><strong>Những trường hợp có thể dẫn đến chấn thương dây chằng gối giữa. </strong>Trong bóng đá, tổn thương này có thể xảy ra do hành động “truy cản từ phía sau”. Ngoài ra, chấn thương này có thể là hậu quả khi bạn bị ngã sưng đầu gối.&nbsp;</p><p><br></p><p>Những triệu chứng của chấn thương dây chằng giữa gối là:</p><ul><li>Sưng đầu gối</li><li>Đau đầu gối</li><li>Khó khăn khi di chuyển đầu gối, cảm giác cứng khớp gối, kẹt khớp</li><li>Bầm tím</li><li>Cảm giác không vững chân</li></ul><p><br></p><h3><strong>3. Chấn thương đầu gối do rách sụn chêm</strong></h3><p><br></p><p><img src=\"https://cdn.hellobacsi.com/wp-content/uploads/2020/08/Hinh-anh-rach-sun-chem-1.jpg\" alt=\"hình ảnh rách sụn chêm\" height=\"780\" width=\"1000\"></p><p><br></p><p><strong>Những trường hợp có thể dẫn đến rách sụn chêm. </strong>Xoay khớp gối đột ngột hoặc bị một lực tác động mạnh vào đầu gối có thể dẫn đến rách sụn chêm. Thông thường, khi bạn bị&nbsp; rách sụn bất ngờ, bạn sẽ nghe được âm thanh chấn thương.</p><p>Trẻ em tham gia chơi bóng đá ở độ tuổi quá sớm cũng là đối tượng có nguy cơ rách sụn chêm cao. Đặc biệt là khi trẻ chỉ tập trung luyện tập một bộ môn thể thao.</p><p><br></p><p>Triệu chứng của rách sụn chêm thường là:</p><ul><li>Đau đầu gối, nhất là khi chạm vào</li><li>Đầu gối sưng tấy&nbsp;</li><li>Khó di chuyển đầu gối, bị hạn chế chuyển động. Thậm chí, đầu gối không duỗi thẳng được.</li><li>Cảm giác không vững chân, bị cứng khớp gối</li></ul><p><br></p><h3><strong>4. Chấn thương đầu gối gây biến dạng khớp gối</strong></h3><p><br></p><p>Đây là một trong những chấn thương có thể gặp ở khớp gối. Khớp gối có thể bị biến dạng (hay còn gọi là trật khớp gối) khi xương đùi và xương chày ở ống chân bị lệch khỏi vị trí thông thường.</p><p><br></p><h4>Biến dạng khớp gối có thể là một phần hoặc hoàn toàn sai lệch khỏi vị trí bình thường và rất đau. Người trật khớp gối cũng thường có xu hướng bị bong gân do gân có thể bị kéo rách trong chấn thương.</h4><p><br></p><p><strong>Những trường hợp có thể dẫn đến trật khớp gối. </strong>Chấn thương khớp gối thường là do những va chạm tiếp xúc mạnh như tai nạn giao thông, ngã từ độ cao đáng kể, ngã đập đầu gối xuống đất và trong thể thao.</p><p>Triệu chứng rõ rệt nhất là:</p><ul><li>Đầu gối bị biến dạng</li><li>Khớp gối sưng</li><li>Mọi chuyển động đều gây nhiều đau đớn cho người gặp chấn thương.&nbsp;</li></ul><p><br></p><h3><strong>5. Bong gân</strong></h3><p>Đây là một nguyên nhân phổ biến gây chấn thương đầu gối khi đá bóng. Bong gân đầu gối có thể xảy ra bất cứ khi nào nếu gân hoặc cơ ở gối đột nhiên bị kéo giãn dẫn đến rách. Có nhiều mức độ bong gân, từ nhẹ đến nghiêm trọng.</p><p><br></p><p><strong>Những trường hợp có thể dẫn đến bong gân đầu gối.</strong> Di chuyển quá nhanh khi chưa giãn cơ, nhảy lên và đáp xuống bằng chân, trật khớp gối… đều là những nguyên nhân có thể gây bong gân đầu gối.&nbsp;</p><p><br></p><p>Triệu chứng bong gân đầu gối bao gồm:</p><ul><li>Đau khi cong gối, khuỵu gối hoặc khi chạm vào</li><li>Đầu gối sưng tấy</li><li>Bầm tím</li><li>Khó đi đứng vững</li></ul><p><br></p><h2><strong>Làm thế nào để điều trị chấn thương đầu gối?</strong></h2><p><br></p><p><img src=\"https://cdn.hellobacsi.com/wp-content/uploads/2020/08/b7-chan-thuong-dau-goi-khi-da-bong-4.jpg\" alt=\"điều trị chấn thương đầu gối\" height=\"734\" width=\"1100\"></p><h3><strong>Phương pháp chẩn đoán&nbsp;</strong></h3><p>Để điều trị, bác sĩ cần nắm chính xác tình trạng xảy ra chấn thương, kiểm tra để chẩn đoán loại chấn thương. Một số phương pháp chẩn đoán gồm chụp x-quang, chụp CT khớp gối.&nbsp;</p><ul><li>Chụp X-quang và CT sẽ là lựa chọn đối với các chấn thương về xương (gãy xương).&nbsp;</li><li>Trong khi đó, chụp MRI giúp đánh giá tổn thương mô mềm (dây chằng và sụn). Ở một số trường hợp khác, bác sĩ có thể chỉ định chọc hút dịch khớp&nbsp;bị sưng để xét nghiệm nhiễm trùng nếu có.</li></ul><p><br></p><p>Thông thường, người bị chấn thương đầu gối khi đá bóng sẽ được đưa vào chuyên khoa cấp cứu trước tiên.&nbsp;</p><ul><li><strong>Nếu chấn thương đầu gối nghiêm trọng</strong>, bác sĩ chỉnh hình hoặc bác sĩ phẫu thuật chỉnh hình sẽ là người thăm khám và điều trị. Riêng các trường hợp gặp chấn thương khi chơi đá bóng sẽ có chuyên gia y học thể thao hỗ trợ.</li><li>Trong quá trình điều trị chấn thương khớp gối có thể có sự tham gia của các nhà vật lý trị liệu hoặc các chuyên gia phục hồi chức năng khác.</li></ul><p><br></p><h3><strong>Tự điều trị đối với chấn thương nhẹ</strong></h3><p>Đối với các chấn thương đầu gối không nghiêm trọng, bạn có thể tự sơ cứu và quan sát chấn thương trước khi quyết định đến bệnh viện. Những cách chữa căng cơ khi đá bóng hoặc các trường hợp chấn thương nhẹ mà bạn có thể thực hiện tại nhà là:</p><ul><li>Nghỉ ngơi</li><li>Chườm đá lạnh giảm sưng</li><li>Chườm nóng tăng lưu thông máu sau khi giảm sưng</li><li>Nâng cao chân so với vị trí tim khi nằm ngủ</li><li>Dùng thuốc chống viêm không steroid nhằm giảm đau và viêm</li></ul><p><br></p><h3><strong>Điều trị đối với chấn thương mạnh</strong></h3><p>Những chấn thương đầu gối nghiêm trọng hơn sẽ cần được chăm sóc y tế. Bác sĩ có thể chỉ định mang<strong> nẹp cố định đầu gối</strong> để hạn chế các cử động vô ý, giảm khả năng mắc thêm chấn thương, hỗ trợ đầu gối nghỉ ngơi.</p><p><br></p><p><strong>Những trường hợp cần tham vấn từ bác sĩ phẫu thuật chỉnh hình </strong>gồm có: Chấn thương có liên quan đến đứt dây chằng; Mất ổn định khớp gối; Giảm phạm vi chuyển động; Gãy xương. Tùy theo mức độ chấn thương mà người bệnh có thể được khuyến cáo dùng nạng hoặc xe lăn.</p><p><br></p><p><strong>Những trường hợp cần điều trị phẫu thuật</strong> gồm có: Đứt dây chằng; Rách sụn chêm; Gãy xương; Trật khớp gối. Hầu hết các trường hợp phẫu thuật đầu gối đều sử dụng phương pháp mổ nội soi khớp. Kỹ thuật này giúp bác sĩ điều trị vết thương mà không cần mổ hở. Hầu hết các ca phẫu thuật nội soi không cần phải thực hiện ngay sau khi gặp chấn thương mà sẽ được theo dõi giảm viêm trước.</p><p>Sau phẫu thuật (hoặc nếu không thể phẫu thuật), người bệnh có thể tập vật lý trị liệu</p>', NULL, '235523484', '2024-06-10 17:56:05', '15', '46', '1', NULL, '2'),
('63', 'https://res.cloudinary.com/doccomming/image/upload/v1720609239/u07njqjwnedceooqjaza.jpg', 'Giải đáp: Nồng độ prolactin cao có khả năng sinh con được không?', '“Nồng độ prolactin cao có khả năng sinh con được không?” là thắc mắc của không ít chị em đang trong hành trình “săn rồng con” nhưng mãi chưa có tin vui. ', '<h2><strong>Tăng prolactin máu là gì?</strong></h2><p><br></p><p>Trước khi đi tìm lời đáp cho thắc mắc “Nồng độ prolactin cao có khả năng sinh con được không?”, hãy cùng tìm hiểu prolactin là gì và tăng prolactin máu là gì.</p><p><br></p><p>Prolactin là một loại hormone được sản xuất ở tuyến yên và có tác dụng lên hầu hết các tế bào của cơ thể. Vai trò chính của prolactin là thúc đẩy sự phát triển của tuyến vú, đồng thời kích thích quá trình tạo sữa ở phụ nữ mang thai và mẹ sau sinh. Nồng độ prolactin tăng cao chủ yếu được tìm thấy ở phụ nữ mang thai và những bà mẹ đang cho con bú. Nhưng thực tế có một số phụ nữ có nồng độ prolactin tăng cao bất thường dù không mang thai hay cho con bú và điều này có thể dẫn đến một số vấn đề về sinh sản.</p><p><br></p><h2><strong>Tăng prolactin máu: Nguyên nhân do đâu?</strong></h2><p>Như trên đã đề cập, nồng độ prolactin tăng cao ở phụ nữ chủ yếu là do quá trình mang thai hoặc cho con bú. Tuy nhiên, ước tính khoảng 30% phụ nữ bị tăng prolactin máu vẫn chưa xác định được nguyên nhân và điều này dẫn đến một số vấn đề về khả năng sinh sản. Theo các chuyên gia, có thể có nhiều nguyên nhân khác nhau làm tăng prolactin máu:</p><ul><li>Suy giáp (khoảng một nửa số phụ nữ bị tăng prolactin máu có rối loạn chức năng tuyến giáp)</li><li>Hội chứng buồng trứng đa nang hoặc PCOS</li><li>Căng thẳng quá mức</li><li>Thiếu ngủ</li><li>Tập thể dục quá mức</li><li>Chế độ ăn giàu protein hoặc chất béo</li><li>Tác dụng phụ của thuốc điều trị trầm cảm, lo âu hoặc các tình trạng tương tự</li><li>Có các khối u lành tính ở tuyến yên</li><li>Suy thận</li><li>Suy tuyến thượng thận…</li></ul><p><br></p><h2><strong>Triệu chứng tăng prolactin máu</strong></h2><p><br></p><p><img src=\"https://cdn.hellobacsi.com/wp-content/uploads/2024/05/nong-do-prolactin-cao-co-kha-nang-sinh-con-duoc-khong-1.jpg\" alt=\"prolactin cao có khả năng sinh con được không\" height=\"667\" width=\"1000\"></p><p><br></p><p>Các triệu chứng của tăng prolactin máu có thể bao gồm:</p><ul><li>Kinh nguyệt không đều</li><li>Rụng trứng không đều</li><li>Không rụng trứng</li><li>Núm vú chảy dịch sữa nhưng không liên quan đến việc cho con bú…</li></ul><p><br></p><p><img src=\"https://cdn.hellobacsi.com/wp-content/uploads/2024/05/nong-do-prolactin-cao-co-kha-nang-sinh-con-duoc-khong-2.jpg\" alt=\"prolactin cao có khả năng sinh con được không\" height=\"667\" width=\"1000\"></p><p>Prolactin cao có khả năng sinh con được không, có ảnh hưởng đến thai kỳ không? Để có câu trả lời, bạn đừng bỏ qua những thông tin sau!</p><p><br></p><h3><strong>1. Tăng prolactin máu ảnh hưởng đến khả năng sinh sản và mang thai như thế nào?</strong></h3><p><br></p><p>Ở phụ nữ, trong điều kiện bình thường hoặc không mang thai, lượng prolactin được sản xuất ở mức thấp. Việc nồng độ prolactin máu tăng cao có thể làm gián đoạn quá trình rụng trứng hoặc làm quá trình rụng trứng không xảy ra. Điều này có nghĩa là việc giải phóng trứng của buồng trứng có thể bị gián đoạn hoặc có thể không giải phóng trứng. Chu kỳ kinh nguyệt không đều hoặc không có kinh nguyệt có thể là dấu hiệu quan trọng của tình trạng prolactin tăng cao. Nếu sự rụng trứng không xảy ra đúng thời điểm thì việc thụ thai và mang thai sẽ trở nên khó khăn.</p><p><br></p><p>Trong một số trường hợp, nồng độ prolactin có thể không cao đến mức gây ra vấn đề về rụng trứng nhưng vẫn có thể ảnh hưởng đến quá trình tổng hợp progesterone. Progesterone là hormone chịu trách nhiệm trong việc làm dày niêm mạc tử cung trong giai đoạn hoàng thể, để trứng sau khi thụ tinh có thể làm tổ và phát triển. Nồng độ progesterone giảm sút có thể khiến nội mạc tử cung không đạt được độ dày cần thiết để cho phôi làm tổ. Vì vậy, ngay cả khi trứng được thụ tinh thì khả năng mang thai cũng sẽ khá thấp.</p><p><br></p><h3><strong>2. Tăng prolactin máu ảnh hưởng đến thai kỳ như thế nào?</strong></h3><p><span style=\"color: rgb(38, 38, 38);\">Một số chuyên gia sức khỏe đưa ra giả thuyết rằng mức prolactin cao hơn bình thường khi mang thai có thể làm tăng nguy cơ sảy thai, mặc dù mối liên hệ này chưa được xác định rõ ràng. Do đó, cần nhiều nghiên cứu hơn để làm rõ vấn đề này.</span></p><p><br></p><h2><strong>Tăng prolactin máu được điều trị như thế nào?</strong></h2><p><br></p><p><img src=\"https://cdn.hellobacsi.com/wp-content/uploads/2024/05/nong-do-prolactin-cao-co-kha-nang-sinh-con-duoc-khong-3.jpg\" alt=\"prolactin cao có khả năng sinh con được không\" height=\"666\" width=\"1000\"></p><p><br></p><p>Việc điều trị tình trạng tăng prolactin máu sẽ phụ thuộc vào nguyên nhân gây tra tình trạng này. Bên cạnh đó, bác sĩ có thể đề nghị bạn thực hiện các xét nghiệm máu bổ sung, chụp MRI tuyến yên hoặc CT-scan để loại trừ khả năng có một khối u tuyến yên.</p><p><br></p><p>Tùy thuộc vào nguyên nhân, việc điều trị có thể bao gồm:</p><ul><li><strong>Dùng thuốc để giảm mức độ prolactin:</strong>&nbsp;Bác sĩ có thể kê các loại thuốc để giảm nồng độ prolactin. Khi bạn có thai, việc dùng các loại thuốc này sẽ ngừng lại.</li><li><strong>Nếu tình trạng tăng prolactin máu có liên quan đến rối loạn nội tiết:&nbsp;</strong>Bác sĩ điều trị&nbsp;có thể kê đơn liệu pháp thay thế bằng hormone tuyến giáp.</li><li><strong>Tác dụng phụ của thuốc:&nbsp;</strong>Trong trường hợp này, bác sĩ có thể kê đơn cho bạn dùng các loại thuốc khác thay thế nhằm khôi phục mức prolactin trở lại bình thường</li><li><strong>Dùng thuốc hoặc phẫu thuật để loại bỏ khối u ở tuyến yên:&nbsp;</strong>&nbsp;Hiện nay, việc sử thuốc mang lại hiệu quả trong việc điều trị phần lớn các khối u mà không cần phẫu thuật. Trường hợp khối u lớn, có nguy cơ làm tổn thương các cấu trúc khác trong não hoặc gây ra các triệu chứng nghiêm trọng thì phẫu thuật có thể là lựa chọn tốt nhất.</li><li><strong>Điều trị bệnh suy giáp:</strong>&nbsp;Việc điều trị thường sẽ làm mất đi chứng tăng prolactin máu nếu đó là do suy giáp.</li><li><strong>Trong những trường hợp như u tuyến yên hoặc u tiết prolactin:</strong>&nbsp;Việc dùng thuốc đối kháng dopamine&nbsp;có thể cần thiết.</li></ul><p><br></p><h2><strong>Mức độ prolactin bình thường để có thể mang thai là bao nhiêu?&nbsp;</strong></h2><p>Bình thường, chỉ số nồng độ prolactin ở người khỏe mạnh sẽ dao động trong khoảng sau:</p><p><br></p><p>Nữ giới không mang thai: &lt; 25 ng/mL</p><p>Nữ giới đang mang thai: từ 34 đến 386 ng/mL</p><p>Nam giới: &lt; 15 ng/mL</p><p>Theo các chuyên gia, nhìn chung, mức prolactin bình thường là khoảng 2-29 ng/ml. Khi nồng độ hormone này vượt quá 100 ng/ml, khả năng sinh sản có thể bị ảnh hưởng. Nguyên do là bởi việc nồng độ prolactin tăng cao có thể do hội chứng buồng trứng đa nang (PCOS), căng thẳng, suy giáp hoặc sự hiện diện của u nang buồng trứng</p>', NULL, '235523484', '2024-05-10 18:00:40', '18', '48', '1', '15', '2'),
('64', 'https://res.cloudinary.com/doccomming/image/upload/v1720609430/od4qiuhuyh6cls4d4vrt.jpg', 'Mẹ sau sinh ăn thịt bò được không? Sau bao lâu thì ăn được?', 'Phụ nữ sau sinh bị mất nhiều máu nên thường được khuyên ưu tiên ăn các thực phẩm bổ máu, giàu sắt và năng lượng. Thịt bò là thực phẩm đáp ứng những tiêu chí này. Thế nhưng, liệu mẹ sau sinh ăn thịt bò được không? Sau sinh bao lâu thì được ăn thịt bò?', '<h2>Lợi ích sức khỏe của thịt bò</h2><p><br></p><p>Trước khi đi tìm lời đáp cho thắc mắc phụ nữ sau sinh ăn thịt bò được không, cùng điểm qua những thành phần dinh dưỡng nổi bật có trong thịt bò:</p><ul><li><strong>Protein:</strong>&nbsp;Thịt bò chứa hàm lượng protein cao, cần thiết cho sự phát triển mô cơ.</li><li><strong>Axit béo omega-3 và omega-6:</strong>&nbsp;Với một lượng nhỏ omega-3 và omega-6, thịt bò được đánh giá là có lợi cho sức khỏe tim mạch.</li><li><strong>Vitamin và khoáng chất:</strong>&nbsp;Thịt bò chứa các loại vitamin và khoáng chất cần thiết cho các hoạt động của cơ thể, chẳng hạn như vitamin B3, B6, B12, E, kẽm, sắt, selen, phốt pho…</li><li><strong>Chất chống oxy hóa và các hợp chất khác:</strong>&nbsp;Creatinine có trong thịt bò rất có lợi cho sự phát triển và duy trì cơ bắp. Ngoài ra, thịt bò cũng chứa các hợp chất chống oxy hóa như taurine, glutathione…</li></ul><p><br></p><h2><strong>Mẹ sau sinh ăn thịt bò được không?</strong></h2><p><br></p><p><img src=\"https://cdn.hellobacsi.com/wp-content/uploads/2024/06/sau-sinh-an-thit-bo-duoc-khong-1.jpg\" alt=\"mẹ sau sinh ăn thịt bò được không\" height=\"667\" width=\"1000\"></p><p><br></p><p>Với những thành phần dinh dưỡng có lợi cho sức khỏe của thịt bò như đã nêu ở trên thì liệu bà đẻ ăn thịt bò được không?</p><p><br></p><p>Có quan điểm cho rằng phụ nữ sau sinh nên kiêng thịt bò, nhất là những mẹ sinh mổ. Nếu không, các mẹ dễ bị sẹo lồi, sẹo thâm khó có thể khắc phục dứt điểm. Vậy thực tế quan niệm này có đúng? Theo các chuyên gia sức khỏe, đây là quan niệm hoàn toàn sai lầm.</p><p><br></p><p>Theo các chuyên gia sức khỏe, các mẹ sau sinh có thể ăn thịt bò để đẩy nhanh quá trình phục hồi. Việc tiêu thụ thịt bò sau sinh có thể mang lại nhiều lợi ích cho bà đẻ, chẳng hạn như:</p><p><br></p><ul><li><strong>Cung cấp năng lượng:</strong>&nbsp;Trung bình 100g thịt bò cung cấp khoảng 250 calo. Mẹ sau sinh ăn thịt bò sẽ được tăng cường năng lượng để duy trì hoạt động trong ngày.</li><li><strong>Phòng ngừa thiếu máu:</strong>&nbsp;Tình trạng thiếu chất sắt trong cơ thể không chỉ dẫn đến thiếu máu mà còn làm cạn kiệt năng lượng. Hơn nữa, trong quá trình sinh nở, phụ nữ bị mất một lượng máu lớn. Việc bổ sung thịt bò vào thực đơn hàng ngày là lựa chọn đúng đắn cho những bà đẻ bị thiếu máu vì thịt bò là thực phẩm rất giàu sắt.</li><li><strong>Cải thiện khối lượng cơ:</strong>&nbsp;Là nguồn cung cấp protein dồi dào, thịt bò hỗ trợ quá trình sửa chữa và tái tạo mô cơ cho cơ thể mẹ sau sinh. Điều này góp phần đẩy nhanh quá trình phục hồi</li></ul><p><br></p><h2><strong>Sau sinh bao lâu được ăn thịt bò?</strong></h2><p><br></p><p><img src=\"https://cdn.hellobacsi.com/wp-content/uploads/2024/06/sau-sinh-an-thit-bo-duoc-khong.jpg\" alt=\"mẹ sau sinh ăn thịt bò được không\" height=\"667\" width=\"1000\"></p><p><br></p><p>Không chỉ thắc mắc “Mẹ sau sinh ăn thịt bò được không?” mà nhiều phụ nữ còn quan tâm đến vấn đề sinh thường và sinh mổ bao lâu thì ăn được thịt bò? Câu trả lời như sau:</p><p><br></p><ul><li><strong>Đối với mẹ sinh thường</strong>&nbsp;thì bao lâu ăn được thịt bò? Thực tế, vẫn chưa có nghiên cứu chính xác về thời điểm hợp lý mà các mẹ sau sinh có thể ăn thịt bò. Tuy nhiên, theo các chuyên gia sức khỏe, tốt nhất là phụ nữ mới sinh nên đợi khoảng 3-5 ngày rồi hãy ăn thịt bò.</li></ul><p><br></p><ul><li><strong>Đối với mẹ sinh mổ</strong>&nbsp;thì bao lâu ăn được thịt bò? Phụ nữ&nbsp;sinh mổ nên ăn những thực phẩm giàu protein như thịt bò để đẩy nhanh quá trình lành thương. Tuy nhiên, về thời điểm có thể bắt đầu tiêu thụ thịt bò sau sinh thì các mẹ nên tham khảo ý kiến bác sĩ. Dựa trên cơ địa của mỗi người mà bác sĩ sẽ tư vấn sao cho phù hợp.</li></ul><p><br></p><h2><strong>Lưu ý an toàn khi ăn thịt bò</strong></h2><p><br></p><p><img src=\"https://cdn.hellobacsi.com/wp-content/uploads/2024/06/sau-sinh-an-thit-bo-duoc-khong-2.jpg\" alt=\"sau sinh ăn thịt bò được không\" height=\"668\" width=\"1000\"></p><p><br></p><p>Sau khi đã giải đáp thắc mắc “Phụ nữ sau sinh ăn thịt bò được không?”, cùng tìm hiểu những lưu ý an toàn cho cả mẹ và bé khi ăn thịt bò:</p><ul><li><strong>Ăn thịt bò đã nấu chín:</strong>&nbsp;Thịt bò thường được chế biến tái để mềm và ngon hơn. Tuy nhiên, phụ nữ sau sinh sức khỏe chưa hoàn toàn hồi phục thì không nên ăn thịt bò tái để tránh các vấn đề về tiêu hóa cũng như nguy cơ nhiễm giun sán, kí sinh trùng.</li><li><strong>Ăn kết hợp rau củ quả:</strong>&nbsp;Thịt bò chứa nhiều chất đạm nên được kết hợp với nhiều loại rau củ quả để bổ sung chất xơ.</li><li><strong>Không ăn quá nhiều thịt bò cùng lúc:</strong>&nbsp;Việc tiêu thụ quá nhiều thịt bò cùng một thời điểm có thể gây khó tiêu, ảnh hưởng hệ tiêu hóa.</li><li><strong>Quan sát phản ứng của trẻ bú mẹ:</strong>&nbsp;Một số trẻ có thể bị dị ứng với đạm thịt bò. Do đó, nếu đang nuôi con bằng sữa mẹ, bạn nên quan sát phản ứng của bé xem cơ thể con có hấp thu được loại đạm này không nhé!</li></ul><p><br></p>', NULL, '235523484', '2024-04-10 18:03:50', '18', '49', '1', NULL, '2'),
('65', 'https://res.cloudinary.com/doccomming/image/upload/v1720609892/sn2licxjyov7jl404ywx.jpg', 'Vì sao trẻ sốt cao không hạ dù đã uống thuốc? Cha mẹ nên làm gì?', 'Khi thấy trẻ bị sốt, cha mẹ thường cho bé uống thuốc hạ sốt để giảm thân nhiệt. Tuy nhiên, vẫn có nhiều trường hợp trẻ sốt cao không hạ dù đã uống thuốc hạ sốt đầy đủ.', '<h2>Sốt cao không hạ ở trẻ em là như thế nào?</h2><p><br></p><p>Sốt là triệu chứng thường gặp ở trẻ em. Trẻ bị sốt có thể do nhiễm trùng gây ra bởi vi khuẩn hoặc virus, tác dụng phụ của viẹc chủng ngừa, thời tiết nóng bức…</p><p><br></p><p>Thông thường, nhiệt độ cơ thể của trẻ khoảng 37°C. Trẻ được xem là bị sốt nếu:</p><ul><li>Thân nhiệt của bé dưới 3 tháng tuổi từ 38°C trở lên</li><li>Thân nhiệt trẻ lớn hơn từ 38,5°C trở lên</li><li>Nếu thân nhiệt từ 39°C trở lên, bé được xem là bị sốt cao.</li></ul><p><br></p><p>Sốt cao không hạ ở trẻ em là tình trạng trẻ sốt cao liên tục hoặc trẻ bị sốt đi sốt lại nhiều lần trong ngày dù cha mẹ đã cho bé uống thuốc hạ sốt cũng như áp dụng các biện pháp chăm sóc trẻ bị sốt tại nhà. Hiện tượng này khiến nhiều cha mẹ lo lắng không biết cơn sốt cao có ảnh hưởng tiêu cực đến não, hệ thần kinh và sức khỏe tổng thể của bé hay không.</p><p><br></p><p>Thực tế, sốt là một phản ứng tự nhiên của cơ thể chống lại nhiễm trùng. Chỉ khi trẻ bị sốt trên 42°C mới có thể có nguy cơ cao bị tổn thương não.</p><h2><br></h2><p>Có nhiều nguyên nhân khác nhau khiến trẻ sốt cao không hạ, phổ biến nhất là do những lý do sau:</p><p><br></p><h3><strong>1. Sử dụng thuốc hạ sốt không đúng cách</strong></h3><p>Thuốc hạ sốt giúp giảm nhiệt độ cơ thể, từ đó làm cho trẻ cảm thấy dễ chịu hơn, nhưng không có tác dụng ngăn ngừa sốt co giật. Tùy vào dạng thuốc hạ sốt mà thời gian phát huy tác dụng sẽ khác nhau, chẳng hạn:</p><ul><li>Thuốc hạ sốt dạng viên uống thường có tác dụng sau khi uống với bụng đói khoảng 45 phút.</li><li>Thuốc hạ sốt dạng siro lỏng thường phát huy tác dụng sau 20 phút.</li><li>Thuốc hạ sốt tiêm tĩnh mạch cần 5-10 phút mới có tác dụng.</li></ul><p><br></p><p>Các loại thuốc hạ sốt thường được các bậc cha mẹ sử dụng cho trẻ bao gồm:</p><ul><li><strong>Acetaminophen (hay Paracetamol):</strong>&nbsp;Liều dùng khuyến cáo cho trẻ từ 1 tháng đến 12 tuổi là 15 mg/kg thể trọng/lần, uống 3-4 lần/ngày hoặc cứ sau 4-6 giờ.</li><li><strong>Ibuprofen:</strong>&nbsp;Liều dùng khuyến cáo cho trẻ từ 3 tháng đến 12 tuổi là 5-10 mg/kg thể trọng/lần, uống không quá 3 lần/24 giờ hoặc uống theo cữ sau 6-8 giờ.</li><li><strong>Không hạ sốt cho trẻ bằng aspirin</strong>&nbsp;để phòng ngừa&nbsp;hội chứng Reyey ở trẻ em</li></ul><p><br></p><p>Đa số các trường hợp trẻ bị sốt đáp ứng rất tốt với các thuốc đã đề cập. Tuy nhiên, vẫn có trường hợp bé sốt 39 độ uống thuốc không hạ. Vì sao lại như vậy? Theo các chuyên gia sức khỏe, nếu cha mẹ sử dụng thuốc hạ sốt không đúng cách, tác dụng của thuốc có thể không được phát huy tối đa, dẫn đến trẻ sốt cao không hạ.</p><p><br></p><h3><strong>2. Nguyên nhân gây sốt chưa được khắc phục</strong></h3><p><br></p><p>Nếu bạn cũng đang băn khoăn vì sao trẻ uống thuốc hạ sốt mà không hạ, hãy lưu ý đến nguyên nhân gây ra cơn sốt ở trẻ em.</p><p><br></p><p>Sốt không phải là một căn bệnh mà là triệu chứng của tình trạng viêm hoặc nhiễm trùng trong cơ thể. Do đó, bên cạnh việc dùng thuốc hạ sốt, trẻ cũng cần được điều trị bệnh lý gốc rễ gây ra cơn sốt, chẳng hạn như sốt siêu vi, sốt xuất huyết, tay chân miệng, viêm phổi…</p><p><br></p><p>Nếu bệnh không được điều trị triệt để, cơn sốt sẽ quay trở lại sau khi thuốc hết tác dụng. Chỉ đến khi bệnh đã dứt hoặc hệ miễn dịch của trẻ “học” được cách chế ngự tác nhân gây bệnh thì cơn sốt mới bị đẩy lui.</p><p><br></p><h3><strong>3. Cha mẹ chăm sóc trẻ bị sốt sai cách</strong></h3><p>Trong một số trường hợp, nếu trẻ bị sốt mà không được chăm sóc đúng cách, thì tình trạng trẻ uống thuốc hạ sốt mà vẫn sốt cao không hạ hoặc có hạ nhưng không đáng kể có thể xảy ra. Thậm chí, trẻ có thể sốt cao hơn sau đó.</p><p><br></p><h2><strong>Trẻ uống thuốc hạ sốt mà không hạ phải làm sao?</strong></h2><p><img src=\"https://cdn.hellobacsi.com/wp-content/uploads/2024/06/tre-sot-cao-khong-ha-1.jpg\" alt=\"trẻ sốt cao không hạ phải làm sao\" height=\"667\" width=\"1000\"></p><p><br></p><p>Khi thấy trẻ sốt cao liên tục không hạ, ngoài việc điều trị y tế, cha mẹ có thể áp dụng những biện pháp sau để hạ sốt cho trẻ:</p><p><br></p><ul><li><strong>Tăng cường bổ sung chất lỏng:</strong>&nbsp;Sốt sẽ khiến trẻ mất nước nhiều và nhanh hơn. Do đó, cha mẹ nên cho trẻ bị sốt uống nhiều nước (với trẻ đã lớn) hoặc sữa (với trẻ nhỏ) để vừa đảm bảo không thiếu nước vừa hỗ trợ làm mát cơ thể khi thân nhiệt tăng cao.</li><li><strong>Mặc quần áo thoải mái:</strong>&nbsp;Khi trẻ sốt cao không hạ, cha mẹ nên cho bé mặc quần áo thoáng mát, rộng rãi để cơ thể dễ dàng thoát nhiệt qua da. Không nên quấn khăn, đeo vớ, mặc quần áo dày cho trẻ. Nếu trẻ cảm thấy lạnh hoặc run rẩy, hãy đắp một tấm chăn mỏng cho bé.</li><li><strong>Lau mình:</strong>&nbsp;Biện pháp này thường được các bậc cha mẹ áp dụng khi trẻ sốt cao không hạ hoặc thân nhiệt trên 40°C. Nhiều cha mẹ thường tiến hành lau mát cho bé bằng khăn ấm trong 10-15 phút, nhất là tại các vị trí nếp gấp như nách, háng (bẹn). Kinh nghiệm mà các bậc cha mẹ chia sẻ là cần cho trẻ uống thuốc hạ sốt trước khi lau mình thì mới mang lại hiệu quả tích cực. Lưu ý: Tuyệt đối không dùng nước lạnh hoặc thêm rượu vào nước lau mình của bé vì có thể gây co mạch, tăng thân nhiệt, hạ đường huyết và hôn mê.</li></ul><p><br></p><h2><strong>Khi nào nên đưa trẻ đi khám?</strong></h2><p><img src=\"https://cdn.hellobacsi.com/wp-content/uploads/2024/06/tre-sot-cao-khong-ha-2.jpg\" alt=\"trẻ sốt cao không hạ: khi nào cần đi khám?\" height=\"749\" width=\"1000\"></p><p><br></p><p>Không phải lúc nào trẻ bị sốt cũng cần đi khám. Việc này tùy thuộc vào độ tuổi của trẻ và các triệu chứng khác kèm theo. Nhìn chung, nếu trẻ sốt cao không hạ trong 3 ngày liên tục dù đã uống thuốc hạ sốt thì bạn nên đưa bé đến cơ sở y tế uy tín để được chẩn đoán nguyên nhân và hỗ trợ điều trị.</p><p><br></p><p>Ngoài ra, cha mẹ cũng cần đưa trẻ đi khám trong những trường hợp sau:</p><ul><li><strong>Trẻ dưới 3 tháng tuổi</strong>&nbsp;bị sốt từ 38°C trở lên.</li><li><strong>Trẻ từ 3-6 tháng</strong>&nbsp;bị sốt trên 38,9°C hoặc kèm theo các triệu chứng như cáu kỉnh, thờ ơ, khó chịu bất thường…</li><li><strong>Trẻ 6-24 tháng</strong>&nbsp;bị sốt trên 38,9°C không đáp ứng với thuốc hoặc kéo dài hơn 1 ngày.</li><li><strong>Trẻ 2-17 tuổi</strong>&nbsp;bị sốt trên 38,9°C hoặc có các triệu chứng như cáu kỉnh, thờ ơ, khó chịu đáng kể. Ngoài ra, hãy đưa bé đi khám nếu cơn sốt không đáp ứng với thuốc hoặc kéo dài hơn 3 ngày.</li></ul><p><br></p><p>Như vậy là các nội dung trong bài viết đã giải thích rõ ràng về tình trạng trẻ sốt cao không hạ dù đã uống thuốc hạ sốt. Hi vọng rằng với những hướng dẫn trên, bạn đã có thể xác định được nguyên nhân và cách xử trí khi trẻ bị sốt cao liên tục.</p>', NULL, '235523484', '2024-03-10 18:11:32', '19', '50', '1', '13', '1'),
('66', 'https://res.cloudinary.com/doccomming/image/upload/v1720610155/cqbexiousvznjnnj1kji.webp', 'Bản dạng giới là gì? Phân biệt bản dạng giới, giới tính sinh học và xu hướng tính dục', 'Ngày nay, xã hội ngày càng công nhận và tôn trọng sự đa dạng giới trong cộng đồng. Mặc dù vậy, nhiều người vẫn còn nhầm lẫn giữa các khái niệm về giới, giới tính, bản dạng giới, xu hướng tính dục… Vậy, bản dạng giới là gì?', '<p><span style=\"color: rgb(38, 38, 38);\">Sự phát triển của xã hội đã dần xóa bỏ những định kiến về giới tính. Thay vào đó, ngày càng có nhiều người thấu hiểu và khẳng định sự tồn tại của cộng đồng LGBT+. Tuy nhiên, quá trình tìm hiểu những định nghĩa khác nhau về “giới tính sinh học” (biological sex), “bản dạng giới” (gender identity), hay “xu hướng tình dục” (sexual orientation)… thường không dễ dàng. Trong bài viết này, Hello Bacsi sẽ giúp bạn hiểu rõ sự khác biệt giữa giới tính, xu hướng tính dục và bản dạng giới là gì.</span></p><p><br></p><h2>Giới tính sinh học (biological sex) là gì?</h2><p><br></p><p>Trước khi biết được bản dạng giới là gì, mời bạn cùng tìm hiểu về giới tính sinh học.</p><p>Giới tính sinh học thường được xác định dựa trên các yếu tố sinh học nhất định, chẳng hạn như giải phẫu bên ngoài – cụ thể là cơ quan sinh sản, nhiễm sắc thể, gen và nội tiết tố. Dựa vào đó, chúng ta có thể xác định một người là nam (male) hay nữ (female) từ khi sinh ra.</p><p><br></p><p>Tuy nhiên, giới tính sinh học không chỉ có hai phân loại. Một số người không phân biệt nam hay nữ được gọi là “liên giới tính” (intersex). Cụm từ này mô tả những người mà ngay từ lúc sinh ra, cơ thể họ đã có những biến thể về cơ quan sinh dục và nhiễm sắc thể.</p><p><br></p><p><span style=\"color: rgb(38, 38, 38);\">Ngày nay, để tránh sự mập mờ và không chính xác khi đề cập đến giới tính của một người, cụm từ “giới tính khi sinh” (sex assigned at birth) được khuyến khích sử dụng thay cho “giới tính” (sex) hay “giới tính sinh học” (biological sex).</span></p><p><br></p><h2>Bản dạng giới (gender identity) là gì?</h2><p><br></p><p><img src=\"https://cdn.hellobacsi.com/wp-content/uploads/2024/02/ban-dang-gioi-5-1024x614.jpg\" alt=\"bản dạng giới\" height=\"384\" width=\"640\"></p><p><br></p><h3><strong>1. Bản dạng giới gender identity là gì?</strong></h3><p>Bản dạng giới (gender identity), còn gọi là nhân dạng giới hay nhân dạng giới tính, đề cập đến trải nghiệm sâu sắc, nội tâm và nhận thức cá nhân của một người về giới tính của bản thân và mong muốn được người khác xưng hô như thế nào.</p><p>Bản dạng giới có thể giống hoặc khác với giới tính được ấn định khi sinh ra. Theo Hiệp hội Tâm lý học Hoa Kỳ (American Psychiatric Association):</p><ul><li>Hầu hết mọi người có bản dạng giới tương ứng với giới tính được xác định khi sinh ra, và được gọi là&nbsp;<strong>cisgender</strong>&nbsp;(người hợp giới).</li><li>Ngược lại, nếu một người có bản dạng giới không khớp với giới tính khi sinh ở nhiều mức độ khác nhau thì được gọi là&nbsp;<strong>transgender</strong>&nbsp;(người chuyển giới hay người hoán tính).</li></ul><p><br></p><h3><strong>2. Sự khác biệt giữa bản dạng giới và thể hiện giới là gì?</strong></h3><p>Thể hiện giới (gender expression) đề cập đến việc con người có thể lựa chọn biểu hiện bản dạng giới của bản thân cho người khác thấy thông qua ngoại hình, phong cách, quần áo, kiểu tóc, kiểu trang điểm, tên gọi tự đặt, hành vi, giọng nói…</p><p><br></p><p>Thực tế, thể hiện giới không phải lúc nào cũng phản ánh bản dạng giới. Một người có thể có hành vi, thái độ và ngoại hình đồng nhất với một chuẩn mực giới cụ thể. Tuy nhiên, cách thể hiện giới này không nhất thiết phải phản ánh chính xác bản dạng giới của người đó.</p><p><br></p><p>Ngoài ra, một khái niệm liên quan mà bạn cần nắm rõ là vai trò giới (gender role). Vai trò giới liên quan đến những tiêu chuẩn xã hội gắn liền với từng giới, được hình thành từ lâu đời. Chẳng hạn như, nữ giới luôn là phái yếu, phải dịu dàng, trong khi nam giới luôn là phái mạnh, phải mạnh mẽ.</p><p><br></p><h3><strong>Nhìn chung</strong></h3><p>Bản dạng giới là ý thức bên trong của mỗi người về bản thân và giới tính của người đó. Khác với thể hiện giới được biểu hiện ra bên ngoài, bản dạng giới lại không được người khác nhìn thấy từ bên ngoài.</p><p><br></p><p>Bản dạng giới và thể hiện giới có thể khớp với nhau hoặc không. Cách một người thể hiện giới có thể phù hợp với những gì gia đình, bạn bè hoặc xã hội liên kết với giới tính, hoặc phù hợp với bản dạng giới của bản thân, hoặc không.</p><p><br></p><h2><strong>Xu hướng tính dục là gì?</strong></h2><p>Mặc dù đã hiểu rõ bản dạng giới là gì, nhưng nhiều người vẫn thường nhầm lẫn bản dạng giới và xu hướng tính dục là một. Thực tế, bản dạng giới và xu hướng tính dục gắn liền với nhau nhưng không giống nhau.</p><p><br></p><p>Xu hướng tính dục (sexual orientation) đề cập đến sự hấp dẫn lâu dài về mặt tình dục, thể chất (physical attraction) và/hoặc tình cảm, cảm xúc (emotional attraction) đối với người khác, bao gồm cả những người cùng giới và/hoặc những người thuộc các giới tính khác.</p><p><br></p><p>Bạn có thể biết đến các xu hướng tính dục thông qua các cụm từ thường gặp như toàn tính, đồng tính (homosexual), dị tính (heterosexual), song tính (bisexual), vô tính. Trên thực tế, có đến 47 thuật ngữ khác nhau về xu hướng tính dục, giúp mọi người tự định danh bản thân theo cách phù hợp nhất.</p><p><br></p><h3><strong>Vậy, sự khác biệt giữa bản dạng giới và xu hướng tính dục là gì?</strong></h3><p><br></p><p>Bản dạng giới tách biệt với xu hướng tình dục. Mọi người thuộc bất kỳ giới tính nào đều có thể có bất kỳ xu hướng tính dục nào.</p><p>Hiểu đơn giản, bản dạng giới nói lên con người bạn, còn xu hướng tính dục nói lên yếu tố hấp dẫn và người khiến bạn bị thu hút về mặt thể chất, tình dục, tình cảm và cảm xúc.</p><p><br></p><h2><strong>Hệ nhị nguyên giới là gì?</strong></h2><p><img src=\"https://cdn.hellobacsi.com/wp-content/uploads/2024/02/ban-dang-gioi-3-1024x683.jpg\" alt=\"hệ nhị nguyên giới\" height=\"427\" width=\"640\"></p><p><br></p><p>Đến đây, chắc hẳn bạn đã hiểu được bản dạng giới là gì. Tiếp theo đây, hãy cùng Hello Bacsi tìm hiểu về hệ nhị nguyên giới.</p><p>Hệ nhị nguyên giới (gender binary), hay còn gọi là hệ nhị phân giới, là một hệ thống truyền thống trong xã hội, phân giới tính thành hai thái cực đối lập nhau, hoặc là nam, hoặc là nữ.</p><p><br></p><p>Tuy nhiên, giới tính không phải là một cán cân đơn giản như vậy. Thực tế cho thấy, giới tính giống như một quang phổ (spectrum) hơn. Nó có thể nằm ở một điểm bất kỳ, có thể giữ nguyên hoặc không cố định, có thể thay đổi theo thời gian.</p><p><br></p><p>Chính vì vậy mà hệ phi nhị nguyên giới ra đời. Những người không muốn bị gắn nhãn bởi hệ nhị nguyên giới sử dụng thuật ngữ \"người phi nhị nguyên giới\" để mô tả bản thân. Những người này không miêu tả bản thân hoặc giới tính của họ trong khuôn khổ nam hay nữ.</p><p><br></p><p>Ngoài ra, những người cảm thấy giới tính của bản thân thay đổi theo thời gian cũng có thể sử dụng thuật ngữ “linh hoạt giới” (genderfluid) để miêu tả sự biến đổi trong cách thể hiện giới tính.</p><p><br></p><h2><strong>Sự phát triển bản dạng giới ở trẻ em</strong></h2><p><img src=\"https://cdn.hellobacsi.com/wp-content/uploads/2024/02/ban-dang-gioi-2.jpg\" alt=\"bản dạng giới ở trẻ em\" height=\"667\" width=\"1000\"></p><p><br></p><p>Như vậy là bạn đã biết được bản dạng giới là gì và sự khác biệt giữa bản dạng giới, giới tính sinh học, thể hiện giới, xu hướng tình dục… ra sao. Vậy, ở trẻ em thì quá trình phát triển và nhận thức bản dạng giới xảy ra như thế nào? Hãy cùng tìm hiểu nhé!</p><p><br></p><p>Khi sinh ra, trẻ sơ sinh được xác định là nam hay nữ dựa trên đặc điểm sinh học. Tuy nhiên, khi lớn lên, sự tương tác giữa các đặc điểm sinh học, những ảnh hưởng trong quá trình phát triển và điều kiện môi trường sống sẽ tác động đến ý thức bên trong của trẻ về con người của bé, từ đó khiến bé có nhận thức về bản dạng giới của bản thân. Các bản dạng giới có thể là nam, nữ, cả hai, không nam không nữ…</p><p><br></p><p>Sự tự nhận thức về bản dạng giới phát triển theo thời gian, giống như cách cơ thể của trẻ phát triển. Hầu hết nhân dạng giới tính của trẻ em đều khớp với giới tính khi sinh ra. Tuy nhiên, đối với một số trẻ, sự tương thích giữa giới tính khi sinh và bản dạng giới không quá rõ ràng.</p><p><br></p><h3><strong>1. Bản dạng giới phát triển ở trẻ em như thế nào?</strong></h3><p>Bản dạng giới ở trẻ em thường phát triển theo 3 giai đoạn sau:</p><p><br></p><ul><li><strong>Khoảng 2 tuổi:</strong>&nbsp;Trẻ nhận thức được sự khác biệt về thể chất giữa bé trai và bé gái. Hầu hết trẻ em trong độ tuổi từ 18-24 tháng đều có thể nhận biết và gọi tên các nhóm giới tính. Bé cũng có thể xác định người khác là con gái, phụ nữ, hoặc là con trai, đàn ông.</li><li><strong>Trước 3 tuổi:</strong>&nbsp;Hầu hết trẻ có thể dễ dàng tự nhận bản thân là con trai hay con gái.</li><li><strong>Đến 4 tuổi:</strong>&nbsp;Hầu hết trẻ đều có nhận thức ổn định về bản dạng giới của bản thân là gì.</li></ul><p><br></p><p>Trong khoảng thời gian này, bé cũng học được hành vi về vai trò giới tính, nghĩa là làm những việc mà con trai làm, hoặc làm những việc con gái thường làm. Tuy nhiên, việc trẻ có những sở thích khác giới hoặc chơi những trò chơi không phù hợp với giới tính khi sinh được xem là một phần bình thường trong quá trình phát triển và khám phá giới tính của bé, bất kể bản dạng giới tương lai của trẻ là gì.</p><p><br></p><p>Nhìn chung, theo thời gian, tất cả trẻ em đều có xu hướng phát triển cái nhìn rõ ràng hơn về bản thân và giới tính của bé. Ở độ tuổi 5 hoặc 6, hầu hết trẻ đều cứng nhắc về giới tính và sở thích. Những cảm giác này có xu hướng trở nên linh hoạt hơn khi bé lớn lên.</p><p><br></p><h3><strong>Có thể bạn chưa biết</strong></h3><ul><li>80% người trưởng thành thuộc nhóm transgender cho biết họ “khác biệt” ngay từ khi còn học tiểu học.</li><li>96% người trưởng thành thuộc nhóm transgender nhận ra bản thân thuộc nhóm này trước khi bước vào độ tuổi trưởng thành.</li><li>Trung bình, phải đến khi được 15 tuổi thì những trẻ đa dạng giới mới có đủ vốn từ để hiểu và nói về bản dạng giới của mình.</li></ul><p><br></p><h3><strong>2. Trẻ em thường biểu hiện bản dạng giới của bé như thế nào?</strong></h3><p><br></p><p><img src=\"https://cdn.hellobacsi.com/wp-content/uploads/2024/02/ban-dang-gioi.jpg\" alt=\"biểu hiện của trẻ theo bản dạng giới\" height=\"667\" width=\"1000\"></p><p><br></p><p>Trẻ em thuộc nhóm người hoán tính có bản dạng giới khác với giới tính khi sinh. Trong nhiều trường hợp, trẻ có thể chọn nói ra cảm giác của mình. Bé có thể xác định rõ ràng bản thân là con trai, con gái, hoặc không phải hay không hoàn toàn là nam hay nữ. Thậm chí, có trẻ còn nhấn mạnh rằng bé có giới tính khác với giới tính khi sinh.</p><p><br></p><p>Ngoài ra, các bé cũng thường thể hiện bản dạng giới thông qua những cách như sau:</p><ul><li>Quần áo, cách ăn mặc</li><li>Kiểu tóc</li><li>Đồ chơi (mong muốn mãnh liệt được chơi đồ chơi thường dành cho bé khác giới)</li><li>Trò chơi nhập vai</li><li>Tên hoặc biệt danh yêu thích</li><li>Hành vi xã hội (hung hăng, thống trị, dịu dàng, nhẹ nhàng…)</li><li>Một số hành vi trong nhà vệ sinh hoặc phòng tắm, chẳng hạn như bé gái nhất quyết tiểu đứng</li><li>Phong cách, cử chỉ, ngôn ngữ cơ thể cho thấy bé nam tính hay nữ tính</li><li>Các mối quan hệ xã hội, bao gồm cả giới tính của bạn bè và những người mà bé bắt chước phong cách</li><li>Ác cảm với việc mặc đồ tắm theo giới tính khi sinh</li><li>Thích đồ lót dành cho người khác giới</li></ul><p><br></p><p>Nếu trẻ có những thể hiện giới đã đề cập, đừng vội khẳng định bản dạng giới hay giới tính của bé là gì. Hãy quan sát trẻ một thời gian. Nếu trẻ vẫn tiếp tục có những biểu hiện này khi lớn lên, đó có thể là con người thật của bé.</p><p><br></p><p>Tuy nhiên, cần nhớ rằng, bản dạng giới và thể hiện giới có thể khác nhau. Đặc biệt, ở những nơi mà tình trạng đa dạng giới vẫn chưa được tôn trọng và chấp nhận, một số trẻ có thể cố gắng cư xử theo hướng giống với giới tính khi sinh của bé, nhưng khác với bản dạng giới.</p><p><br></p><h3><strong>3. Cha mẹ nên làm gì để hỗ trợ bé?</strong></h3><p>Tất cả trẻ em đều cần có cơ hội khám phá các vai trò giới tính khác nhau. Do đó, cha mẹ cần đảm bảo môi trường sống của trẻ phản ánh sự đa dạng vai trò giới, đồng thời tạo điều kiện cho bé khám phá đa dạng giới thông qua các hình thức như:</p><ul><li>Sách hoặc câu đố dành cho trẻ em có nội dung về đàn ông và phụ nữ trong các vai trò giới khác với khuôn mẫu, chẳng hạn như sách về những ông bố nội trợ, những bà mẹ đi làm, nam y tá, nữ cảnh sát…</li><li>Đa dạng loại đồ chơi cho bé lựa chọn, như búp bê, xe đồ chơi, siêu nhân hành động, hình khối…</li><li>Để trẻ tự do lựa chọn môn thể thao, hoạt động ngoại khóa, sở thích… gắn liền với giới tính của bé.</li></ul><p><br></p><p>Ngoài ra, nếu cha mẹ nhận thấy trẻ có những thể hiện giới khác với giới tính khi sinh, hãy hỗ trợ bé hiểu hơn bản dạng giới là gì thông qua những cách sau:</p><ul><li>Lắng nghe cảm xúc và suy nghĩ của trẻ về bản dạng giới.</li><li>Trò chuyện và đặt câu hỏi cho con mà không phán xét hay gắt gỏng.</li><li>Cho phép trẻ thể hiện giới ở nơi công cộng hoặc tại các hoạt động gia đình.</li><li>Để bé tiếp xúc với những người bạn, tham gia những hoạt động có sự hội tụ của đa dạng giới.</li><li>Đừng cho rằng việc thể hiện giới tính của trẻ là một hình thức nổi loạn hoặc hành vi thách thức người khác.</li><li>Đừng cố làm xấu hổ hoặc trừng phạt trẻ chỉ vì bé thể hiện giới tính.</li><li>Không cho phép những người khác trong gia đình coi thường hoặc chế giễu việc thể hiện giới tính của trẻ.</li><li>Hiểu rằng việc bị phân biệt đối xử vì có bản dạng giới khác biệt không phải là lỗi của bé.</li><li>Nói lời tích cực và thể hiện sự chấp thuận của bạn đối với trẻ bất kể bản dạng giới của con là gì.</li><li>Làm quen, kết nối với các gia đình khác có con thuộc nhóm người có bản dạng giới khác với giới tính khi sinh. Cách này giúp giảm bớt cảm giác bị cô lập của trẻ.</li></ul><h3><strong>1. Có bao nhiêu bản dạng giới?&nbsp;</strong></h3><p>Nếu bạn thắc mắc bản dạng giới gồm những gì, có bao nhiêu loại bản dạng giới, các loại bản dạng giới là gì… thì thực chất là không có số lượng cố định về bản dạng giới. Bản dạng giới trải dài trên một quang phổ, và nó có thể vô hạn. Mỗi người có thể cảm thấy một điểm nhất định trên quang phổ mang lại cảm giác thoải mái và chính xác nhất cho bản thân. Cảm giác này có thể thay đổi theo thời gian.</p><p><br></p><p>Các loại bản dạng giới phổ biến bao gồm hợp giới, hoặc thuộc nhóm phi nhị nguyên giới như vô giới (agender), linh hoạt giới (genderfluid), song giới (bigender), androgyne…</p><p><br></p><h3><strong>2. Các yếu tố ảnh hưởng đến bản dạng giới là gì?</strong></h3><p>Hiện nay, vẫn chưa có nghiên cứu cho thấy yếu tố chính xác ảnh hưởng đến bản dạng giới là gì. Tuy nhiên, có quan điểm cho rằng, nhiều yếu tố khác nhau đóng một vai trò nhất định trong việc ảnh hưởng đến bản dạng giới của con người, bao gồm yếu tố di truyền, xã hội, văn hóa, sự lựa chọn của cá nhân…</p><p><br></p><h3><strong>3. Cách tự nhận biết bản dạng giới là gì?</strong></h3><p>Nhiều người băn khoăn không biết cách để nhận biết bản dạng giới là gì? Sau đây là các bước giúp bạn hiểu rõ bản thân và giới tính của mình, từ đó tự xác định bản dạng giới:</p><ul><li><strong>Bước 1:</strong>&nbsp;Tìm hiểu bản dạng giới là gì, ý nghĩa của giới tính sinh học, thể hiện giới, xu hướng tính dục và để ý xem bạn cảm thấy như thế nào về những khái niệm này.</li><li><strong>Bước 2:</strong>&nbsp;Suy nghĩ về các bản dạng giới và cảm nhận xem loại nào khiến bạn cảm thấy thoải mái. Bạn cũng có thể trò chuyện với bạn bè thuộc nhiều giới tính khác nhau để hiểu rõ hơn cảm xúc của bản thân.</li></ul><p><br></p><p>Hi vọng bài viết trên đã giúp bạn hiểu rõ bản dạng giới là gì. Điều quan trọng cần nhớ là nhân dạng giới không phải lúc nào cũng giống với giới tính sinh học. Bản dạng giới phụ thuộc vào cách mà bạn nhận thức bản thân là ai và xác định giới tính của mình là gì, và điều này có thể thay đổi theo thời gian.</p><p><br></p>', NULL, '235523484', '2024-02-10 18:15:55', '19', '51', '1', NULL, '2'),
('67', 'https://res.cloudinary.com/doccomming/image/upload/v1720610441/jworaqpfxe7fcuymhhbo.jpg', 'Bị khô mũi: Top 7 nguyên nhân thường gặp và các lưu ý trong điều trị', 'Việc lớp niêm mạc mũi không được cung cấp đủ độ ẩm khiến mũi bị khô, khó chịu, thậm chí là gây chảy máu mũi. Thực tế là triệu chứng khô mũi có thể xuất phát từ nhiều nguyên nhân khác nhau như thói quen sinh hoạt, môi trường sống, đôi khi là cả những bệnh lý cần chú ý.', '<h2><strong>Khô mũi hay mũi bị khô là gì?</strong></h2><p><br></p><p>Tình trạng khô mũi xảy ra khi lớp niêm mạc màng nhầy trong khoang mũi không đủ độ ẩm dẫn đến việc khoang mũi bị khô, khó chịu, chảy máu mũi và các triệu chứng khác như đau hốc mũi, đau xoang… May mắn thay, việc điều trị tình trạng mũi bị khô thường khá dễ dàng khi kết hợp các biện pháp điều trị tại nhà và tuân thủ đúng hướng dẫn của bác sĩ.</p><p><br></p><p>Trong những trường hợp nghiêm trọng, nếu tình trạng mũi bị khô kéo dài không điều trị có thể làm gia tăng nguy cơ bị nhiễm trùng cho khoang mũi.</p><p><br></p><h2><strong>Mũi bị khô sẽ có những dấu hiệu và triệu chứng nào?</strong></h2><p><img src=\"https://cdn.hellobacsi.com/wp-content/uploads/2023/10/bi-kho-mui-1.jpg\" alt=\"triệu chứng mũi bị khô\" height=\"563\" width=\"1000\"></p><p><br></p><h3><strong>1. Triệu chứng mũi bị khô</strong></h3><p><br></p><p>Tình trạng khô mũi hay mũi bị khô có thể gây ra các triệu chứng không thoải mái ở đầu, mũi, miệng và cổ họng. Đi kèm với triệu chứng khô mũi, bạn có thể có thêm các dấu hiệu phổ biến như:</p><ul><li>Đau họng</li><li>Đau đầu</li><li>Đau xoang mũi hoặc cảm thấy có áp lực trên mũi</li><li>Khô miệng…</li></ul><p><br></p><p>Khi hốc xoang khô, bộ phận này sẽ không sản xuất đủ chất nhầy khiến cổ họng, mũi và khoang miệng cũng bị khô.</p><p><br></p><p>Khi xoang mũi quá khô, các mô sẽ viêm và kích thích. Tình trạng kích thích trong xoang cũng có thể dẫn đến đau đầu, đau nhức ở vùng má và áp lực trong xoang.</p><p><br></p><h3><strong>2. Khô mũi có nguy hiểm không, khi nào cần đi khám?</strong></h3><p>Tình trạng mũi bị khô có thể là dấu hiệu của các bệnh lý nghiêm trọng. Do đó, nếu không điều trị kịp thời có thể dẫn đến các biến chứng nghiêm trọng, chẳng hạn như:</p><ul><li>Nhiễm trùng mũi xoang</li><li>Viêm thanh quản</li><li>Viêm họng</li><li>Chảy máu mũi…</li></ul><p><br></p><p>Bạn cần đi khám ngay nếu nhận thấy mũi bị khô và có thêm một trong các triệu chứng sau:</p><ul><li>Đau nặng mặt</li><li>Đau xoang</li><li>Sốt</li><li>Dịch mũi đặc có màu đục, xanh lá cây hoặc màu vàng</li><li>Nghẹt mũi</li><li>Mũi bị kích thích hoặc đau họng</li><li>Ho</li><li>Khàn giọng.</li></ul><p><br></p><h2><strong>Top 7 nguyên nhân gây khô mũi thường gặp</strong></h2><p><img src=\"https://cdn.hellobacsi.com/wp-content/uploads/2023/10/bi-kho-mui-3.jpg\" alt=\"nguyên nhân mũi bị khô: dị ứng\" height=\"667\" width=\"1000\"></p><p>Theo các chuyên gia sức khỏe, nguyên nhân khô mũi có thể đến từ thói quen sinh hoạt, môi trường sống hoặc bắt nguồn từ một số bệnh lý cần quan tâm, cụ thể như:</p><p><br></p><h3><strong>1. Cơ thể thiếu chất lỏng</strong></h3><p>Thói quen uống nước ít, thường xuyên quên uống nước khiến cơ thể thiếu lượng chất lỏng cần thiết cũng là nguyên nhân gây khô mũi. Khi cơ thể không có đủ độ ẩm thì các chất nhầy trong mũi cũng không được cung cấp đủ lượng chất ẩm cần thiết để giúp niêm mạc mũi ở trạng thái như bình thường.</p><p><br></p><p>Đôi khi, bạn cũng có thể bị khô mũi khi cơ thể quá nóng vì đang trải qua cơn sốt khiến cơ thể bị mất nước. Do đó, cần cung cấp đủ lượng nước cần thiết cho cơ thể thông qua việc bổ sung đủ nước, nước trái cây, trái cây mọng nước, canh, soup…</p><p><br></p><h3><strong>2. Do phản ứng với môi trường sống</strong></h3><p>Tình trạng mũi bị khô có thể là dấu hiệu cho thấy cơ thể bạn đang phản ứng lại với môi trường sống.</p><p><br></p><ul><li><strong><em>Không khí quá khô:</em></strong><em>&nbsp;</em>Việc sinh hoạt trong không gian mà độ ẩm quá thấp, đặc biệt là vào mùa lạnh có thể khiến đường mũi và xoang bị khô và rát. Bên cạnh đó, thói quen sử dụng điều hòa trong thời gian dài cũng có thể là nguyên nhân gây khô mũi. Do đó, bạn hãy sử dụng máy tạo độ ẩm để bảo vệ đường mũi và đường thở nhé.</li><li><strong>Hóa chất và chất kích thích từ môi trường:&nbsp;</strong>Nhiều hóa chất và sản phẩm tẩy rửa có thể kích ứng đường mũi và xoang, khiến bạn bị khô xoang, đau họng, khô mũi, chảy máu cam và các triệu chứng tương tự như dị ứng. Một số chất có thể kích thích mũi như:</li><li class=\"ql-indent-1\">Các sản phẩm tẩy rửa trong nhà</li><li class=\"ql-indent-1\">Khói thuốc lá, khói nhang, nến thơm…</li><li class=\"ql-indent-1\">Sơn nhà</li><li class=\"ql-indent-1\">Nước hoa, nước xịt phòng có mùi mạnh…</li></ul><h3><br></h3><h3><strong>3. Khô mũi do mắc các bệnh hô hấp</strong></h3><p><img src=\"https://cdn.hellobacsi.com/wp-content/uploads/2023/10/bi-kho-mui-2.jpg\" alt=\"mũi bị khô do bệnh đường hô hấp\" height=\"667\" width=\"1000\"></p><p><br></p><p>Các bệnh đường hô hấp ảnh hưởng trực tiếp đến đường thở, đặc biệt là mũi. Do đó, việc gặp phải một trong các chứng bệnh hô hấp như: viêm họng, viêm xoang, chấn thương, xung huyết mũi… cũng có thể là nguyên nhân khiến mũi bị khô. Đôi khi, tình trạng khô mũi còn đi kèm với các dấu hiệu&nbsp; khác như nghẹt mũi, khó thở, thở bằng miệng, khô miệng….</p><p><br></p><h3><strong>4. Dị ứng khiến mũi bị khô</strong></h3><p>Theo các chuyên gia sức khỏe, dị ứng cũng là một trong những nguyên nhân hàng đầu khiến bạn phải trải qua tình trạng mũi bị khô gây khó chịu. Cụ thể:</p><p><br></p><p><strong><em>Dị ứng theo mùa:</em></strong><em> </em>Việc bị dị ứng theo mùa như viêm mũi dị ứng có thể khiến xoang bị kích thích, mô mũi khô và viêm. Điều này làm chất nhầy dày lại hoặc dính hơn và khiến cho tình trạng niêm mạc mũi bị khô nghiêm trọng hơn. Viêm mũi dị ứng có thể được kích hoạt bởi: phấn hoa, cỏ, cây, bụi… Tùy thuộc vào nơi sống, bạn có thể bị dị ứng nhiều hơn một lần mỗi năm. Các triệu chứng dị ứng theo mùa bao gồm:</p><ul><li>Chảy nước mũi hoặc nghẹt mũi</li><li>Đau họng</li><li><br></li><li>Ngứa hoặc chảy nước mắt</li><li>Hắt xì</li><li>Ngứa họng, xoang hoặc ống tai</li><li>Hội chứng chảy dịch mũi sau&nbsp;Dịch trong tai</li><li>Đau đầu</li><li>Ho&nbsp;Thở khò khè</li><li>Khó thở</li></ul><p><br></p><p><strong><em>Dị ứng lông vật nuôi:&nbsp;</em></strong>Tương tự như dị ứng theo mùa, dị ứng với vật nuôi, chẳng hạn như lông mèo hoặc lông chó, có thể khiến xoang bị kích thích và khô mũi.</p><p><br></p><h3><strong>5. Mũi bị khô do tác dụng phụ của thuốc</strong></h3><p>Trong một số trường hợp, việc dùng thuốc chống dị ứng (kể cả kê đơn và không kê đơn) cũng có thể khiến xoang mũi bị khô.</p><p>Theo các chuyên gia sức khỏe, các thuốc làm khô chất nhầy dư thừa trong mũi như thuốc kháng histamine và thuốc xông mũi cũng có thể là nguyên nhân gây khô xoang mũi. Do đó, nếu bạn đang sử dụng bất kỳ loại thuốc nào và nhận thấy mũi bị khô, hãy hỏi ý kiến dược sĩ hoặc bác sĩ ngay. Họ có thể điều chỉnh liều hoặc thay thuốc khác cho bạn.</p><p><br></p><h3><strong>6. Bị khô mũi do mắc hội chứng Sjogren</strong></h3><p>Hội chứng sjogren là một rối loạn tự miễn ngăn cơ thể tiết ra đủ lượng dịch cần thiết cho các tuyến như tuyến lệ, tuyến nước bọt. Do đó, những người mắc hội chứng này thường bị khô mắt và khô miệng. Vì rối loạn ảnh hưởng đến toàn bộ cơ thể, nên nó cũng có thể khiến màng nhầy trở nên quá khô. Ở một số người, điều này có thể dẫn đến các xoang bị khô.</p><p><br></p><p>Một số triệu chứng của hội chứng Sjogren bao gồm:</p><ul><li>Khô miệng</li><li>Khô mắt</li><li>Da khô</li><li>Đau khớp</li><li>Khô âm đạo</li><li>Mệt mỏi</li><li>Viêm da</li><li>Viêm mãn tính</li></ul><p><br></p><h3><strong>7. Viêm mũi teo</strong></h3><p>Viêm mũi teo là tình trạng này làm cho niêm mạc mũi co lại và dày hơn khiến đường mũi khô lại, ảnh hưởng lớn đến các mạch máu ở khu vực này. Các biến chứng có thể bao gồm mất thính giác, chảy máu cam và nhiễm trùng.</p><p><br></p><h2><strong>Mũi bị khô: Chẩn đoán và điều trị như thế nào?</strong></h2><p><img src=\"https://cdn.hellobacsi.com/wp-content/uploads/2023/10/bi-kho-mui-4.jpg\" alt=\"chẩn đoán mũi bị khô\" height=\"667\" width=\"1000\"></p><p><br></p><h3><strong>1. Chẩn đoán</strong></h3><p>Việc chẩn đoán mũi bị khô là khá dễ dàng. Thế nên các bác sĩ có thể nhanh chóng xác nhận được tình trạng này thông qua việc kiểm tra lâm sàng. Tuy nhiên việc xác định khuyên nhân gây khô mũi có thể khó khăn hơn. Dựa vào các triệu chứng mà các bác sĩ sẽ phần nào xác định vấn đề của bạn.</p><p><br></p><p><strong><em>Để chẩn đoán nguyên nhân gây khô mũi là do dị ứng:</em></strong> Các bác sĩ sẽ đề nghị bạn thực hiện xét nghiệm dị ứng. Từ kết quả xét nghiệm, bác sĩ sẽ chỉ ra chính xác nguyên nhân bạn bị dị ứng và mức độ phản ứng. Điều này chỉ ra rằng bạn cần tránh những chất gây dị ứng đã được xác định hoặc có được phương thức hỗ trợ điều trị mũi bị khô từ bác sĩ chuyên khoa.</p><p><br></p><p><strong><em>Để chẩn đoán các vấn đề khác về xoang mũi:</em></strong> Các bác sĩ có thể hoàn thành nội soi để kiểm tra khoang mũi. Từ các hình ảnh thu thập được, các bác sĩ có thể đưa ra chẩn đoán.</p><p><br></p><p><strong><em>Chẩn đoán hội chứng Sjögren: </em></strong>Việc chẩn đoán tình trạng mũi bị khô của bạn có phải là do hội chứng Sjogren hay không thường dựa trên việc xem xét kỹ càng các triệu chứng mà bạn gặp phải, tiến hành xét nghiệm nước bọt hoặc máu để tìm kiếm các kháng thể cần thiết.</p><p><br></p><h3><strong>2. Điều trị</strong></h3><p>Mũi bị khô được điều trị như thế nào? Lời khuyên đầu tiên mà bạn có thể nhận được là đừng ngoáy mũi. Bởi hành động này có thể đưa virus và vi khuẩn vào mũi, làm lây lan các bệnh về đường hô hấp…&nbsp; Tùy theo các nguyên nhân gây khô mũi, mà các bác sĩ sẽ có chỉ định phù hợp.</p><p><br></p><ul><li class=\"ql-indent-1\">Đối với các tình trạng nhẹ, bác sĩ có thể hướng dẫn bạn tự điều trị tại nhà để giảm bớt sự khó chịu:&nbsp;Uống nhiều nước để cơ thể có đủ lượng chất lỏng cần thiết</li><li class=\"ql-indent-1\">Sử dụng nước muối sinh lý để vệ sinh mũi họng</li><li class=\"ql-indent-1\">Tránh sinh hoạt ở những nơi có nhiều khói bụi ô nhiễm</li><li class=\"ql-indent-1\">Tắm bằng nước ấm</li><li class=\"ql-indent-1\">Ngưng dùng thuốc làm thông mũi hoặc kháng histamine. Nếu là thuốc kê toa, bạn hãy thông báo các triệu chứng xoang khô cho bác sĩ để họ có những điều chỉnh thích hợp</li><li class=\"ql-indent-1\">Xông hơi với nước nóng…</li><li class=\"ql-indent-1\">Trường hợp nặng, việc điều trị sẽ tùy thuộc vào từng nguyên nhân gây ra, chẳng hạn như:&nbsp;Khô mũi là do tác dụng phụ của thuốc: Điều chỉnh hoặc thay đổi đơn thuốc để tránh tác dụng phụ gây khô</li><li class=\"ql-indent-1\">Hội chứng Sjogren: Điều trị các triệu chứng của hội chứng này bằng thuốc chống viêm không steroid (NSAID), corticosteroid&nbsp;hoặc thuốc ức chế miễn dịch.</li><li class=\"ql-indent-1\">Do dị ứng: Xác định tác nhân gây dị ứng, tránh xa chúng và dùng thuốc chống dị ứng khi cần thiết.</li></ul><p><br></p>', NULL, '235523484', '2024-01-10 18:20:41', '20', '53', '1', '16', '1'),
('68', 'https://res.cloudinary.com/doccomming/image/upload/v1720610679/odpoylzs01mrheexipir.jpg', 'Tìm hiểu nguyên nhân u xơ tử cung là gì?', 'Khoảng 20-80% phụ nữ phát triển u xơ tử cung khi họ bước qua tuổi 50. Một số trường hợp u xơ diễn ra thầm lặng, không có triệu chứng nhưng cũng có một số trường hợp u xơ gây ảnh hưởng nhiều đến sinh hoạt hằng ngày.', '<h2><strong>Nguyên nhân gây u xơ tử cung&nbsp;</strong></h2><p><br></p><p><br></p><p><img src=\"https://cdn.hellobacsi.com/wp-content/uploads/2022/10/nguyen-nhan-u-xo-tu-cung-1.jpg\" alt=\"nguyên nhân u xơ tử cung\" height=\"832\" width=\"1000\"></p><p><br></p><p>U xơ tử cung là khối u lành tính, hình thành từ sự phát triển quá mức của cơ trơn ở tử cung. Cho đến bây giờ, các chuyên gia vẫn chưa tìm ra được chính xác nguyên nhân u xơ tử cung. Nhưng những nghiên cứu và kinh nghiệm trên lâm sàng cho thấy, phụ nữ có thể bị u xơ tử cung do:&nbsp;</p><p><br></p><p><strong>Thay đổi di truyền.</strong> Các tế bào u xơ tử cung có sự khác biệt về gen so với các tế bào lành.&nbsp;</p><p><br></p><p><strong>Sự biến đổi liên quan đến nội tiết tố nữ </strong>là nguyên nhân u xơ tử cung quan trọng. Estrogen và progesterone là hai hormone kích thích sự phát triển của niêm mạc tử cung trong mỗi chu kỳ kinh nguyệt và chuẩn bị mang thai, cũng là yếu tố xuất hiện để phát triển u xơ tử cung.&nbsp;</p><p><br></p><p><span style=\"color: rgb(38, 38, 38);\">U xơ chứa nhiều thụ thể estrogen và progesterone hơn các tế bào cơ tử cung điển hình. Các khối u xơ có xu hướng nhỏ lại sau khi mãn kinh do sự giảm sản xuất hormone.</span></p><p><br></p><ul><li><strong>Các chất giúp cơ thể duy trì lượng mô</strong>&nbsp;<strong>của cơ thể</strong>&nbsp;chẳng hạn như yếu tố tăng trưởng giống insulin (insulin IGF), có thể ảnh hưởng đến sự phát triển của khối u xơ.</li><li><br></li><li><strong>Chất nền ngoại bào (ECM).</strong>&nbsp;ECM là một vật liệu giúp tế bào kết dính lại với nhau, giống như vữa. Trong u xơ tử cung, ECM tăng lên đồng thời ECM cũng dự trữ các yếu tố tăng trưởng và gây ra thay đổi trong chính tế bào u xơ.</li></ul><p><br></p><p>Bên cạnh đó, một số yếu tố cũng được cho là liên quan đến nguyên nhân gây u xơ tử cung bao gồm: tăng giảm cân đột ngột, viêm cổ tử cung và tử cung, stress kéo dài, quan hệ tình dục quá sớm,…</p><p><br></p><h2><strong>Những ai thường mắc bệnh u xơ tử cung?&nbsp;</strong></h2><p>Hầu hết phụ nữ trong độ tuổi sinh sản đều có nguy cơ bị u xơ tử cung. Trong đó, một số yếu tố có thể làm tăng nguy cơ phát triển u xơ tử cung ở phụ nữ:&nbsp;</p><p><br></p><ul><li>Tuổi tác. U xơ tử cung thường tỷ lệ thuận với tuổi, chúng thường dễ xuất hiện ở phụ nữ trong độ tuổi 30 và 40 cho đến thời kỳ mãn kinh. Sau khi&nbsp;mãn kinh, u xơ tử cung thường nhỏ lại.</li><li>Tiền sử gia đình có mẹ hoặc chị bị u xơ tử cung sẽ làm tăng nguy cơ mắc bệnh.</li><li>Chủng tộc. Phụ nữ Mỹ gốc Phi có nhiều khả năng bị u xơ tử cung hơn phụ nữ da trắng.</li><li>Béo phì. Phụ nữ thừa cân có nguy cơ bị u xơ tử cung cao hơn. Đối với những phụ nữ có cân nặng lớn, nguy cơ mắc phải u xơ tử cung cao hơn mức trung bình từ hai đến ba lần.</li><li>Thói quen ăn uống. Ăn nhiều thịt đỏ ví dụ như thịt bò có liên quan đến nguy cơ cao mắc bệnh u xơ tử cung. Ngược lại, ăn nhiều rau xanh dường như bảo vệ chị em khỏi bị u xơ tử cung.</li></ul><p><br></p><h2><strong>Có thể phòng ngừa u xơ tử cung được không?&nbsp;</strong></h2><p><br></p><p><img src=\"https://cdn.hellobacsi.com/wp-content/uploads/2022/10/nguyen-nhan-u-xo-tu-cung-2.jpg\" alt=\"nguyên nhân u xơ tử cung\" height=\"667\" width=\"1000\"></p><p><br></p><p>Bởi vì không biết chắc chắn nguyên nhân u xơ tử cung nên bác sĩ rất khó để xác định hướng phát triển hay cách làm chúng nhỏ lại. Nhưng việc kiểm soát hormone estrogen và progesterone được đánh giá là cần thiết. Bằng chứng là các nhân xơ tử cung sẽ có xu hướng phát triển nhanh chóng vào thời kỳ mang thai, khi mà hormone tăng cao hay các khối u xơ sẽ có xu hướng nhỏ lại hoặc dùng phát triển khi phụ nữ bước vào thời kỳ mãn kinh.&nbsp;</p><p><br></p><h3><strong>Có thể phòng ngừa u xơ tử cung được không?</strong></h3><p><span style=\"color: rgb(38, 38, 38);\">Bởi vì không biết chắc chắn nguyên nhân u xơ tử cung nên bác sĩ rất khó để xác định hướng phát triển hay cách làm chúng nhỏ lại. Nhưng việc kiểm soát hormone estrogen và progesterone được đánh giá là cần thiết. Bằng chứng là các nhân xơ tử cung sẽ có xu hướng phát triển nhanh chóng vào thời kỳ mang thai, khi mà hormone tăng cao hay các khối u xơ sẽ có xu hướng nhỏ lại hoặc dùng phát triển khi phụ nữ bước vào thời kỳ mãn kinh.&nbsp;</span></p><p><br></p><p>Hy vọng qua bài viết này, chị em phụ nữ có thể hiểu rõ nguyên nhân u xơ tử cung đến hiện nay vẫn chưa được xác định rõ ràng. Vì thế, không có cách chắc chắn phòng ngừa u xơ tử cung, cách tốt nhất là bạn nên duy trì một lối sống lành mạnh và định kỳ thăm khám phụ khoa, để kịp thời phát hiện dấu hiệu u xơ tử cung. Việc phát hiện sớm u xơ tử cung sẽ giúp bác sĩ đưa ra hướng dẫn chăm sóc và điều trị hiệu quả cho bệnh nhân.&nbsp;</p><p><br></p><p><br></p>', NULL, '235523484', '2024-02-10 18:24:39', '21', '54', '1', '15', '1'),
('69', 'https://res.cloudinary.com/doccomming/image/upload/v1720610963/htjln7jsihqlg22h7mdf.jpg', 'Buồng trứng đa nang có nguy hiểm không? 9 biến chứng nghiêm trọng của đa nang buồng trứng', '“Buồng trứng đa nang có nguy hiểm không?” luôn là vấn đề mà những người mắc phải hội chứng này quan tâm. Nguyên do là bởi những biến chứng mà bệnh gây ra có thể ảnh hưởng nghiêm trọng đến sức khỏe phụ nữ. ', '<h2><strong>Buồng trứng đa nang ảnh hưởng đến sức khỏe như thế nào?</strong></h2><p><br></p><p><img src=\"https://cdn.hellobacsi.com/wp-content/uploads/2021/12/buong-trung-da-nang-co-nguy-hiem-khong-1.jpg\" alt=\"buống trứng đa nang gây rối loạn kinh nguyệt\" height=\"682\" width=\"1000\"></p><p><br></p><p>Hội chứng buồng trứng đa nang gây ra rất nhiều vấn đề sức khỏe ở phụ nữ. Một số triệu chứng phổ biến của PCOS bao gồm:</p><p><br></p><ul><li>Rối loạn kinh nguyệt như không có kinh, kinh nguyệt bị trễ, kinh nguyệt không đều hoặc kinh nguyệt rất ít…</li><li>Buồng trứng lớn hoặc có nhiều u nang</li><li>Rậm lông, mọc nhiều lông trên mặt và cơ thể (cả ngực, bụng, lưng…)</li><li>Rụng tóc, có thể dẫn đến hói đầu&nbsp;</li><li>Xuất hiện các mảng da dày, sẫm màu ở sau cổ, nách, dưới ngực, trên các đốt ngón tay, khuỷu tay (do kháng insullin&nbsp;dẫn đến lượng insulin cao)</li><li>Giảm ham muốn tình dục</li><li>Khó mang thai hoặc đang trong tình trạng hiếm muộn</li><li>Khó kiểm soát cân nặng, ví dụ như tăng cân đột ngột, béo bụng, khó giảm cân</li><li>Mệt mỏi, thay đổi tâm trạng</li><li>Đau đầu, căng thẳng kéo dài</li></ul><p><br></p><p>Tất cả các triệu chứng này có thể xuất hiện cùng lúc. Tuy nhiên, phần lớn phụ nữ bị PCOS thường không mắc phải tất cả các triệu chứng đã kể trên.</p><p><br></p><h2><strong>Buồng trứng đa nang có nguy hiểm không? 9 biến chứng nguy hiểm</strong></h2><p><br></p><p>Đa nang buồng trứng gây ra nhiều triệu chứng khó chịu cho người bệnh, và là một hội chứng không thể chữa khỏi. Nhưng có thể kiểm soát tình trạng bệnh thông qua việc điều trị các triệu chứng. Tuy nhiên, nếu không được phát hiện sớm và điều trị kịp thời, hay thậm chí là không tiếp nhận quá trình điều trị&nbsp;thì câu trả lời cho thắc mắc “buồng trứng đa nang có nguy hiểm không?” sẽ là có!&nbsp;</p><p>Hội chứng buồng trứng đa nang có thể gây ra nhiều biến chứng nghiêm trọng cho người bệnh, bao gồm: vô sinh, béo phì, tiểu đường loại 2, các bệnh về tim mạch (như bệnh tim, đột quỵ), huyết áp cao, cholesterol cao, xơ vữa động mạch,…</p><p><br></p><h3><strong>1. Buồng trứng đa nang gây vô sinh&nbsp;</strong></h3><p><br></p><p>PCOS là nguyên nhân chủ yếu dẫn đến tình trạng vô sinh ở phụ nữ. Ở phụ nữ bị PCOS,sự mất cân bằng nội tiết tố gây ra bởi sự sản xuất quá mức của nội tiết tố nam làm cản trở sự phát triển và phóng thích trứng từ buồng trứng (rụng trứng). Nếu không rụng trứng, phụ nữ không thể có thai. Mặc dù không phải ai mắc hội chứng buồng trứng đa nang cũng đều bị vô sinh, nhưng nếu không được phát hiện sớm và điều trị thì nguy cơ bị vô sinh hiếm muộn là khá cao.</p><p><br></p><h3><strong>2. Béo phì</strong></h3><p><img src=\"https://cdn.hellobacsi.com/wp-content/uploads/2021/12/buong-trung-da-nang-co-nguy-hiem-khong-4.jpg\" alt=\"buồng trứng đa nang có nguy hiểm không\" height=\"725\" width=\"1000\"></p><p><br></p><p>Khoảng 80% phụ nữ bị PCOS tăng cân và dẫn đến béo phì. Mức androgen tăng đã được chứng minh là làm tăng cảm giác thèm ăn và cũng làm giảm khả năng kiểm soát xung động, dẫn đến tiêu thụ năng lượng lớn hơn ở phụ nữ bị PCOS. Khi cơ thể tích trữ nhiều chất béo hơn – đặc biệt là ở vùng bụng (mỡ bụng), nguy cơ mắc các bệnh mãn tính nghiêm trọng như tiểu đường, tim mạch, kháng insulin và thậm chí ung thư nội mạc tử cung sẽ càng tăng. Việc tăng cân có thể có thể gây ra tình trạng khó kiểm soát cân nặng, nhưng chỉ cần giảm 2-10% lượng mỡ thừa trên cơ thể, phụ nữ có thể cải thiện nhiều triệu chứng liên quan đến PCOS.</p><p><br></p><h3><strong>3. Phụ nữ bị PCOS có nguy cơ cao mắc bệnh tiểu đường tuýp 2</strong></h3><p><br></p><p>Insulin giúp cơ thể chuyển hóa hoặc xử lý glucose (đường trong máu). Ở phụ nữ bị hội chứng buồng trứng đa nang, tình trạng kháng insulin gây ra vấn đề rối loạn dung nạp glucose, khiến lượng đường trong máu cao, dẫn đến nguy cơ mắc bệnh tiểu đường. Kháng insulin kết hợp với béo bụng được cho là nguyên nhân dẫn đến tỷ lệ mắc bệnh tiểu đường tuýp 2 cao hơn ở phụ nữ bị PCOS. Hơn 50% phụ nữ mắc hội chứng này bị tiểu đường hoặc tiền tiểu đường (không dung nạp glucose) trước 40 tuổi. Tuy nhiên, nguy cơ phát triển bệnh tiểu đường cũng tăng cao ở phụ nữ gầy bị PCOS. Ngoài ra, lượng insulin cao còn kích thích sản xuất testosterone, làm trầm trọng thêm tình trạng PCOS.</p><p><br></p><h3><strong>4. Buồng trứng đa nang gây ra các bệnh về tim mạch</strong></h3><p><br></p><p>Để trả lời cho câu hỏi “buồng trứng đa nang có nguy hiểm không?”, cần xem xét đến các biến chứng liên quan đến tim mạch mà hội chứng này gây ra. Nhiều bằng chứng cho thấy phụ nữ bị PCOS có nguy cơ mắc bệnh tim và các bệnh tim mạch khác. Nguyên nhân chính là do nồng độ insulin trong máu tăng cao gây ra bởi tình trạng kháng insulin trong một thời gian dài,&nbsp;tác động trực tiếp gây xơ vữa động mạch.&nbsp;</p><p><br></p><p>Cụ thể, những người bị PCOS có nhiều khu vực động mạch bị thu hẹp đáng kể do xơ vữa động mạch (sự tích tụ mảng bám chất béo trong thành động mạch) so với phụ nữ không mắc hội chứng buồng trứng đa nang. Đây chính là lý do gây ra bệnh tim và đột quỵ ở bệnh nhân PCOS. Ngoài ra, những biến chứng khác của hội chứng buồng trứng đa nang như béo phì, tiểu đường… cũng làm tăng nguy cơ mắc các vấn đề tim mạch ở phụ nữ bị PCOS.&nbsp;</p><p><br></p><h3><strong>5. Huyết áp cao là biến chứng nguy hiểm của buồng trứng đa nang</strong></h3><p><br></p><p><img src=\"https://cdn.hellobacsi.com/wp-content/uploads/2021/12/buong-trung-da-nang-co-nguy-hiem-khong-3.jpg\" alt=\"buồng trứng đa nang có nguy hiểm không\" height=\"667\" width=\"1000\"></p><p><br></p><p>Phụ nữ bị PCOS có nguy cơ bị cao huyết áp hơn phụ nữ ở cùng độ tuổi không mắc hội chứng này. Trong cùng nhóm tuổi 40-59, tỷ lệ cao huyết áp ở phụ nữ bị PCOS gấp 3 lần phụ nữ có sức khỏe bình thường. Trong trường hợp mang thai, tỷ lệ huyết áp cao ở phụ nữ béo phì bị PCOS cao gấp 4 lần so với phụ nữ khỏe mạnh. Huyết áp cao là nguyên nhân hàng đầu gây ra bệnh tim và đột quỵ. Một số nghiên cứu cho thấy, có mối liên hệ trực tiếp giữa nồng độ insulin trong cơ thể và huyết áp.&nbsp;</p><p><br></p><h3><strong>6. Cholesterol cao&nbsp;</strong></h3><p><br></p><p>Phụ nữ bị PCOS có nồng độ nội tiết tố nam testosterone tăng cao. Điều này có thể dẫn đến tình trạng lipid bất thường. Nghĩa là, một phụ nữ bị PCOS có thể có một lượng chất béo bất lợi cao trong máu. Thông thường, bệnh nhân của hội chứng buồng trứng đa nang có tỷ lệ lipoprotein mật độ cao HDL (cholesterol “tốt’) thấp hơn và tỷ lệ lipoprotein mật độ thấp LDL (cholesterol “xấu’) cao hơn. Sự mất cân bằng này làm tăng nguy cơ mắc bệnh tim mạch như đột quỵ, bệnh tim…</p><p><br></p><h3>7. Ung thư nội mạc tử cung</h3><p><br></p><p>Câu trả lời cho thắc mắc “buồng trứng đa nang có nguy hiểm không?” là có, bởi phụ nữ bị PCOS có nguy cơ cao mắc ung thư nội mạc tử cung về sau. Từ tuổi dậy thì cho đến mãn kinh, tất cả phụ nữ đều trải qua sự tích tụ hàng tháng của lớp nội mạc tử cung trong tử cung. Đó là quá trình cơ thể tự chuẩn bị cho khả năng trứng được thụ tinh. Nếu không mang thai, lớp niêm mạc này sẽ bong và thoát ra ngoài khi có kinh nguyệt. Tuy nhiên, lớp niêm mạc này ở phụ nữ bị PCOS không thể bong ra&nbsp;vì chu kỳ kinh nguyệt không đều hoặc không có. Do đó, lớp niêm mạc tiếp tục dày lên và về lâu dài có thể làm tăng nguy cơ ung thư nội mạc tử cung.</p><p><br></p><p>Các vấn đề về rụng trứng, béo phì, kháng insulin và tiểu đường (tất cả đều phổ biến ở phụ nữ bị PCOS) cũng làm tăng nguy cơ phát triển ung thư nội mạc tử cung.</p><p><br></p><h3><strong>8. Chứng ngưng thở khi ngủ là một biến chứng nguy hiểm của buồng trứng đa nang</strong></h3><p><br></p><p>Nghiên cứu đã xác nhận nguy cơ đặc biệt cao của chứng ngưng thở khi ngủ do tắc nghẽn ở phụ nữ mắc PCOS. Đây là khi sự ngừng thở nhất thời và lặp đi lặp lại làm gián đoạn giấc ngủ. Trọng lượng cơ thể tăng cao cũng góp phần gia tăng nguy cơ này. Ngoài ra, phụ nữ bị PCOS cũng dễ mắc chứng ngưng thở khi ngủ do hậu quả của các yếu tố khác ngoài cân nặng. Ví dụ, nồng độ testosterone cao trong cơ thể người mắc PCOS dường như cũng đóng một vai trò trong sự phát triển của chứng ngưng thở khi ngủ. Một vài thống kê còn cho thấy, ngưng thở khi ngủ có thể làm tăng nguy cơ mắc bệnh tim và tiểu đường.</p><p><br></p><h3><strong>9. Trầm cảm</strong></h3><p><br></p><p>Phụ nữ mắc hội chứng buồng trứng đa nang có thể bị rối loạn tâm trạng, dẫn đến thường xuyên cảm thấy căng thẳng, buồn phiền và lo lắng. Nguyên nhân thường được cho là do sự dư thừa nội tiết tố androgen và sự mất cân bằng hormone khác. Khi tình trạng rối loạn tâm lý kéo dài và không được điều trị, phụ nữ mắc PCOS có thể bị trầm cảm. Theo thống kê, tỷ lệ trầm cảm ở phụ nữ bị buồng trứng đa nang cao hơn gấp 4 lần so với phụ nữ bình thường cùng độ tuổi.</p><p><br></p><h2><strong>Bị buồng trứng đa nang 2 bên có nguy hiểm không?</strong></h2><p><img src=\"https://cdn.hellobacsi.com/wp-content/uploads/2021/12/buong-trung-da-nang-co-nguy-hiem-khong-5.jpg\" alt=\"buồng trứng đa nang có nguy hiểm không\" height=\"667\" width=\"1000\"></p><p><br></p><p>Khi cả hai bên của buồng trứng đều xuất hiện nhiều nang nhỏ, đây là dấu hiệu bị buồng trứng đa nang 2 bên. Điều này làm tăng nguy cơ bị vô sinh ở phụ nữ PCOS. Câu trả lời cho câu hỏi “buồng trứng đa nang 2 bên có nguy hiểm không” là có nếu không được điều trị bệnh triệt để. Nếu không được chữa trị kịp thời, dù là buồng trứng đa nang 1 bên hay 2 bên đều có thể gây ra nhiều biến chứng nguy hiểm, bao gồm các bệnh về tim mạch, tiểu đường và các vấn đề&nbsp;về sinh sản kể trên.</p><p><br></p><h2><strong>Phụ nữ mang thai bị buồng trứng đa nang có nguy hiểm không?</strong></h2><p>Nếu bị PCOS có thai, nguy cơ biến chứng thai kỳ sẽ tăng lên, và các biến chứng sẽ càng nặng hơn nếu bạn bị béo phì. Những biến chứng này bao gồm tiểu đường thai kỳ, sinh non, huyết áp cao do thai nghén, tiền sản giật và sảy thai. Phụ nữ mắc PCOS cũng có khả năng sinh mổ cao hơn vì em bé có thể lớn hơn so với&nbsp;tuổi thai.&nbsp;</p><p>Nghiên cứu đã chỉ ra rằng, hội chứng buồng trứng đa nang làm tăng 3 – 4 lần nguy cơ tăng huyết áp do thai nghén và tiền sản giật, tăng gấp 3 lần nguy cơ mắc bệnh tiểu đường thai kỳ và nguy cơ sinh non cao hơn gấp 2 lần. Các biến chứng khác của PCOS, như tiểu đường, kháng insulin và các bất thường về chuyển hóa… cũng góp phần làm tăng nguy cơ biến chứng sản khoa và sơ sinh.</p><p><br></p><p>Trẻ được sinh ra từ những mẹ bầu mắc hội chứng buồng trứng đa nang có nguy cơ tử vong trước, trong hoặc ngay sau khi sinh. Nhẹ hơn thì trẻ có thể cần phải được chăm sóc trong phòng chăm sóc đặc biệt dành cho trẻ sơ sinh.</p><p><br></p><p>Như vậy, băn khoăn về vấn đề “phụ nữ mang thai bị buồng trứng đa nang có nguy hiểm không” đã được giải đáp. Nếu bị PCOS và đang mang thai, điều quan trọng là bạn phải gặp bác sĩ để được hỗ trợ điều trị. Nguy cơ của những biến chứng này có thể được giảm bớt bằng cách theo dõi các triệu chứng PCOS và chăm sóc thêm trong thai kỳ.</p><p><br></p>', NULL, '235523484', '2024-03-10 18:29:23', '21', '55', '1', '15', '1'),
('70', 'https://res.cloudinary.com/doccomming/image/upload/v1720611207/cjjl3iw35axwspwevd2m.jpg', 'Bị đau ở cổ họng bên phải là bệnh gì? Phải làm sao?', 'Bị đau ở cổ họng bên phải không chỉ gợi ý các vấn đề về hô hấp mà còn có thể là dấu hiệu cảnh báo ung thư (dù hiếm gặp). ', '<h2><strong>Bị đau ở cổ họng bên phải là bị gì?</strong></h2><h3><strong>1. Cảm lạnh, cảm cúm</strong></h3><p><br></p><p>Triệu chứng của cảm lạnh và cảm cúm có nhiều điểm giống nhau, trong đó đều gây đau họng. Thông thường, bạn sẽ bị đau họng cả hai bên nhưng cũng có trường hợp chỉ ở một bên</p><p><br></p><p>Dấu hiệu cảm lạnh khác thường bao gồm nghẹt mũi, hắt hơi; còn cảm cúm sẽ gây sốt cao, ớn lạnh và đau nhức cơ thể. Để giảm triệu chứng bị đau ở cổ họng bên phải do hai nguyên nhân này, bạn hãy uống nước ấm, tắm nước ấm và súc miệng thường xuyên với nước muối. Bên cạnh đó, bạn có thể dùng thuốc giảm đau hạ sốt, thuốc thông mũi để cảm thấy dễ chịu hơn. Cảm cúm có thể kéo dài từ 7-14 ngày còn cảm lạnh là từ 7-10 ngày.</p><p><br></p><p><img src=\"https://cdn.hellobacsi.com/wp-content/uploads/2023/12/Bi-dau-o-co-hong-ben-phai-do-cam-lanh.jpg\" alt=\"Bị đau ở cổ họng bên phải do cảm lạnh\" height=\"666\" width=\"1000\"></p><p><br></p><h3><strong>2. Bị đau ở cổ họng bên phải do nhiệt miệng</strong></h3><p>Tình trạng này do virus gây ra, dẫn đến hình thành các vết loét trong miệng và cổ họng. Nếu vết nhiệt miệng nằm ngay cổ họng bên phải thì bạn sẽ bị đau tại đây.&nbsp;</p><p><br></p><p>Nhiệt miệng sẽ tự thuyên giảm sau một thời gian nhưng sẽ khiến việc ăn uống khó khăn hơn. Đây là lý do một số trẻ nhỏ bị nhiệt miệng có tình trạng mất nước. Nếu cần thiết, bác sĩ sẽ cho sử dụng thuốc để che phủ vết loét.</p><p><br></p><h3><strong>3. Chảy dịch mũi sau</strong></h3><p><br></p><p>Chạy dịch mũi sau xảy ra khi chất nhầy trong mũi tích tụ nhiều hơn bình thường và chảy xuống phía sau cổ họng. Nó có thể gây nhột cho đến đau họng khó chịu. Kèm theo đó, một số người bị sưng amidan hay cảm giác giống như có khối u sau cổ họng. Khi các tình trạng này chỉ xảy ra ở bên phải, bạn sẽ gặp triệu chứng bị đau ở cổ họng bên phải.</p><p><br></p><p>Biểu hiện khác của bệnh bao gồm nuốt liên tục, khàn giọng, hắng giọng thường xuyên, hôi miệng, ho về đêm, buồn nôn và nôn. Có đôi khi, chảy dịch mũi sau còn gây nhiễm trùng tai, rất đau đớn. Vì vậy, nếu nuốt nước bọt đau họng và tai bên phải thì rất có thể do tình trạng này gây ra.</p><p><br></p><p>Có nhiều nguyên nhân gây chảy dịch mũi sau và việc điều trị như thế nào sẽ tùy thuộc vào nguyên nhân. Bạn cần đi khám để được hướng dẫn cụ thể.</p><p><br></p><h3><strong>4. Viêm amidan khiến bạn bị đau ở cổ họng bên phải</strong></h3><p><br></p><p><img src=\"https://cdn.hellobacsi.com/wp-content/uploads/2023/12/Bi-dau-o-co-hong-ben-phai-do-viem-amidan.jpg\" alt=\"Bị đau ở cổ họng bên phải do viêm amidan\" height=\"667\" width=\"1000\"></p><p><br></p><p>Amidan là hai miếng mô hình bầu dục ở phía sau cổ họng. Chúng có nhiệm vụ “bẫy vi khuẩn” để chống lại nhiễm trùng. Tuy nhiên, amidan cũng có thể bị viêm, hầu hết do virus nhưng cũng đôi khi do vi khuẩn gây ra. Nếu viêm amidan xảy ra chỉ ở một bên, bạn sẽ có triệu chứng bị đau ở cổ họng bên phải kèm theo:</p><p><br></p><ul><li>Amidan bên phải sưng đỏ, có phủ lớp mảng màu trắng hoặc vàng</li><li>Nuốt nước bọt đau họng bên phải, khó nuốt</li><li>Sốt</li><li>Sưng hạch bạch huyết ở cổ</li><li>Khàn giọng</li><li>Hơi thở hôi</li><li>Đau bụng</li><li>Đau cổ hoặc cứng cổ</li><li>Đau đầu.</li></ul><p><br></p><p>Với trẻ còn quá nhỏ, các dấu hiệu có thể bao gồm chảy nước dãi do đau và khó nuốt, bỏ ăn, quấy khóc bất thường.</p><p><br></p><p>Điều trị viêm amidan phụ thuộc vào nguyên nhân. Nếu do virus, bác sĩ sẽ hướng dẫn nghỉ ngơi nhiều, uống đủ nước ấm, ăn uống đầy đủ dinh dưỡng, súc miệng bằng nước muối và dùng một số thuốc giảm đau, viên ngậm thông thường. Nếu do vi khuẩn, bác sĩ sẽ kê đơn kháng sinh phù hợp. Việc cắt bỏ amidan chỉ được áp dụng khi viêm tái phát thường xuyên, không đáp ứng với các phương pháp điều trị khác hoặc gây ra biến chứng nghiêm trọng.</p><p><br></p><h3><strong>5. Áp xe quanh amidan</strong></h3><p>Đây là tình trạng có tụ mủ ở phía sau amidan hoặc phía sau cổ họng. Bạn sẽ có triệu chứng đau họng dữ dội ở một bên kèm theo sốt và cứng cổ.</p><p><br></p><p>Trong áp xe amidan, các dấu hiệu khác bao gồm:</p><ul><li>Khó và đau khi nuốt, khi mở miệng</li><li>Đau đầu</li><li>Đau tai</li><li>Chảy nước dãi</li><li>Thay đổi giọng nói</li><li>Thở hôi</li><li>Sưng hạch cổ một bên.</li></ul><p><br></p><p>Để điều trị, bác sĩ sẽ dẫn lưu ổ áp xe (dùng kim rút mủ hoặc rạch một vết nhỏ trên áp xe để mủ chảy ra ngoài). Nếu không hiệu quả, bạn phải cắt amidan.&nbsp;</p><p><br></p><p>Ngoài ra, bác sĩ cũng có một số chỉ định khác như truyền dịch tĩnh mạch khi bệnh nhân khó ăn uống, hoặc dùng thuốc giảm đau, kháng sinh.</p><p><br></p><h3><strong>6. Sưng hạch bạch huyết ở cổ họng bên phải</strong></h3><p><br></p><p>Bất kỳ nguyên nhân nào gây ra sưng hạch đều có thể khiến bạn bị đau ở cổ họng bên phải. Thông thường, sưng hạch xảy ra trong cảm lạnh, viêm amidan, nhiễm trùng tai hoặc họng. Đôi khi, sưng hạch là do nhiễm virus.</p><p><br></p><p>Hiếm gặp hơn, đây là dấu hiệu của ung thư máu hoặc ung thư hạch ở giai đoạn tiến triển.</p><p><br></p><p>Sưng hạch cổ thường sẽ đỡ hơn trong 1-2 tuần tùy thuộc vào nguyên nhân. Bạn nên dành thời gian nghỉ ngơi, uống nhiều nước và dùng thuốc giảm đau thông thường như paracetamol hoặc ibuprofen.</p><p>Có những trường hợp để điều trị hiệu quả, bác sĩ cần tìm kiếm được đúng nguyên nhân gây sưng hạch và xử lý chúng.</p><p><br></p><h3><strong>7. Trào ngược dạ dày, thực quản</strong></h3><p>Trào ngược dạ dày thực quản (GERD) là tình trạng axit từ dạ dày trào lên trên thực quản và cổ họng, khiến bạn thấy nóng rát và đau họng. Nó thường xảy ra sau một bữa ăn quá no, khi cúi xuống, sau khi hút thuốc, sau uống rượu hoặc khi nằm. Có người chỉ thỉnh thoảng mới bị trào ngược nhưng cũng có người gặp tình trạng này kéo dài.</p><p><br></p><p>GERD khiến bạn bị đau ở cổ họng bên phải nếu như bạn nằm hoặc ngủ nghiêng về bên phải. Các triệu chứng khác là:</p><ul><li>Ợ nóng</li><li>Ợ chua</li><li>Đau giữa ngực</li><li>Khó nuốt</li><li>Ho kéo dài</li><li>Thở khò khè, khó thở.</li></ul><p><br></p><p>Nếu trào ngược không xảy ra thường xuyên, bạn chỉ cần thay đổi thói quen ăn uống, giảm uống rượu, thuốc lá và giảm cân, tránh nằm xuống ngay khi vừa mới ăn xong. Nếu đây là tình trạng mạn tính, bác sĩ sẽ kê đơn thuốc để giảm axit trong dạ dày. Với những người bệnh nặng không đáp ứng thuốc cần được can thiệp để thắt chặt tâm vị (vị trí gặp nhau của dạ dày và thực quản) nhằm ngăn trào ngược.</p><p><br></p><h3><strong>8. Bị đau ở cổ họng bên phải do khối u</strong></h3><p><br></p><p>Một khối u phát triển tại vùng cổ bên phải có thể khiến bạn bị đau cổ họng bên phải. Khối u này có thể lành tính hoặc là ung thư.&nbsp;</p><p>Nếu nghi ngờ mình đang gặp phải tình trạng này, bạn nên đi khám ngay. Chỉ có bác sĩ mới đưa ra được chẩn đoán chính xác và có phác đồ điều trị phù hợp nhất.</p><p><br></p><h2><strong>Khi nào cần đi khám bác sĩ?</strong></h2><p><img src=\"https://cdn.hellobacsi.com/wp-content/uploads/2023/12/Bi-dau-o-co-hong-ben-phai-khi-nao-nen-di-kham.jpg\" alt=\"Bị đau ở cổ họng bên phải khi nào nên đi khám?\" height=\"667\" width=\"1000\"></p><p><br></p><p>Bạn nên đi khám ngay nếu bị đau ở cổ họng bên phải nghiêm trọng, tái phát thường xuyên hoặc kéo dài hơn 1 tuần. Ngoài ra, bạn cũng cần thăm khám khi có dấu hiệu:</p><ul><li>Sưng hạch không giảm trong 1 tuần, hạch cứng và cố định, kèm sốt hoặc đổ mồ hôi đêm</li><li>Khó nuốt hoặc khó thở</li><li>Khó mở miệng</li><li>Đau tai</li><li>Đau khớp</li><li>Phát ban</li><li>Sốt cao trên 38.5 độ</li><li>Có máu trong nước bọt hoặc đờm.</li></ul><p><br></p><p><span style=\"color: rgb(38, 38, 38);\">Những nguyên nhân khiến bạn bị đau ở cổ họng bên phải thường không phải bệnh lý nghiêm trọng. Tuy nhiên, bạn không nên chủ quan mà cần ghi nhớ những dấu hiệu đáng lo kể trên để đi khám bác sĩ và điều trị kịp thời.</span></p>', NULL, '235523484', '2024-04-10 18:33:27', '22', '56', '1', '20', '1'),
('71', 'https://res.cloudinary.com/doccomming/image/upload/v1720611431/yd7kfwzopn9bebewolpe.webp', 'Người hay bị tê tay chân là thiếu chất gì?', 'Tê tay chân là tình trạng rất thường xảy ra, đặc biệt là ở người lớn tuổi. Nhiều nguyên nhân có thể dẫn đến tình trạng này. Trong đó, chế độ ăn uống thiếu chất là một trong những lý do khá phổ biến khiến bạn bị tê bì chân tay. Vậy, người hay bị tê chân tay là thiếu chất gì?', '<h2>Hay bị tê chân tay là thiếu chất gì? Thiếu vitamin B12</h2><p><br></p><p>Vitamin B12 là một chất dinh dưỡng quan trọng giúp cơ thể tạo ra các tế bào hồng cầu và ADN trong tất cả các tế bào, góp phần thực hiện một số chức năng quan trọng trong cơ thể, bao gồm giữ cho hệ thần kinh khỏe mạnh.</p><p>Người bị tê tay chân là thiếu chất gì? Thiếu vitamin B12 là lý do phổ biến gây ra tình trạng này. Thiếu hụt Vitamin B12 có thể gây ra các vấn đề về thể chất, thần kinh và tâm lý, chẳng hạn như:</p><p><br></p><ul><li>Tê và ngứa ran ở bàn chân, bàn tay</li><li>Yếu cơ</li><li>Đi lại khó khăn</li><li>Cực kỳ mệt mỏi</li><li>Buồn nôn, nôn mửa, tiêu chảy</li><li>Chán ăn, sụt cân</li><li>Lưỡi đau và đỏ</li><li>Loét miệng</li><li>Vàng da</li><li>Tầm nhìn kém</li><li>Các vấn đề tâm lý, bao gồm, khó ghi nhớ, khó nói, trầm cảm, dễ nhầm lẫn, hay căng thẳng, cáu gắt…</li></ul><p><br></p><p>Nguyên nhân gây thiếu hụt vitamin B12 bao gồm:</p><ul><li>Thiếu máu ác tính</li><li>Chế độ ăn thuần chay và không bổ sung đủ vitamin B12 theo nhu cầu</li><li>Một số loại thuốc, bao gồm thuốc chống co giật và thuốc ức chế bơm proton (PPI), có thể ảnh hưởng đến lượng vitamin mà cơ thể hấp thụ</li><li>Các bệnh lý ảnh hưởng đến tiêu hóa, như viêm dạ dày, bệnh Crohn và bệnh celiac</li><li>Đã phẫu thuật cắt dạ dày</li><li>Lớn tuổi từ 60 tuổi trở lên có nguy cơ cao bị thiếu hụt vitamin B12.</li></ul><p><br></p><p><br></p><p><img src=\"https://cdn.hellobacsi.com/wp-content/uploads/2023/02/te-tay-chan-la-thieu-chat-gi-vitamin-B12.jpg\" alt=\"tê tay chân là thiếu chất gì: vitamin B12\" height=\"667\" width=\"1000\"></p><p><br></p><h2><strong>Tê bì chân tay là thiếu chất gì? Thiếu vitamin E</strong></h2><p><br></p><p>Nếu bạn thắc mắc người hay bị tê chân tay là thiếu chất gì thì không thể không nhắc đến vitamin E. Vitamin E&nbsp;hoạt động như một chất chống oxy hóa, giúp bảo vệ tế bào khỏi tác hại của các gốc tự do.</p><p><br></p><p>Cơ thể cũng cần vitamin E để tăng cường hệ thống miễn dịch, giúp chống lại vi khuẩn và virus xâm nhập. Vitamin E còn giúp mở rộng các mạch máu và giữ cho máu không bị đông lại, hạn chế nguy cơ hình thành cục máu đông. Ngoài ra, các tế bào sử dụng vitamin E để tương tác với nhau và thực hiện nhiều chức năng quan trọng.</p><p><br></p><p>Thiếu vitamin E có thể gây tổn thương thần kinh và cơ dẫn đến mất cảm giác ở tay và chân, mất kiểm soát chuyển động cơ thể, yếu cơ, các vấn đề về thị lực và hệ thống miễn dịch trong cơ thể bị suy yếu.</p><p><br></p><p>Vitamin E cần chất béo để hệ tiêu hóa hấp thụ nó. Vì vậy, tình trạng thiếu vitamin E sẽ xảy ra do một số bệnh lý khiến chất béo không được tiêu hóa hoặc hấp thu đúng cách, chẳng hạn như bệnh Crohn, rối loạn chức năng mật, xơ nang và một số bệnh di truyền hiếm gặp như abetalipoproteinemia và chứng mất điều hòa do thiếu vitamin E (AVED).</p><p><br></p><h2><strong>Tê bì tay chân là thiếu chất gì? Thiếu vitamin B6</strong></h2><p>Vitamin B6 là một loại vitamin tan trong nước, rất cần thiết cho sự phát triển bình thường của não bộ và giữ cho hệ thần kinh, cũng như hệ miễn dịch luôn khỏe mạnh.</p><p><br></p><p>Hay bị tê chân tay là thiếu chất gì? Sự thiếu hụt vitamin B6 có thể gây tổn thương thần kinh, dẫn đến các triệu chứng như đau rát và ngứa ran ở cánh tay, chân, bàn tay và bàn chân. Cơn đau ở tay chân có thể giống như “kim châm”, từ đó dẫn đến sự vụng về, mất thăng bằng và đi lại gặp nhiều khó khăn. Bệnh nhân cũng có thể bị nhầm lẫn, trầm cảm, điện não đồ bất thường, co giật và hệ thống miễn dịch suy yếu.</p><p><br></p><p>Nguyên nhân dẫn đến thiếu hụt vitamin B6 có thể bao gồm:</p><ul><li>Người bị suy giảm chức năng thận đang phải chạy thận nhân tạo hoặc đã được cấy ghép thận.</li><li>Người bị rối loạn tự miễn dịch, chẳng hạn như mắc bệnh celiac và bệnh viêm ruột (ví dụ: bệnh Crohn và viêm loét đại tràng), dễ bị thiếu hụt hơn do ruột giảm hấp thu và tăng viêm.</li><li>Người nghiện rượu lâu ngày.</li><li>Sử dụng isoniazid, một loại thuốc kháng sinh dùng để ngăn ngừa và điều trị bệnh lao.</li><li>Thiếu hụt do chế độ ăn uống không cung cấp đủ nhu cầu của cơ thể (hiếm khi xảy ra).</li></ul><p><br></p><p>Tình trạng thiếu vitamin B6 thường liên quan đến thiếu vitamin B khác, chẳng hạn như vitamin B12 và axit folic (tức là vitamin B9).</p><p><br></p><p><img src=\"https://cdn.hellobacsi.com/wp-content/uploads/2023/02/te-tay-chan-la-thieu-chat-gi-vitamin-B6.jpg\" alt=\"tê tay chân là thiếu chất gì: vitamin B6\" height=\"667\" width=\"1000\"></p><p><br></p><h2><strong>Hay bị tê chân tay là thiếu chất gì? Vitamin B1</strong></h2><p><br></p><p>Vitamin B1 là một trong 8 loại vitamin B rất cần thiết cho cơ thể. Giống như các vitamin B tổng hợp khác, vitamin B1 giúp tăng cường hệ thống miễn dịch, rất cần thiết để gan, da, tóc và mắt phát triển khỏe mạnh. Chúng cũng giúp hệ thần kinh hoạt động bình thường, xoa dịu căng thẳng thần kinh và duy trì chức năng của não bộ.</p><p><br></p><p>Tê tay, tê chân là thiếu chất gì? Nếu nguyên nhân là do thiếu vitamin B1, các triệu chứng có thể bao gồm:</p><ul><li>Đau đầu</li><li>Buồn nôn</li><li>Mệt mỏi</li><li>Cáu gắt</li><li>Trầm cảm</li><li>Khó chịu ở bụng</li><li>Sưng, ngứa ran hoặc cảm giác nóng rát ở bàn tay và bàn chân</li><li>Lú lẫn, mất tỉnh táo</li><li>Khó thở vì có dịch trong phổi</li><li>Chuyển động mắt không kiểm soát được</li><li>Tổn thương tim….</li></ul><p><br></p><p>Tình trạng thiếu hụt vitamin B1 là rất hiếm, mặc dù những người nghiện rượu, những người mắc bệnh Crohn, chán ăn và những người đang chạy thận nhân tạo có thể bị thiếu hụt loại vitamin này.&nbsp;</p><p><br></p><h2><strong>Hay bị tê chân tay là thiếu chất gì? Vitamin B9</strong></h2><p><br></p><p>Vitamin B9 hay folate à một loại vitamin B mà cơ thể cần để tạo ra các tế bào hồng cầu và ADN mới, vật liệu di truyền trong tế bào. Thiếu folate có thể dẫn đến thiếu máu, là tình trạng cơ thể không có đủ tế bào hồng cầu khỏe mạnh. Thiếu máu do thiếu folate cũng có thể khiến cơ thể tạo ra các tế bào hồng cầu lớn bất thường và không hoạt động bình thường. Phụ nữ có thai bị thiếu folate có thể gây dị tật ống thần kinh (gồm nứt đốt sống và vô não), tăng khả năng bị bong nhau thai, sinh non, trẻ sinh ra bị nhẹ cân và tăng nguy cơ phát triển tự kỷ ở trẻ.</p><p><br></p><p><img src=\"https://cdn.hellobacsi.com/wp-content/uploads/2023/02/te-tay-chan-la-thieu-chat-gi-axit-folic.jpg\" alt=\"tê tay chân là thiếu chất gì: axit folic\" height=\"591\" width=\"1000\"></p><p><br></p><p>Các triệu chứng khi thiếu hụt vitamin B9 bao gồm:</p><p><br></p><ul><li>Cực kỳ mệt mỏi</li><li>Xanh xao</li><li>Khó thở</li><li>Cáu gắt</li><li>Chóng mặt</li><li>Yếu cơ</li><li>Lưỡi đỏ, mềm</li><li>Lở hoặc loét miệng</li><li>Giảm vị giác</li><li>Giảm cân</li><li>Tiêu chảy</li><li>Mất trí nhớ, khó tập trung, mất khả năng phán đoán, lú lẫn, trầm cảm.</li></ul><p><br></p><p>Nguyên nhân có thể dẫn đến tình trạng không nhận đủ folate là:</p><p><br></p><ul><li>Chế độ ăn uống kém lành mạnh, thiếu hụt dưỡng chất</li><li>Hệ thống tiêu hóa không hấp thụ tốt vitamin B9 do mắc bệnh Crohn hoặc bệnh celiac</li><li>Uống quá nhiều rượu</li><li>Nấu quá chín trái cây và rau quả làm phá hủy folate tự nhiên có trong thực phẩm</li><li>Mắc chứng thiếu máu tán huyết</li><li>Sử dụng một số loại thuốc như thuốc chống động kinh và thuốc viêm loét đại tràng làm cản trở sự hấp thụ folate</li><li>Người bị suy thận và cần phải chạy thận nhân tạo.</li></ul><p><br></p><p><span style=\"color: rgb(38, 38, 38);\">Hi vọng bài viết này đã giải đáp được cho bạn thắc mắc hay bị tê tay chân là thiếu chất gì để có cách điều trị và phòng ngừa hiệu quả. Hầu hết các trường hợp bị tê tay chân do thiếu chất đều có thể dễ dàng điều trị bằng cách tiêm hoặc uống viên vitamin bổ sung kết hợp với chế độ ăn uống đầy đủ dưỡng chất. Tốt nhất, khi phát hiện cơ thể có những triệu chứng bất thường thì hãy đến gặp bác sĩ để nhận được lời khuyên hữu ích nhất nhé!</span></p>', NULL, '235523484', '2024-05-10 18:37:11', '22', '57', '1', '8', '1'),
('72', 'https://res.cloudinary.com/doccomming/image/upload/v1720611753/xqpvhemtyar5blc7bfzl.jpg', '4 cách kiểm soát chứng rối loạn giấc ngủ ở người trẻ', 'Rối loạn giấc ngủ là tình trạng làm suy giảm giấc ngủ, khiến người bệnh không thể ngủ ngon giấc. Không chỉ là vấn đề sức khỏe nan giải của người lớn tuổi, rối loạn giấc ngủ ở người trẻ đang ngày càng phổ biến gây ảnh hưởng đến sức khỏe và hiệu quả công việc của người bệnh.', '<h2><strong>Những chứng rối loạn giấc ngủ ở người trẻ thường gặp</strong></h2><p>Có đến hơn 80 loại rối loạn giấc ngủ khác nhau. Các chuyên gia chia các chứng rối loạn giấc ngủ thành các nhóm rối loạn theo nguyên nhân và ảnh hưởng của chúng đối với người bệnh. Những loại rối loạn giấc ngủ thường gặp ở người trẻ gồm có:</p><p><br></p><ul><li>Mất ngủ&nbsp;– chứng rối loạn giấc ngủ phổ biến nhất, khiến bạn không thể đi vào giấc ngủ và ngủ không sâu giấc.</li><li>Ngưng thở khi ngủ – chứng rối loạn hô hấp khiến bạn ngừng thở hơn 10 giây trong khi ngủ</li><li>Hội chứng chân không yên – rối loạn giấc ngủ do cảm giác ngứa ran, châm chích ở chân. Hội chứng chân không yên cũng gây ra cảm giác thôi thúc cử động chân dữ dội.</li><li>Chứng ngủ rũ – rối loạn khiến bệnh nhân không thể tỉnh táo và buồn ngủ cực độ vào ban ngày.</li><li>Rối loạn nhịp sinh học – rối loạn trong chu kỳ đánh thức giấc ngủ, khiến bạn không thể ngủ và thức dậy đúng giờ.</li><li>Mộng du – hành động theo những cách bất thường trong khi ngủ như đi bộ, nói chuyện hoặc ăn uống khi đang ngủ.</li></ul><p><br></p><p>Có nhiều nguyên nhân dẫn đến rối loạn giấc ngủ ở người trẻ, nhưng lý do phổ biến nhất là do căng thẳng và các vấn đề về sức khỏe tinh thần (chẳng hạn như: trầm cảm, rối loạn lo âu, hoặc rối loạn căng thẳng sau chấn thương…).</p><p><br></p><p>Bên cạnh đó, một số nguyên nhân ngoại cảnh khác có thể gây rối loạn giấc ngủ ở người trẻ tuổi bao gồm: môi trường ngủ không thoải mái (phòng ngủ quá nóng, lạnh, sáng hoặc ồn ào), thói quen sinh hoạt không lành mạnh, chế độ ăn uống kém…</p><p><br></p><h2><strong>Biến chứng của rối loạn giấc ngủ ở người trẻ</strong></h2><p><br></p><p><img src=\"https://cdn.hellobacsi.com/wp-content/uploads/2023/02/roi-loan-giac-ngu-o-nguoi-tre.jpg\" alt=\"rối loạn giấc ngủ ở người trẻ\" height=\"396\" width=\"660\"></p><p><br></p><p>Rối loạn giấc ngủ khiến người trẻ mất ngủ và giảm chất lượng giấc ngủ. Điều nay mang đến những rủi ro về sức khỏe như:</p><ul><li>Đờ đẫn, mệt mỏi</li><li>Cản trở chức năng nhận thức</li><li>Suy giảm trí nhớ</li><li>Trầm cảm</li><li>Béo phì</li><li>Tiểu đường</li><li>Bệnh tim mạch.</li></ul><p><br></p><p>Thiếu ngủ do rối loạn giấc ngủ không chỉ làm giảm hiệu suất học tập và làm việc của người trẻ. Phản ứng chậm hơn do thiếu ngủ có thể làm tăng nguy cơ bị tai nạn khi người trẻ bị rối loạn giấc ngủ tham gia giao thông.</p><p><br></p><h2><strong>4 cách kiểm soát rối loạn giấc ngủ ở người trẻ</strong></h2><p><br></p><p>Tùy theo nguyên nhân dẫn đến rối loạn giấc ngủ, bác sĩ sẽ đưa ra lộ trình điều trị phù hợp cho từng bệnh nhân.</p><p>Nếu bạn đang có những triệu chứng rối loạn giấc ngủ như buồn ngủ vào ban ngày và khó ngủ vào ban đêm, 4 cách kiểm soát rối loạn giấc ngủ sau đây có thể hữu ích, bao gồm:</p><p><br></p><ul><li>Đặt lịch ngủ và thiết lập đồng hồ sinh học</li><li>Thư giãn tâm trí; giảm căng thẳng</li><li>Thực hiện thói quen ngủ lành mạnh</li><li>Cải thiện và tối ưu chức năng của phòng ngủ.</li></ul><p><br></p><h3><strong>1. Đặt lịch ngủ và thiết lập đồng hồ sinh học</strong></h3><p><br></p><p><img src=\"https://cdn.hellobacsi.com/wp-content/uploads/2023/02/roi-loan-giac-ngu-o-nguoi-tre_253875928.jpg\" alt=\"cách kiểm soát chứng rối loạn giấc ngủ ở người trẻ\" height=\"667\" width=\"1000\"></p><p><br></p><p>Đối với chứng rối loạn giấc ngủ ở người trẻ, một lịch trình cố định sẽ cải thiện chất lượng giấc ngủ và giúp não bộ cũng như cơ thể quen với việc ngủ đủ giấc. Song song với việc điều trị rối loạn giấc ngủ, bạn có thể thử những cách sau đây để kiểm soát và ngăn ngừa bệnh tái phát:</p><p><br></p><ul><li><strong>Hãy đi ngủ và thức dậy vào cùng một thời điểm mỗi ngày, kể cả vào cuối tuần.&nbsp;</strong>Thói quen này sẽ giúp thiết lập và duy trì đồng hồ sinh học của bạn. Từ đó giúp bạn dễ ngủ hơn.</li><li><strong>Hãy ưu tiên cho giấc ngủ.</strong>&nbsp;Điều này nghĩa là bạn hãy đi ngủ đúng giờ theo lịch trình. Người trẻ có xu hướng bỏ qua giấc ngủ để làm việc, học tập, giao tiếp xã hội… Tuy nhiên, để kiểm soát rối loạn giấc ngủ, bạn nên đi ngủ khi cơ thể đã sẵn sàng.</li><li><strong>Hãy điều chỉnh đồng hồ sinh học từ từ&nbsp;</strong>nếu như bạn muốn thay đổi thời gian ngủ. Theo khuyến cáo từ NHBLI&nbsp;(Viện Tim, Phổi và Máu Quốc gia Hoa Kỳ), bạn chỉ nên điều chỉnh lịch trình ngủ trong khoảng 2 tiếng so với thói quen ngủ thông thường.</li><li><strong>Đừng lạm dụng những giấc ngủ ngắn</strong>. Mặc dù ngủ trưa, hoặc bất kỳ giấc ngủ ngắn trong ngày có thể giúp bạn lấy lại năng lượng để làm việc. Thế nhưng, ngủ ngắn sau 2 giờ chiều có thể khiến bạn bị mất ngủ vào ban đêm.</li></ul><p><br></p><h3><strong>2. Thư giãn tâm trí</strong></h3><p><br></p><p>Căng thẳng và lo lắng có thể góp phần làm nghiêm trọng hơn tình trạng rối loạn giấc ngủ ở người trẻ. Một số các giúp bạn kiểm soát căng thẳng trước khi đi ngủ gồm có:</p><p><br></p><ul><li><strong>Hãy thử lên giường trước 30 phút so với giờ đi ngủ của bạn,&nbsp;</strong>nếu bạn là người thường xuyên lo lắng trước khi đi ngủ.</li><li><strong>Hãy thử nghĩ về một khung cảnh bình yên đối với bạn,&nbsp;</strong>tập trung vào hơi thở và để tâm trí thư giãn.</li><li><strong>Hãy ra khỏi phòng ngủ và hoạt động nhẹ nhàng&nbsp;</strong>(như tập yoga, đọc sách, ăn nhẹ) nếu bạn vẫn gặp khó khăn trong việc thư giãn và làm dịu tâm trạng của mình. Kiểm soát rối loạn giấc ngủ không phải là ép bản thân đi vào giấc ngủ bằng mọi cách. Thực tế, bạn chỉ đơn giản là đợi cơn buồn ngủ kéo đến, hoặc giải tỏa hết năng lượng để đi vào giấc ngủ.</li></ul><p><br></p><h3><strong>3. Thực hiện thói quen lành mạnh</strong></h3><p><img src=\"https://cdn.hellobacsi.com/wp-content/uploads/2023/02/roi-loan-giac-ngu-o-nguoi-tre_1275748180.jpg\" alt=\"thói quen ngủ lành mạnh giúp kiểm soát chứng rối loạn giấc ngủ ở người trẻ\" height=\"667\" width=\"1000\"></p><p><br></p><p>Những thói quen trước khi ngủ được duy trì nhất quán có thể giúp bạn kiểm soát rối loạn giấc ngủ. Đồng thời, những thói quen này cũng sẽ giúp bạn thoải mái và dễ đi vào giấc ngủ hơn.</p><p><br></p><ul><li><strong>Hãy thực hiện theo các bước giống nhau mỗi đêm</strong>, bao gồm những việc như: chăm sóc da, mặc đồ ngủ, đánh răng… điều này sẽ giúp tâm trí của bạn nhận thức được là đã đến giờ đi ngủ.</li><li><strong>Hãy thường xuyên tập thể dục.&nbsp;</strong>Các hoạt động thể chất không chỉ giúp bạn giảm căng thẳng, mà còn giúp bạn dễ ngủ hơn vào ban đêm. Tuy nhiên, bạn không nên tập thể dục gần giờ ngủ. Nếu bạn muốn tập thể dục buổi tối, tốt nhất bạn nên tập trước ít nhất 2 tiếng.</li><li><strong>Không dùng thiết bị điện tử trong 30-60 phút trước khi ngủ.&nbsp;</strong>Ánh sáng xanh có thể làm giảm sản xuất melatonin – hormone giúp cơ thể đi vào giấc ngủ.</li><li><strong>Không tiêu thụ các chất kích thích trước khi đi ngủ</strong>, bao gồm: rượu, thuốc lá, cà phê và trà.</li><li><strong>Hạn chế tối đa các hoạt động kích thích tinh thần gần giờ đi ngủ&nbsp;</strong>(như: chơi trò chơi đối kháng, vận động mạnh, uống rượu,…). Nếu bạn cần thực hiện những hoạt động này, hãy dành ra 60 phút trước khi ngủ để thư giãn đầu óc.&nbsp;</li></ul><p><br></p><h3><strong>4. Cải thiện và tối ưu chức năng của phòng ngủ</strong></h3><p><br></p><p>Một phần không thể thiếu khi kiểm soát rối loạn giấc ngủ ở người trẻ chính là tạo môi trường ngủ lý tưởng. Sau đây là một số lời khuyên giúp bạn dễ ngủ hơn:</p><p><br></p><ul><li><strong>Hãy lựa chọn gối nệm và drap giường phù hợp với bạn.&nbsp;</strong>Nệm gối quá cứng, hoặc quá mềm có thể khiến bạn trằn trọc khi ngủ. Ngoài ra, bạn cũng nên chọn drap giường có chất liệu phù hợp với thời tiết nơi bạn sinh sống.</li><li><strong>Hãy đặt nhiệt độ mát mẻ nhưng thoải mái.&nbsp;</strong>Bạn nên điều chỉnh nhiệt độ phòng ngủ phù hợp với sở thích của bạn, nhưng nhìn chung nhiệt độ mát mẻ vừa phải sẽ giúp bạn dễ ngủ hơn.</li><li><strong>Hãy ngăn chặn ánh sáng.&nbsp;</strong>Bạn có thể sử dụng rèm dày hoặc bịt mắt để ngăn ánh sáng, tác nhân làm gián đoạn giấc ngủ.</li><li><strong>Hãy thử dùng mùi hương làm dịu</strong>&nbsp;<strong>tâm trí.&nbsp;</strong>Bạn có thể sử dụng nến thơm, hoặc tinh dầu có mùi nhẹ nhàng, phù hợp với sở thích cho phòng ngủ. Hương thơm có thể giúp bạn bình tĩnh hơn và giúp nuôi dưỡng một không gian tích cực cho giấc ngủ.</li><li><strong>Hạn chế tiếng ồn khi ngủ.</strong>&nbsp;Nút bịt tai có thể ngăn tiếng ồn, tác nhân khiến bạn khó ngủ. Nếu không thấy thoải mái, bạn có thể thử dùng máy tạo tiếng ồn trắng để át đi những âm thanh khó chịu.</li></ul><p><br></p><p>Chất lượng giấc ngủ là một trong những yếu tố quan trọng tác động đến sức khỏe và chất lượng cuộc sống của mỗi người. Vì thế, bạn hãy quan tâm đến những vấn đề liên quan đến giấc ngủ của mình.</p><p><br></p><p>Như vậy, bài viết đã mang đến cho bạn những giải pháp để kiểm soát rối loạn giấc ngủ ở người trẻ. Nếu bạn đã điều trị và áp dụng tất cả các phương pháp kiểm soát nhưng tình trạng giấc ngủ không được cải thiện, hãy tái khám và thông báo cho bác sĩ điều trị của bạn.</p>', NULL, '235523484', '2024-05-10 18:42:33', '23', '59', '1', NULL, '2'),
('73', 'https://res.cloudinary.com/doccomming/image/upload/v1720611970/anbvmg92efceimigwprr.jpg', 'Thuốc ngủ dạng nước và lưu ý an toàn khi sử dụng', 'Thuốc ngủ dạng nước là cách gọi khác của thuốc mê dạng nước, thường được bào chế không màu, không mùi, không vị. Uống thuốc ngủ dạng nước có thể hữu ích khi bạn gặp các vấn đề về giấc ngủ. Tuy nhiên, về lâu về dài thì đây có phải là lựa chọn tốt? ', '<h2><strong>Thuốc ngủ dạng nước là gì?&nbsp;</strong></h2><p><br></p><p>Các dòng thuốc ngủ trên thị trường hiện nay thường hoạt động bằng cách tác động vào các thụ thể trong não để làm chậm hoạt động dẫn truyền của hệ thống thần kinh. Một số loại thuốc được sử dụng để gây buồn ngủ giúp người dùng nhanh chóng đi vào giấc ngủ hơn, trong khi một số khác được dùng để duy trì giấc ngủ, giúp ngủ sâu và ngon giấc hơn hoặc cả hai tác dụng này. Tuy nhiên, khi sử dụng, bạn nên cẩn thận vì có một số loại thuốc ngủ có thể gây ra một số tác dụng phụ nếu sử dụng không đúng cách và không đúng liều lượng, chỉ định.&nbsp;</p><p><br></p><p>Thuốc ngủ dạng nước cũng sử dụng đường uống để vào cơ thể như thuốc dạng viên nhưng dễ uống và dễ sử dụng hơn. Song loại thuốc này không quá phổ biến như các dòng thuốc ngủ dạng viên trên thị trường.&nbsp;&nbsp;</p><p><br></p><p>Loại thuốc này thường được dùng để: Giảm các triệu chứng lo lắng, ví dụ như bồn chồn, bứt rứt, hồi hộp đánh trống ngực, lo các vấn để nhỏ nhặt. Giúp người dùng vượt qua tình trạng mất ngủ, đem lại giấc ngủ chất lượng hơn.</p><p>Thuốc ngủ dạng nước không phải là thuốc chữa trị các rối loạn gây ra chứng mất ngủ hoặc rối loạn lo âu. Tuy nhiên, chúng có thể giúp bạn bình tĩnh, giảm lo lắng và thoải mái hơn trong thời gian ngắn khi chưa điều trị hoặc khi chờ đợi hiệu quả của các thuốc điều trị chính.&nbsp;</p><p>Khi sử dụng bất cứ loại thuốc nào, bao gồm cả thuốc ngủ dạng nước, bạn cần tham khảo ý kiến từ các chuyên gia sức khỏe để tránh có rủi ro cho bản thân.</p><p><br></p><h2><strong>Ai có thể sử dụng thuốc ngủ dạng nước?</strong></h2><p><br></p><p><img src=\"https://cdn.hellobacsi.com/wp-content/uploads/2022/12/thuoc-ngu-dang-nuoc_2051476049.jpg\" alt=\"Thuốc ngủ dạng nước\" height=\"667\" width=\"1000\"></p><p><br></p><p>Việc uống thuốc ngủ dạng nước cần tuân thủ theo đúng chỉ định từ bác sĩ. Bác sĩ có thể chỉ định thuốc ngủ dạng nước cho một số đối tượng dưới đây. Bạn đọc để tham khảo thêm nhé.</p><p><br></p><ul><li>Người mất ngủ kinh niên không xác định được căn nguyên</li><li>Người tự cai nghiện tại nhà</li><li>Người bị stress, lo âu, căng thẳng, khó ngủ, hay&nbsp;giật mình thức giấc&nbsp;trong thời gian ngắn</li><li>Người mắc bệnh tâm thần kinh ví dụ như trầm cảm, khó đi vào giấc ngủ hoặc ngủ không sâu, giảm chất lượng giấc ngủ.</li><li>Người từ nước ngoài trở về hoặc mới đến 1 nước khác bị lệch múi giờ, khó ngủ do thay đổi giờ sinh học</li><li>Người bị rối loạn nhịp sinh học do công việc làm theo ca kíp.</li></ul><p><br></p><h2><strong>Ai không nên sử dụng thuốc ngủ dạng nước?</strong></h2><p><br></p><ul><li>Trẻ nhỏ tuổi, sức khỏe yếu</li><li>Người có tiền sử co giật hoặc động kinh nghiêm trọng</li><li>Người có dấu hiệu mẫn cảm với bất kỳ thành phần nào của thuốc</li><li>Người cao tuổi, phụ nữ có thai hoặc đang cho con bú nên cân nhắc trước khi sử dụng</li><li>Trường hợp căng thẳng quá độ, người dùng sẽ phải cần một loại thuốc mạnh hơn để có tác dụng.</li><li>Người mắc các chứng bệnh như: bệnh tim, bệnh hô hấp, bệnh hạ huyết áp, giảm lưu lượng tuần hoàn,… bởi chúng có thể gây ra phản ứng phụ nguy hiểm.</li></ul><p><br></p><h2><strong>Tác dụng phụ khi sử dụng thuốc ngủ dạng nước</strong></h2><p><br></p><p><img src=\"https://cdn.hellobacsi.com/wp-content/uploads/2022/12/thuoc-ngu-dang-nuoc_1079889563.jpg\" alt=\"Tác dụng phụ của thuốc ngủ dạng nước\" height=\"667\" width=\"1000\"></p><p><br></p><p>Theo nghiên cứu thì có khoảng từ 08 – 10 người trải qua cảm giác nôn nao, khó chịu khi sử dụng thuốc ngủ. Thuốc ngủ dạng nước loại kê đơn và không kê đơn có thể gây ra một số tác dụng phụ như:</p><ul><li>Táo bón, tiêu chảy</li><li>Khô miệng</li><li>Nhức đầu</li><li>Choáng váng</li><li>Yếu cơ</li><li>Các vấn đề về tiêu hóa: đầy hơi, khó tiêu, ợ nóng, buồn nôn,…</li></ul><p><br></p><p>Một vấn đề mà chúng ta thường hiểu nhầm rằng sử dụng thuốc ngủ kéo dài sẽ gây “nghiện”, gây lệ thuộc thuốc. Điều đó có nghĩa là khi bạn tự ý sử dụng thuốc ngủ liên tục trong khoảng thời gian dài (khoảng trên 6 tháng), cơ thể có thể bắt đầu phụ thuộc vào chúng. Khi đó, nếu bạn ngừng sử dụng thuốc, chứng mất ngủ có thể tái phát lại như trước hoặc với mức độ nặng hơn.&nbsp;</p><p><br></p><p>Tuy nhiên, điều này chủ yếu là do việc sử dụng thuốc không theo chỉ định của bác sĩ. Nếu tình trạng mất ngủ do bệnh lý tâm thần kinh hoặc căn nguyên tâm lý, thần kinh đã xác định được, việc điều trị các căn nguyên này sẽ giải quyết được hoàn toàn tình trạng mất ngủ, nên không bị mất ngủ tái phát khi ngưng điều trị.&nbsp;</p><p><br></p><p>Đối với trường hợp mất ngủ không tìm ra căn nguyên, còn gọi là mất ngủ nguyên phát (vô căn) thì việc điều trị cần sử dụng đến nhóm thuốc ngủ này. Một nghiên cứu gần đây ghi nhận việc sử dụng thuốc ngủ trong thời gian dài (6 tháng) ở những người mất ngủ nguyên phát mãn tính giúp cải thiện rõ rệt chất lượng cuộc sống, hiệu quả học tập, làm việc và sự hài lòng của người bệnh mà không có bằng chứng về sự tái phát mất ngủ khi ngưng thuốc. Việc lệ thuộc thuốc còn tùy thuộc vào từng tình trạng bệnh lý, cơ thể cũng như là việc có phối hợp các liệu pháp khác hỗ trợ trong điều trị mất ngủ hay không.&nbsp;</p><p><br></p><h2><strong>Khi nào cần phải gặp bác sĩ?</strong></h2><p><br></p><p>Khi sử dụng thuốc ngủ dạng nước, nếu bạn có một trong các biểu hiện dưới đây thì nên đến gặp bác sĩ để được tư vấn và xử trí kịp thời:</p><p><br></p><ul><li>Chóng mặt, buồn nôn, choáng váng, dẫn đến dễ té ngã</li><li>Buồn ngủ kéo dài, ảnh hưởng đến các hoạt động ban ngày như học tập, lái xe, làm việc, đi lại, …</li><li>Gặp phản ứng dị ứng nghiêm trọng: ngứa, nổi mẩn đỏ, sưng phù mắt, miệng kèm khó thở, hồi hộp, đánh trống ngực, buồn nôn, nôn, tiêu chảy,…&nbsp;</li><li>Thay đổi suy nghĩ và hành vi: gặp ảo giác, kích động, bồn chồn, bứt rứt, ngồi không yên, không nhớ các việc đã xảy ra, có ý nghĩ tự tử,…</li><li>Lộn xộn trong trí nhớ, khó tập trung, dễ xao nhãng và có vấn đề về hiệu suất công việc.</li></ul><p><br></p><h2><strong>Lưu ý để sử dụng thuốc ngủ dạng nước an toàn</strong></h2><p><img src=\"https://cdn.hellobacsi.com/wp-content/uploads/2022/12/thuoc-ngu-dang-nuoc_271845803.jpg\" alt=\"Thuốc ngủ dạng nước\" height=\"533\" width=\"1000\"></p><p><br></p><p><strong>Xem xét đánh giá y tế tổng quát:</strong> Trước khi quyết định sử dụng, bạn hãy gặp bác sĩ để được kiểm tra kỹ lưỡng, thực hiện các xét nghiệm cần thiết. Họ sẽ tìm ra nguyên nhân cụ thể cho chứng mất ngủ và có phương án điều trị thích hợp cho gốc rễ của bệnh chứ không đơn thuần là cho thuốc ngủ.&nbsp;</p><p><strong>Đọc kỹ hướng dẫn sử dụng thuốc:</strong> Đọc hướng dẫn sử dụng để hiểu cách thức và liều lượng phù hợp, cũng như tác dụng phụ tiềm ẩn là gì. Nếu bạn có bất kỳ thắc mắc nào, hãy hỏi dược sĩ hoặc bác sĩ thăm khám cho mình để được giải thích kỹ càng.&nbsp;</p><p><strong>Không bao giờ sử dụng thuốc ngủ nếu chưa đến giờ đi ngủ:</strong> Thuốc sẽ khiến bạn không ý thức được những gì mình đang làm và tăng nguy cơ gặp phải các tình huống nguy hiểm. Vậy nên, cho đến khi bạn đã hoàn toàn kết thúc mọi hoạt động buổi tối mới nên sử dụng thuốc.&nbsp;</p><p><strong>Theo dõi các tác dụng phụ:</strong> Nếu bạn thấy buồn ngủ hoặc chóng mặt vào ban ngày hay bất kỳ triệu chứng nào bất thường hoặc nghi ngờ phản ứng dị ứng, hãy thông báo ngay cho bác sĩ; nhân viên y tế hoặc đến cơ sở y tế gần nhất. Họ có thể đề nghị thử một loại thuốc khác; điều chỉnh liều lượng hoặc chỉ định bạn dừng thuốc.&nbsp;</p><p><strong>Không sử dụng cùng với rượu hoặc các chất giảm đau:</strong> Rượu hoặc một số thuốc giảm đau như paracetamol có thể làm tăng tác dụng an thần của thuốc ngủ dạng nước. Điều này có thể dẫn đến một số triệu chứng như thở chậm, không phản ứng, lơ mơ, ngầy ngật, … hoặc thậm chí là ngừng thở.&nbsp;</p><p><strong>Dừng thuốc cẩn thận:</strong> Khi bạn đã sẵn sàng dừng thuốc, hãy làm theo hướng dẫn của bác sĩ, dược sĩ hoặc hướng dẫn sử dụng trên nhãn thuốc. Một số loại thuốc cần phải giảm liều từ từ trước khi ngưng hẳn. Nếu tự ý ngưng đột ngột, bạn sẽ rất khó chịu, mệt mỏi, bồn chồn, bứt rứt thậm chí có ý tưởng tự sát. Bạn cũng có thể gặp trường hợp mất ngủ ngắn hạn sau vài ngày ngừng uống. Khi ấy bạn cần đến gặp bác sĩ để được tư vấn và hỗ trợ ngưng thuốc.&nbsp;&nbsp;</p><p><br></p><h2><strong>Thuốc ngủ dạng nước mua ở đâu?</strong></h2><p>Thuốc ngủ dạng nước có đặc tính tương đối nhạy cảm nên chỉ được bán ở các công ty phân phối và nhà thuốc chính hãng, hoặc bệnh viện. Để đảm bảo an toàn cho sức khỏe của mình, bạn nên lựa chọn các địa chỉ uy tín như Bệnh viện Bạch Mai, Bệnh viện 108, Bệnh viện Chợ Rẫy,… Tuy nhiên, khi mua thuốc ngủ, người mua phải có đơn thuốc chỉ định của bác sĩ.&nbsp;</p><p><br></p><p>Tùy vào thương hiệu, công dụng và thành phần thuốc, một số loại thuốc giá rẻ có giá thành từ 50.000 – 100.000đ nhưng cũng có một số loại cao cấp với mức giá từ 500.000 – 1.000.000đ.&nbsp;</p><p><br></p><h2><strong>Phương pháp tự nhiên giúp ngủ ngon hơn mà không cần dùng thuốc ngủ dạng nước</strong></h2><p><br></p><ul><li><strong>Tránh ăn quá no hoặc uống rượu trước khi đi ngủ</strong>. Tuy nhiên, một bữa ăn nhẹ trước khi ngủ như 1 ly sữa, 1 chiếc bánh quy, một quả chuối hoặc một loại thực phẩm giàu tryptophan tương tự có thể giúp thúc đẩy giấc ngủ ở một số người.&nbsp;</li><li><strong>Hạn chế lượng caffein nạp vào cơ thể</strong>, bao gồm cafe, soda, socola…</li><li><strong>Dừng hút thuốc lá</strong></li><li><strong>Thư giãn tâm trí với chánh niệm, thiền hoặc nghe nhạc dễ ngủ</strong></li><li><strong>Ngưng sử dụng</strong>&nbsp;tất cả các thiết bị điện tử và ngưng làm việc trước khi ngủ ít nhất 30 phút</li><li><strong>Duy trì các hoạt động thể chất hàng ngày</strong>, tập thể dục mỗi ngày 20-30 phút, ít nhất 3-5 ngày/ tuần. Tuy nhiên&nbsp;bạn&nbsp;không nên tập thể dục trong vòng 3 giờ trước khi đi ngủ, vì sẽ kích thích hoạt động của hệ thần kinh tự chủ làm trì hoãn việc vào giấc ngủ.&nbsp;</li><li><strong>Tuân thủ lịch trình ngủ rõ ràng và đều đặn mỗi ngày.</strong>&nbsp;Thời gian đi ngủ, thời gian thức dậy với độ lệch không quá 1 giờ từ ngày này qua ngày khác, kể cả vào cuối tuần để tạo nhịp sinh học cho cơ thể</li><li><strong>Tạo không gian tối, yên tĩnh và mát mẻ, thoải mái</strong>&nbsp;để ngủ sâu.</li><li><strong>Phòng ngủ và giường chỉ được dùng cho việc ngủ</strong></li></ul><p><br></p><p><span style=\"color: rgb(38, 38, 38);\">Tóm lại, bạn nên được bác sĩ tư vấn và chỉ định liều lượng khi dùng thuốc ngủ dạng nước. Thông thường, các phương pháp điều trị không dùng thuốc và thay đổi hành vi sống hàng ngày sẽ là bước đầu tiên giúp bạn cải thiện giấc ngủ mà không gây ra các tác dụng phụ đáng kể. Bác sĩ sẽ tìm ra nguyên nhân gây chứng mất ngủ và đưa ra phương án tốt nhất.&nbsp;</span></p>', NULL, '235523484', '2024-06-10 18:46:09', '23', '58', '1', NULL, '2'),
('74', 'https://res.cloudinary.com/doccomming/image/upload/v1720621710/c2dy6spyaz5ohtwe4tur.jpg', '7 lợi ích khi bỏ thuốc lá và kinh nghiệm bỏ thuốc thành công', 'Lợi ích khi bỏ thuốc lá thành công thể hiện ở nhiều mặt. Không hút thuốc lá không những giúp bạn giảm nguy cơ mắc nhiều bệnh nguy hiểm mà còn nâng cao chất lượng cuộc sống tinh thần lẫn thể chất.', '<h2><strong>7 lợi ích khi bỏ thuốc lá thành công</strong></h2><h3><strong>1. Lợi ích khi bỏ thuốc lá: Hít thở dễ dàng hơn</strong></h3><p><br></p><p>Bạn sẽ hít thở dễ dàng hơn và ho ít hơn khi bỏ hút thuốc, bởi phổi của bạn sẽ được thanh lọc và cải thiện tới 10% trong vòng 9 tháng.</p><p>Có thể nói đây là lợi ích sau khi bỏ thuốc lá dễ nhận thấy nhất. Chỉ cần 1 ngày không hút thuốc lá, bạn vẫn có thể cảm nhận được mình hít thở dễ dàng hơn trước. Đây chính là dấu hiệu phổi của bạn đang dần hồi phục sau một thời gian dài phải thu nạp nicotine trong thuốc lá.</p><p><br></p><h3><strong>2. Tràn ngập năng lượng và giảm căng thẳng</strong></h3><p>Trong vòng 2 tuần đến 12 tuần khi cai thuốc, máu sẽ lưu thông dễ dàng hơn, thúc đẩy hệ thống miễn dịch chống lại cảm lạnh và cúm. Sự gia tăng của oxy trong cơ thể cũng sẽ làm giảm mệt mỏi và đau đầu.</p><p><br></p><p>Vào những ngày đầu bỏ thuốc lá, có thể bạn sẽ thấy khó chịu. Tuy nhiên, hãy kiên nhẫn, khi vượt qua được giai đoạn này, bạn sẽ giảm căng thẳng đi rất nhiều, đồng thời tinh thần cũng vui vẻ và lạc quan hơn.</p><p><br></p><h3><strong>3. Lợi ích khi bỏ thuốc lá giúp bạn ăn ngon miệng hơn</strong></h3><p><img src=\"https://cdn.hellobacsi.com/wp-content/uploads/2021/12/loi-ich-khi-bo-thuoc-la.jpeg\" alt=\"Lợi ích khi bỏ thuốc lá giúp bạn ăn ngon miệng hơn\" height=\"520\" width=\"750\"></p><p><br></p><p>Sau khi bỏ thuốc lá, bạn sẽ cảm thấy khẩu vị của mình được cải thiện bằng việc ăn nhiều và ngon miệng hơn, ngủ tốt hơn. Sau vài tháng, cơ thể bạn sẽ được hồi phục, cân nặng tăng lên và sức khỏe tốt hơn. Ngoài ra, bạn cũng sẽ sống lâu và trẻ hơn khi không sử dụng thuốc lá.</p><p><br></p><h3><strong>4. Cải thiện đời sống tình dục</strong></h3><p>Nam giới sau khi ngừng hút thuốc có thể có khả năng cương cứng tốt hơn. Đối với nữ giới, bạn dễ dàng đạt đến cực khoái và dễ thụ thai hơn. Bỏ hút thuốc cải thiện lớp niêm mạc tử cung, làm cho tinh trùng của nam giới mạnh hơn, tăng khả năng thụ thai qua thụ tinh ống nghiệm và làm giảm khả năng bị sẩy thai ở nữ.</p><p><br></p><h3><strong>5. Cai thuốc lá để bảo vệ người xung quanh</strong></h3><p>Lợi ích khi bỏ thuốc lá quan trọng nhất chính là để bạn bảo vệ sức khỏe của những người thân yêu. Hút thuốc lá thụ động ảnh hưởng cực kỳ nghiêm trọng đến sức khỏe của trẻ em, phụ nữ, phụ nữ có thai và người lớn tuổi.</p><p><br></p><h3><strong>6. Lợi ích khi bỏ thuốc lá: Dư ra một khoản tiền</strong></h3><p><img src=\"https://cdn.hellobacsi.com/wp-content/uploads/2021/12/loi-ich-khi-bo-thuoc-la2.png\" alt=\"Lợi ích khi bỏ thuốc lá\" height=\"499\" width=\"750\"></p><p><br></p><p>Hút thuốc lá tốn kém hơn bạn tưởng rất nhiều. Chỉ cần nhân số tiền chi cho việc mua thuốc lá mỗi ngày với 365 (số ngày mỗi năm) và với số năm đã hút, bạn sẽ bật ngửa với tổng số tiền dùng chỉ để mua thuốc lá. Bây giờ, hãy thử nhân các chi phí mỗi năm với 10 (trong 10 năm tới) và hãy tự hỏi rằng bạn có thể làm gì với số tiền đó. Đấy là chưa kể các chi phí khác như chi phí cho sức khỏe do các bệnh liên quan đến thuốc lá và tiền bảo hiểm mà bạn phải chi trả.</p><p><br></p><h3><strong>7. Lợi ích khi bỏ thuốc lá giúp bạn dễ dàng hòa nhập hơn</strong></h3><p>Cho đến nay, gần như tất cả các nơi làm việc đều có một số quy tắc cho việc hút thuốc. Một số công ty thậm chí còn không muốn tiếp nhận người hút thuốc vì nhiều lý do liên quan đến sức khỏe, hiệu suất làm việc.</p><p><br></p><p>Những nhân viên hút thuốc có xu hướng bị bệnh nhiều hơn. Người lao động bị bệnh thường xuyên hơn so với những người khác có thể làm tăng nhu cầu thay đổi nhân viên của doanh nghiệp. Bên cạnh đó, thời gian giải lao để hút thuốc có nghĩa là bạn không làm việc. Những người hút thuốc trong một tòa nhà cũng có thể làm tăng chi phí bảo trì, vì lượng khói thuốc lá dư làm ám mùi vào thảm, màn cửa và các loại vải khác.</p><p>Hút thuốc lá cũng bị cấm ở hầu hết các trường học và nhiều nơi công cộng khác. Do đó, nếu bỏ được thuốc lá, bạn sẽ có thể dễ dàng tìm kiếm công việc cũng như hòa mình vào cộng đồng hơn</p><p>.</p><h2><strong>Các triệu chứng khi bỏ thuốc lá bạn có thể gặp phải</strong></h2><p><img src=\"https://cdn.hellobacsi.com/wp-content/uploads/2021/12/loi-ich-khi-bo-thuoc-la_1230909589.jpg\" alt=\"lợi ích khi bỏ thuốc lá thành công\" height=\"667\" width=\"1000\"></p><p>Các triệu chứng khi bỏ thuốc lá đột ngột có thể là mất ngủ, bồn chồn, căng thẳng…</p><p><br></p><p>Ngay khi bạn ngừng hút thuốc, cơ thể bạn sẽ bắt đầu hồi phục. Các triệu chứng khi bỏ thuốc lá cụ thể bao gồm:</p><p><br></p><h3><strong>Bỏ thuốc lá bị mất ngủ</strong></h3><p>Việc hút thuốc lá thường xuyên khiến cơ thể quen với nồng độ nicotine cao trong máu. Khi ngừng hút thuốc, lượng nicotine giảm đột ngột khiến cơ thể gây ra những phản ứng như bồn chồn, lo lắng, căng thẳng thần kinh. Những tâm trạng khi bỏ thuốc này cũng là yếu tố khiến bạn bị mất ngủ hoặc ngủ không ngon giấc.</p><p><br></p><h3><strong>Tâm trạng bứt rứt, cáu kỉnh</strong></h3><p>Bứt rứt, cáu kính, muốn hút thuốc để giải tỏa là những tâm trạng khi bỏ thuốc lá thường gặp. Tuy nhiên, triệu chứng này chỉ tồn tại trong vài tuần đầu tiên sau khi bạn quyết tâm cai thuốc. Đi qua giai đoạn này, cơ thể sẽ dẫn quen với việc không hút thuốc. Sau đó, những lợi ích khi bỏ thuốc lá có thể biểu hiện rõ nét hơn.</p><p><br></p><h2><strong>Kinh nghiệm bỏ thuốc lá thành công</strong></h2><p><img src=\"https://cdn.hellobacsi.com/wp-content/uploads/2021/12/loi-ich-khi-bo-thuoc-la_333714230.jpg\" alt=\"Lợi ích khi bỏ thuốc lá thành công\" height=\"667\" width=\"1000\"></p><p><br></p><p>Rất nhiều người cai thuốc lá thành công để tận hưởng những lợi ích sau khi bỏ thuốc lá cho bản thân và những người xung quanh. Bạn hoàn toàn có thể bỏ thuốc lá, đúc kết kinh nghiệm bỏ thuốc lá thành công để chia sẻ cho mọi người.</p><p><br></p><p><strong>S – Set a quit day: Đặt ngày nghỉ.</strong></p><p>Bạn hãy chọn một ngày cố định trong tuần để hoàn toàn nói không với việc hút thuốc lá. Điều này sẽ giúp cơ thể thích nghi dần với sự thay đổi để giảm thiểu những triệu chứng khi bỏ thuốc lá đột ngột.</p><p><br></p><p><strong>T – Telling: Nói với mọi người xung quanh về ý định bỏ thuốc lá của bạn.</strong></p><p>Điều này sẽ giúp những người xung quanh biết được kế hoạch của bạn và sẵn sàng hỗ trợ khi cần thiết. Tốt nhất là bạn hãy chia sẻ kế hoạch cai thuốc lá với một người đã bỏ thuốc thành công. Người này có thể chia sẻ những kinh nghiệm bỏ thuốc lá hữu ích cho kế hoạch của bạn.</p><p><br></p><p><strong>A – Anticipate: Dự đoán và chuẩn bị cho những triệu chứng khi bỏ thuốc lá bạn có thể gặp phải.</strong></p><p>Biết biết trước những triệu chứng có thể xảy ra nếu bỏ thuốc lá có thể giúp bạn bình tĩnh hơn khi nhận thấy những thay đổi của cơ thể. Điều này cũng sẽ giúp bạn có kế hoạch và “chiến lược’ phù hợp để vượt qua giai đoạn thử thách này.</p><p><br></p><p><strong>R – Remove: Loại bỏ thuốc lá và các sản phẩm thuốc lá khác khỏi nhà, xe hơi và nơi làm việc.</strong></p><p>Bạn hãy vứt bỏ tất cả bao thuốc, thuốc lá, bật lửa, gạt tàn và diêm ra khỏi tầm nhìn của bạn khi đang quyết tâm bỏ thuốc lá.</p><p><br></p><p><strong>T – Talk to doctor: Nói chuyện với bác sĩ để được hỗ trợ y tế</strong></p><p>Bác sĩ có thể kê đơn thuốc để giúp giảm các triệu chứng cai nghiện thuốc lá. Nếu không thể gặp bác sĩ, bạn có thể mua nhiều sản phẩm không cần kê đơn tại hiệu thuốc gần nhà, bao gồm miếng dán nicotine, viên ngậm, kẹo cao su…. và sử dụng chúng mỗi khi muốn hút thuốc.</p><p><br></p><p><span style=\"color: rgb(38, 38, 38);\">Lợi ích khi bỏ thuốc lá giúp bạn bảo vệ sức khỏe không chỉ của bản thân mà còn của những người xung quanh. Với nhiều người, cai thuốc không phải là việc đơn giản, dễ thực hiện. Bạn có thể lấy thêm động lực bằng cách lắng nghe câu chuyện kinh nghiệm bỏ thuốc lá của những người đã cai thuốc thành công. Khi đủ quyết tâm, bạn sẽ bỏ được thuốc lá!</span></p>', NULL, '235523484', '2024-07-10 21:28:30', '24', '60', '1', NULL, '2'),
('75', 'https://res.cloudinary.com/doccomming/image/upload/v1720621935/ejmmmg6vatzvtdlbaho0.jpg', 'Top 20 cách đuổi kiến ra khỏi nhà nhanh chóng, không độc hại', 'Kiến là một loài côn trùng phổ biến, có thể xuất hiện ở bất cứ đâu trong nhà bạn và gây ra nhiều phiền toái. Dưới đây là một số cách đuổi kiến ra khỏi nhà hiệu quả, an toàn, không tốn kém mà bạn có thể thử.', '<h2><strong>1. Cách ngăn chặn kiến bằng phấn</strong></h2><p>Một trong những biện pháp đuổi kiến tại nhà thông dụng nhất là sử dụng phấn. Phấn chứa canxi cacbonat, làm nhầm lẫn mùi hương ban đầu mà kiến ngửi thấy.&nbsp;</p><p><br></p><p>Bạn có thể dùng phấn vẽ các đường xung quanh chỗ kiến hay “tụ họp” hoặc vẽ một đường phấn ở lối vào để ngăn chặn kiến xâm nhập ngay từ đầu. Ngoài ra, bạn cũng có thể nghiền phấn thành bột rồi rắc vào khu vực có kiến.</p><p>Chú ý, với nhà có trẻ nhỏ, bạn cần cẩn trọng khi sử dụng bột phấn để đuổi kiến vì trẻ nhỏ có thể hít phải bụi phấn, ảnh hưởng đến sức khỏe của trẻ.</p><p><br></p><h2><strong>2. Cách đuổi kiến ra khỏi nhà bằng vỏ cam</strong></h2><p>Vỏ cam hoặc vỏ của các loại trái cây họ cam quýt khác (chanh, bưởi) có thể xua đuổi kiến khỏi khu vực chúng thường tụ tập. Trong vỏ cam chứa một loại dầu có tính axit độc hại gọi là D-limonene có tác dụng diệt kiến. Bên cạnh đó, mùi tinh dầu từ vỏ cam cũng có thể “lấn át” mùi thức ăn, ngăn kiến quay trở lại.</p><p><br></p><p><img src=\"https://cdn.hellobacsi.com/wp-content/uploads/2023/11/cach-duoi-kien-ra-khoi-nha_240923182.jpg\" alt=\"Cách đuổi kiến ra khỏi nhà bằng vỏ cam\" height=\"667\" width=\"1000\"></p><p><br></p><h2><strong>3. Cách trị kiến bằng tỏi</strong></h2><p>Tỏi là loại gia vị quen thuộc của mọi nhà và có thể giúp bạn đuổi kiến. Bạn chỉ cần bóc vài tép tỏi tươi và đặt chúng gần nơi kiến xuất hiện. Mùi tỏi sẽ xua đuổi kiến ra khỏi nhà của bạn. Khi tép tỏi khô đi, bạn cần thay tép tỏi mới để duy trì tác dụng đuổi kiến lâu dài.</p><p><br></p><h2><strong>4. Mẹo đuổi kiến bằng nước cốt chanh</strong></h2><p>Bạn có thể xịt hoặc lau nước cốt chanh lên các khu vực thường xuyên thấy kiến để xua đuổi chúng. Điều này giúp loại bỏ các vệt pheromone mà kiến tạo ra và che đi mùi thức ăn.</p><p><br></p><h2><strong>5. Cách đuổi kiến ra khỏi nhà bằng giấm trắng</strong></h2><p>Sử dụng giấm trắng là một cách đuổi kiến ra khỏi nhà hiệu quả và ít tốn kém. Với thành phần chính acid acetic, nguyên liệu này cũng được biết đến với công dụng làm sạch và tẩy rửa hữu ích.</p><p><br></p><p>Bạn hãy thử pha hỗn hợp giấm trắng và nước theo tỷ lệ 1:1 để làm sạch các bề mặt cứng, bao gồm sàn nhà, mặt bàn hay bất cứ nơi nào kiến có khả năng di chuyển. Bạn cũng có thể xịt trực tiếp hỗn hợp này lên kiến nếu nhìn thấy chúng và dùng khăn giấy lau sạch.</p><p>Lưu ý: Không sử dụng giấm ăn để lau chùi trên bề mặt đá tự nhiên, như đá hoa cương Granite, đá thạch anh hay đá cẩm thạch. Lý do là vì thành phần axit trong giấm có thể gây tổn hại cho bề mặt đá, gây mất đi độ sáng bóng và hình thành nhiều hư hại khác. Ngay cả khi giấm được pha loãng với nước thì nó vẫn có khả năng gây hại cho mặt đá.</p><p><br></p><p><img src=\"https://cdn.hellobacsi.com/wp-content/uploads/2023/11/cach-duoi-kien-ra-khoi-nha_2262048911.jpg\" alt=\"Cách đuổi kiến ra khỏi nhà bằng giấm trắng\" height=\"667\" width=\"1000\"></p><p><br></p><h2><strong>6. Xua đuổi kiến hiệu quả bằng bã cà phê</strong></h2><p>Một trong những cách đuổi kiến ra khỏi nhà đơn giản và ít tốn kém nữa là sử dụng bã cà phê. Để thực hiện, bạn hãy cho phần bã cà phê lên mảnh giấy/ bìa và đặt chúng ở những nơi kiến thường tụ tập. Kiến ghét mùi cà phê và sẽ tìm cách rời khỏi nơi bạn đặt bã cà phê.</p><p>Tác dụng đuổi kiến của bã cà phê sẽ yếu đi khi chúng khô lại. Do đó, bạn cần lặp lại thường xuyên hoặc kết hợp với các phương pháp xử lý khác để đem lại hiệu quả tốt nhất.</p><p><br></p><h2><strong>7. Bột quế xay có tác dụng đuổi kiến</strong></h2><p>Quế có mùi hương nồng, vì vậy nó rất hữu ích trong việc đuổi kiến ra khỏi nhà. Bạn có thể rắc bột quế xay sẵn hoặc đặt thanh quế vào vị trí bị kiến xâm nhập. Loại gia vị này sẽ ngay lập tức phát huy công dụng ngăn cản kiến khỏi nguồn thức ăn và buộc chúng phải rời đi.</p><p><br></p><p><img src=\"https://cdn.hellobacsi.com/wp-content/uploads/2023/11/cach-duoi-kien-ra-khoi-nha_1029427720.jpg\" alt=\"Cách đuổi kiến ra khỏi nhà bằng quế\" height=\"667\" width=\"1000\"></p><p><br></p><h2><strong>8. Cách đuổi kiến khỏi nhà bằng ớt cayenne</strong></h2><p>Tương tự như quế, ớt cayenne có mùi nồng, cay gây khó chịu cho kiến. Để loại bỏ kiến khỏi nhà, bạn hãy rắc bột ớt xung quanh lối vào nhà, chân tường hoặc các khu vực bị kiến xâm nhập. Loại gia vị này sẽ che đi mùi hương của thức ăn, chặn đường đi của kiến và khiến chúng bối rối.</p><p><br></p><h2><strong>9. Bột ngô (bột bắp) giúp diệt kiến</strong></h2><p>Bạn có thể dùng bột ngô để đuổi kiến. Kiến không thể tiêu hóa bột ngô, do đó chúng sẽ chết sau khi ăn phải loại bột này.&nbsp;</p><p>Cách khác là bạn đổ trực tiếp bột ngô lên đàn kiến và cho nước lên trên. Lũ kiến sẽ ngay lập tức chìm trong hỗn hợp và bạn có thể dọn sạch nhanh chóng. Bột bắp vừa rẻ vừa thân thiện với môi trường. Vì vậy, bạn có thể an tâm sử dụng lâu dài cho gia đình.&nbsp;</p><p><br></p><h2><strong>10. Cách đuổi kiến ra khỏi nhà bằng bạc hà</strong></h2><p>Bạc hà có khả năng chống côn trùng tự nhiên, giúp xua đuổi kiến hiệu quả và nhanh chóng.</p><p><br></p><p>Để đuổi kiến bằng cách này, bạn hãy làm theo các bước sau:</p><ul><li>Hòa 10 – 20 giọt tinh dầu bạc hà vào 2 cốc nước rồi cho vào chai xịt.</li><li>Xịt hỗn hợp trên lên chân tường, khu vực cửa sổ hoặc khu vực có nhiều kiến di chuyển.</li><li>Để hỗn hợp khô và lặp lại nếu cần.</li><li><br></li></ul><p>Lưu ý: Tinh dầu bạc hà có thể gây độc cho thú cưng, đặc biệt là mèo. Do đó, khi sử dụng phương pháp đuổi kiến này, bạn cần chú ý để vật nuôi của mình không tiếp xúc với dung dịch.</p><p><br></p><p><img src=\"https://cdn.hellobacsi.com/wp-content/uploads/2023/11/cach-duoi-kien-ra-khoi-nha_1101401111.jpg\" alt=\"Cách đuổi kiến ra khỏi nhà bằng bạc hà\" height=\"660\" width=\"1000\"></p><p><br></p><h2><strong>11. Mẹo đuổi kiến bằng dầu cây trà (tea tree oil)</strong></h2><p>Giống như tinh dầu bạc hà, dầu cây trà có thể ngăn chặn kiến hiệu quả. Để sử dụng phương pháp này, bạn hãy:</p><ul><li>Hòa 5 đến 10 giọt tinh dầu cây trà với 2 cốc nước cho vào chai xịt nhựa sạch.</li><li>Xịt hỗn hợp xung quanh nhà nơi thường xuyên xuất hiện kiến. Ngoài ra, bạn có thể thấm bông gòn vào hỗn hợp này và đặt chúng xung quanh nhà.</li><li>Nếu mùi hương quá nồng, bạn hãy thử pha hỗn hợp dầu cây trà, tinh dầu bạc hà và nước.</li></ul><p>Lưu ý không để vật nuôi tiếp xúc với dầu cây trà.</p><p><br></p><h2><strong>12. Đuổi kiến và côn trùng bằng tinh dầu bạch đàn chanh</strong></h2><p>Sử dụng tinh dầu bạch đàn chanh cũng là một phương thức xua đuổi kiến, muỗi và các loài bọ bay hiệu quả. Cách thực hiện đơn giản như sau:</p><ul><li>Nhúng bông gòn vào tinh dầu bạch đàn chanh không pha loãng.</li><li>Sau đó, đặt những miếng bông gòn này ở những nơi thường thấy kiến trong nhà.</li><li>Thay mới bông gòn thường xuyên để phát huy tác dụng đuổi kiến tốt nhất.</li></ul><p>Lưu ý: Bạn không nên uống dầu tinh dầu bạch đàn chanh. Giữ nó xa tầm tay trẻ em và vật nuôi.</p><p><br></p><h2><strong>13. Sử dụng phấn rôm đuổi kiến</strong></h2><p><br></p><p>Bạn có thể đổ một ít bột phấn rôm ở lối vào của kiến. Mùi của loại phấn này đủ mạnh để xua đuổi và đánh lạc hướng đàn kiến. Ngoài ra, bạn cũng có thể rắc bột trực tiếp bột lên kiến để tiêu diệt chúng.</p><p><br></p><h2><strong>14. Dùng hỗn hợp baking soda và đường bột (Powdered Sugar)</strong></h2><p>Hỗn hợp baking soda và đường bột có tác dụng thu hút và diệt kiến. Mùi hương ngọt ngào từ đường bột sẽ thu hút kiến đến hỗn hợp baking soda để kiếm ăn. Tính axit trong baking soda sẽ đọng lại trong cơ thể chúng và có thể khiến kiến chết trong vài phút.</p><p><br></p><p><img src=\"https://cdn.hellobacsi.com/wp-content/uploads/2023/11/cach-duoi-kien-ra-khoi-nha_433705303.jpg\" alt=\"Cách đuổi kiến ra khỏi nhà bằng baking soda\" height=\"751\" width=\"1000\"></p><p><br></p><h2><strong>15. Cách đuổi kiến ra khỏi nhà bằng axit boric</strong></h2><p>Theo một nghiên cứu trên động vật năm 2003, axit boric có thể giết chết một số loại kiến thợ và kiến chúa trong vòng 3 tuần sau khi tiếp xúc bằng cách ăn mòn lớp vỏ bên ngoài và dạ dày của kiến.</p><p><br></p><p>Để sử dụng axit boric diệt kiến, bạn hãy làm theo các bước dưới đây:</p><ul><li>Đeo găng tay an toàn</li><li>Pha dung dịch gồm 1/2 thìa cà phê axit boric, 8 thìa cà phê đường và 1 cốc nước ấm</li><li>Khuấy cho đến khi đường và axit boric được hòa tan</li><li>Ngâm những miếng bông gòn và đặt chúng xung quanh nhà ở những nơi bạn thường thấy kiến.</li></ul><p><br></p><p>Bạn cũng có thể sử dụng axit boric để tự làm bẫy kiến bằng cách: Trộn bột axit boric với đường bột hoặc siro ngọt để thu hút kiến, sau đó rải bột lên bìa cứng và đặt ở những nơi kiến hay tụ tập. Điều quan trọng là phải giữ axit boric tránh xa vật nuôi và trẻ em vì nó có thể gây nguy hiểm.</p><p><br></p><h2><strong>16. Cách diệt kiến ngay lập tức bằng nước sôi</strong></h2><p>Nếu bạn nhận thấy những ổ kiến gần nhà, hãy đổ nước sôi vào đó. Phương pháp này sẽ tiêu diệt hiệu quả và ngay lập tức nhiều con kiến bên trong tổ của chúng.</p><p><br></p><p>Đây là một trong những cách dễ nhất để tiêu diệt toàn bộ đàn kiến. Vấn đề là bạn cần tìm thấy tất cả những nơi kiến làm tổ để tiêu diệt triệt để nhất. Tổ kiến có thể không lớn, nhưng số lượng kiến bên trong tổ thì rất lớn.</p><p><br></p><h2><strong>17. Sử dụng xà phòng và nước lau kính</strong></h2><p>Một cách đuổi kiến tự nhiên và dễ dàng là sử dụng xà phòng rửa chén và nước lau kính. Cách này không chỉ giúp loại bỏ kiến mà còn làm sạch ngôi nhà của bạn. Xà phòng và nước lau kính chứa hóa chất giúp diệt kiến khi tiếp xúc. Đồng thời, phương pháp này cũng giúp khử dấu vết pheromone và ngăn kiến quay trở lại.</p><p><br></p><p>Cách thực hiện như sau:</p><p><br></p><ol><li>Cho nước lau kính cùng xà phòng rửa chén vào bình xịt sạch</li><li>Xịt hỗn hợp lên những khu vực kiến thường xâm nhập hoặc xịt trực tiếp lên kiến</li><li>Sau khi phun, lau lại khu vực để làm sạch</li><li>Lặp lại các bước trên thường xuyên nếu cần.</li></ol><p><br></p><p><img src=\"https://cdn.hellobacsi.com/wp-content/uploads/2023/11/cach-duoi-kien-ra-khoi-nha_2239611511.jpg\" alt=\"Cách đuổi kiến ra khỏi nhà bằng nước lau kính\" height=\"667\" width=\"1000\"></p><p><br></p><h2><strong>18. Ngăn chặn nguồn thức ăn của kiến</strong></h2><p>Kiến bị thu hút bởi các loại thức ăn ngọt và giàu tinh bột như đường, mật ong, vụn bánh mì… Vì vậy, để kiến không thể phá hoại không gian của bạn, hãy chặn các nguồn thức ăn của chúng bằng cách:</p><p><br></p><ul><li>Bảo quản thực phẩm trong hộp hoặc túi nhựa kín</li><li>Rửa sạch tất cả bát đĩa và dụng cụ nấu ăn ngay sau khi sử dụng</li><li>Dọn dẹp các mảnh vụn thực phẩm trong nhà mỗi ngày bằng chổi hoặc máy hút bụi. Đặc biệt lưu ý đến những nơi dễ tích tụ như dưới chân bàn, tủ lạnh, sofa…</li></ul><p><br></p><p>Thức ăn của vật nuôi cũng có thể thu hút kiến. Do đó, khi cho thú cưng ăn, bạn chỉ nên lấy lượng vừa đủ, đồng thời rửa và lau sạch bát sau khi thú cưng ăn xong để loại bỏ mùi thức ăn.</p><p><br></p><h2><strong>19. Loại bỏ lối vào nhà của kiến</strong></h2><p>Để loại bỏ sự xâm nhập của kiến và ngăn chặn chúng quay trở lại, bạn hãy thử quan sát và tìm hiểu chúng vào nhà bằng cách nào. Hãy kiểm tra các vết nứt và lỗ hổng trên tường, cửa sổ và bịt kín chúng. Nếu kiến thường xuyên bò ra từ phía sau ván ốp chân tường, bạn cần phải hàn kín lại để chặn đường vào của chúng.</p><p><br></p><p>Bên cạnh đó, bạn cũng nên xử lý triệt để các vấn đề ẩm mốc trong nhà. Gỗ bị hư hỏng do ẩm có thể gây ra nhiều vấn đề ảnh hưởng đến sức khỏe, tạo môi trường lý tưởng để kiến, mối mọt và các sinh vật gây hại phát triển.</p><p><br></p><h2><strong>20. Kiểm tra, chăm sóc và cắt tỉa cây trồng xung quanh</strong></h2><p>Kiến có thể làm tổ trên cây hoặc dưới đất quanh chỗ cây trồng. Việc dọn dẹp, loại bỏ các tổ kiến và cắt tỉa cây trồng sẽ giảm sự xâm nhập của kiến vào nhà. Hãy để ý tới những cành cây, dây leo hoặc cây bụi đang chạm vào tường nhà bạn. Chúng có thể tạo điều kiện cho kiến dễ dàng xâm nhập vào bên trong.</p><p><br></p><p><span style=\"color: rgb(38, 38, 38);\">Bạn có thể áp dụng các cách đuổi kiến ra khỏi nhà khác nhau để tìm ra phương pháp hiệu quả nhất cho ngôi nhà của mình. Hy vọng những thông tin này sẽ giúp bạn giải quyết vấn đề kiến xâm nhập vào nhà. Nếu các biện pháp tự nhiên không hiệu quả, bạn có thể sử dụng các sản phẩm đuổi kiến chuyên dụng.</span></p>', NULL, '235523484', '2024-06-10 21:32:15', '24', '61', '1', NULL, '2'),
('76', 'https://res.cloudinary.com/doccomming/image/upload/v1720622186/yo0kh1wglmzux49txeex.webp', 'Tác hại không ngờ từ việc uống sữa đậu nành quá nhiều', 'Sữa đậu nành có nhiều lợi ích đối với sức khỏe. Tuy nhiên, cái gì hấp thu nhiều quá cũng không tốt và các thực phẩm từ đậu nành cũng vậy.', '<p>Các nghiên cứu đã chỉ ra được những mối liên hệ giữa việc sử dụng các thực phẩm từ đậu nành và hàm lượng cholesterol trong cơ thể. Bên cạnh đó, các nhà khoa học cũng giải quyết câu hỏi sữa đậu nành tác động đến sức khỏe nam giới như thế nào?</p><p><br></p><h2><strong>Mối liên quan giữa sữa đậu nành và cholesterol</strong></h2><p><br></p><p>Sữa đậu nành là một loại sữa thực vật được làm từ hạt đậu nành. Loại sữa này phổ biến đối với những người không dung nạp lactose vì nó không hề chứa lactose. Nó cũng là loại sữa phổ biến với một số người ăn chay và chay trường.</p><p><br></p><p>Đậu nành đã được nghiên cứu rộng rãi vì những lợi ích sức khỏe mà nó mang lại. Một trong những câu hỏi mà các nhà nghiên cứu đặt ra là liệu đậu nành có thể làm giảm hàm lượng cholesterol trong cơ thể hay không.</p><p><br></p><h3><strong>Cholesterol LDL “xấu”</strong></h3><p>Theo các chuyên gia, thực phẩm làm từ đậu nành có khả năng làm giảm mức LDL – hay còn gọi là cholesterol “xấu” gây hại. Nghiên cứu đã chứng minh rằng những người uống sữa đậu nành mỗi ngày có dấu hiệu giảm đi 5% lượng cholesterol so với những người uống sữa bò bình thường.</p><p><br></p><h3><strong>Cholesterol HDL “tốt”</strong></h3><p>Ngoài hiệu quả làm giảm mức cholesterol LDL, sữa đậu nành đồng thời còn làm tăng hàm lượng cholesterol HDL “tốt” cho tim mạch và cơ thể. Nghiên cứu cho thấy protein đậu nành có hiệu quả làm tăng mức HDL “tốt” trong khi làm giảm cholesterol LDL “xấu”.</p><p><br></p><h2><strong>Protein đậu nành có tác động như thế nào đến vòng 1 của nam giới?</strong></h2><p>Gynecomasty (hay&nbsp;gynecomastia)&nbsp;là thuật ngữ chỉ về chứng rối loạn phát triển tuyến vú ở nam – hay còn gọi&nbsp;là&nbsp;bệnh nữ hóa tuyến vú.</p><p>Bệnh nữ hóa tuyến vú chỉ sự tăng trưởng bất thường của các mô vú ở nam giới. Hầu hết các trường hợp mắc chứng nữ hóa tuyến vú đều có liên quan đến sự mất cân bằng giữa 2 loại hormone testosterone và estrogen.</p><p><br></p><p>Đậu nành chứa nhiều loại hóa chất, bao gồm cả phytoestrogen – hay còn gọi là estrogen thực vật.</p><p>Mối liên hệ giữa bệnh nữ hóa tuyến vú và protein đậu nành vẫn chưa có đầy đủ cơ sở thuyết phục nghiên cứu trên cơ thể người. Tuy nhiên, nam giới vẫn nên uống sữa đậu nành một cách vừa phải để tránh mắc căn bệnh không mong muốn này.</p><p><br></p><h3><strong>Estrogen thực vật</strong></h3><p>Theo các chuyên gia, protein đậu nành có chứa hai chất tương tự như hormone gọi là phytoestrogen và daidzein.</p><p><br></p><p>Hai loại chất này có cấu trúc và chức năng tương tự như estrogen có trong hormone người. Khi hấp thu lượng lớn vào cơ thể, các estrogen thực vật này sẽ làm cho nồng độ estrogen trong cơ thể tăng lên. Theo lý thuyết thì mức estrogen cao có thể kích thích quá trình sản sinh mô vú và dẫn đến chứng nữ hóa tuyến vú.</p><p><br></p><h3><strong>Mối quan hệ giữa đậu nành và bệnh nữ hóa tuyến vú</strong></h3><p><br></p><p>Nghiên cứu cho thấy có một số trường hợp người bệnh đã phát triển bệnh nữ hóa tuyến vú do ăn nhiều sản phẩm làm từ đậu nành. Đây là một dạng bệnh lý bất thường và hiếm gặp. Bệnh dần biểu hiện triệu chứng sau khi một bệnh nhân nam bắt đầu uống 3 lít sữa đậu nành mỗi ngày. Ngay sau khi anh ấy ngừng uống sữa, kích thước mô vú của anh giảm đi đáng kể.</p><p><br></p><h2><strong>Điều trị bệnh nữ hóa tuyến vú</strong></h2><p>Thông thường, người mắc bệnh nữ hóa tuyến vú sẽ tự hồi phục theo thời gian. Tuy nhiên, nếu bệnh do một nguyên nhân tiềm ẩn gây ra, chẳng hạn như giảm năng tuyến sinh dục, bệnh gan hoặc suy dinh dưỡng thì bệnh nhân cần phải điều trị thêm.</p><p><br></p><p>Bạn nên thay đổi thói quen ăn uống hoặc làm phẫu thuật để cải thiện bệnh tình. Bác sĩ sẽ yêu cầu bạn làm phẫu thuật chỉnh hình như hút mỡ hoặc cắt bỏ mô tuyến vú. Bạn nên hỏi ý kiến bác sĩ thật kỹ về các lựa chọn điều trị để tìm ra biện pháp chữa trị phù hợp với bạn nhất nhé.</p><p><br></p><p><span style=\"color: rgb(38, 38, 38);\">Sữa đậu nành và các sản phẩm từ đậu nành mặc dù có nhiều lợi ích đối với sức khỏe con người, nhưng bạn nên cân nhắc sử dụng với lượng vừa phải để những lợi ích đó phát huy tối đa. Đặc biệt, với nam giới nên cẩn thận nếu dùng sữa đậu nành.</span></p>', NULL, '235523484', '2024-05-10 21:36:26', '25', '62', '1', NULL, '2'),
('77', 'https://res.cloudinary.com/doccomming/image/upload/v1720622722/nastl3sxipdjqxnddvag.jpg', 'Rối loạn cương dương: Nguyên nhân, Chẩn đoán, Điều trị', 'Rối loạn cương dương không chỉ ảnh hưởng đến sinh hoạt tình dục mà còn gây hại đến sức khỏe tổng quát và khả năng sinh sản của nam giới. Vì thế, đây là mối bận tâm chung của nhiều đàn ông.', '<h2><strong>Tổng quan về rối loạn cương dương</strong></h2><p><strong>Rối loạn cương dương là gì? </strong>Rối loạn chức năng cương dương được định nghĩa là tình trạng dương vật không thể đạt được sự cương cứng; hoặc không duy trì trạng thái cương cứng dương vật đủ lâu khi quan hệ tình dục.</p><p>Rối loạn cương dương thường được chia thành 2 dạng:</p><p><br></p><h3><strong>1. Rối loạn cương dương tự nhiên (Organic Erectile Dysfunction)</strong></h3><p><strong>Rối loạn cương dương tự nhiên thường gặp ở nam giới cao tuổi, </strong>là dạng phổ biến nhất hiện nay. Khả năng duy trì sự cương cứng của đàn ông lớn tuổi có thể bị ảnh hưởng bởi: sự hao mòn (một phần hoặc hoàn toàn của mô); sự xơ hóa; và sự phát triển của mô thừa, mô cơ trơn trong thân dương vật.</p><p><br></p><ul><li>Chứng rối loạn cương dương tự nhiên thường xuất phát từ sự bất thường ở: động mạch, tĩnh mạch dương vật&nbsp;hoặc cả hai. Vì thế, nhiều chuyên gia cho rằng, rối loạn cương dương thường là một trong những dấu hiệu ban đầu của các bệnh: tim mạch, xơ vữa động mạch và bệnh mạch máu.</li></ul><p><br></p><h3><strong>2. Xuất tinh sớm (PE)</strong></h3><p>Dạng này không giới hạn về độ tuổi. Nam giới trẻ tuổi cũng có thể bị rối loạn chức năng cương dương do xuất tinh sớm.</p><ul><li>Rối loạn cương dương ở dạng xuất tinh sớm khiến nam giới xuất tinh chỉ trong khoảng 1 phút sau khi thâm nhập vào âm đạo. Thậm chí, một số trường hợp sẽ xuất tinh trước khi&nbsp;quan hệ tình dục thâm nhập.</li></ul><p><br></p><p>Ở nhiều trường hợp, những đàn ông gặp khó khăn trong việc duy trì sự cương cứng sẽ hình thành thói quen xuất tinh sớm. Tình trạng này kéo dài sẽ làm mất khả năng cương cứng.</p><p><br></p><h3><strong>Triệu chứng rối loạn cương dương</strong></h3><p><br></p><p>Làm sao để xác định có bị rối loạn cương dương không? <strong>Những triệu chứng rối loạn cương dương thường gặp là:&nbsp;</strong></p><ul><li>Không thể cương cứng dương vật</li><li>Có thể cương cứng nhưng không thể duy trì khả năng cương cứng</li><li>Xuất tinh sớm</li></ul><p><br></p><p>Những triệu chứng liên quan đến khả năng cương cứng khác:</p><ul><li>Xuất tinh chậm nhưng không đạt cực khoái</li><li>Không có khả năng đạt được cực khoái sau nhiều kích thích tình dục.</li></ul><p><br></p><p><strong>Khi nào cần gặp bác sĩ?</strong></p><p><br></p><p><span style=\"color: rgb(38, 38, 38);\">Nếu như những triệu chứng này kéo dài từ 2 tháng trở lên, tốt nhất bạn nên gặp bác sĩ để tìm hiểu nguyên nhân và chẩn đoán chính xác. Các phương pháp điều trị sẽ hiệu quả hơn khi bạn xác định đúng nguyên nhân với bác sĩ chuyên khoa.</span></p><p><br></p><h2><strong>Nguyên nhân</strong></h2><p><img src=\"https://cdn.hellobacsi.com/wp-content/uploads/2020/04/yeu-sinh-ly-3.jpg\" alt=\"rối loạn cương dương\" height=\"433\" width=\"650\"></p><p><br></p><h3>Nguyên nhân sức khỏe gây rối loạn cương dương</h3><ul><li><strong>Không bơm đủ máu đến dương vật.&nbsp;</strong>Xơ cứng động mạch, bệnh tim, đái tháo đường và hút thuốc lá ảnh hưởng tiêu cực đến lưu lượng máu được đưa vào dương vật. Không có đủ máu vào dương vật khiến bệnh nhân không thể cương cứng.</li><li><strong>Dương vật không thể giữ máu khi đã cương cứng.&nbsp;</strong>Nếu máu không lưu lại trong dương vật, tình trạng&nbsp;bị xìu khi quan hệ&nbsp;sẽ diễn ra. Vấn đề này có thể&nbsp;xảy ra ở mọi lứa tuổi.</li><li><strong>Các tín hiệu thần kinh từ não hoặc tủy sống không đến được dương vật.&nbsp;</strong>Một số bệnh hoặc chấn thương ở&nbsp;vùng xương chậu<a href=\"https://hellobacsi.com/the-duc-the-thao/tang-cuong-suc-manh/cac-bai-tap-co-san-chau/\" rel=\"noopener noreferrer\" target=\"_blank\" style=\"color: rgb(45, 135, 243);\">&nbsp;</a>sẽ ảnh hưởng đến khả năng cương cứng.</li><li><strong>Bệnh đái tháo đường đường</strong>&nbsp;có thể gây ra tổn thương dây thần kinh ở dương vật.</li><li><strong>Các phương pháp điều trị ung thư gần xương chậu&nbsp;</strong>có thể ảnh hưởng đến chức năng của dương vật. Bao gồm các phương pháp phẫu thuật và xạ trị đối với: ung thư tuyến tiền liệt, ruột kết-trực tràng hoặc bàng quang.</li><li><br></li></ul><h3><strong>Nguyên nhân cảm xúc dẫn đến rối loạn cương dương</strong></h3><p><br></p><ul><li>Trầm cảm</li><li>Rối loạn lo âu</li><li>Xung đột mối quan hệ</li><li>Căng thẳng ở nhà hoặc nơi làm việc</li><li>Căng thẳng do xung đột xã hội, văn hóa hoặc tôn giáo</li><li>Lo lắng về hiệu suất và hiệu quả tình dục.</li></ul><p><br></p><h2><strong>Đối tượng có nguy cơ cao</strong></h2><p><br></p><p>Mặc dù rối loạn cương dương có thể gặp ở người trẻ khỏe mạnh. Thế nhưng những yếu tố nguy cơ sau có thể làm tăng khả năng bị rối loạn cương dương:</p><ul><li><strong>Rối loạn tâm lý:</strong>&nbsp;trầm cảm, lo lắng</li><li><strong>Rối loạn thần kinh:</strong>&nbsp;Bệnh não, chấn thương tủy sống, bệnh cột sống, bệnh thần kinh ngoại vi, tổn thương thần kinh thẹn.</li><li><strong>Rối loạn nội tiết:</strong>&nbsp;Suy tuyến sinh dục, cường prolactin huyết, cường hay suy giáp, hội chứng Cushing, bệnh Addison.</li><li><strong>Rối loạn mạch máu:</strong>&nbsp;Xỡ vữa mạch máu, Bệnh tim thiếu máu, bệnh mạch máu ngoại vi, suy tĩnh mạch, bệnh lý thể hang.</li><li><strong>Do thuốc:</strong>&nbsp;thuốc hạ áp, thuốc chống trầm cảm ( giảm ham muốn ), estrogen và các thuốc kháng androgen ( giảm ham muốn), digoxin</li><li><strong>Thói quen:</strong>&nbsp;Ma túy, nghiện rượu, hút thuốc lá…</li><li><strong>Bệnh khác:</strong>&nbsp;đái tháo đường, suy thận, tăng lipid máu, tăng huyết áp, bệnh phổi tắc nghẹn mạn tính.</li></ul><p><br></p><p><strong>Mặc dù rối loạn cương dương phổ biến hơn trong quá trình lão hóa, nhưng không phải tất cả nam giới lớn tuổi đều gặp bất lực</strong>. Một số nam giới có thể trạng và sức khỏe tốt vẫn có thể hoạt động tình dục ở độ tuổi 80. Để có thể điều trị rối loạn cương dương hiệu quả, điều quan trọng là tìm ra và điều trị nguyên nhân gây ra bất lực.</p><p><br></p><h2><strong>Chẩn đoán rối loạn cương dương</strong></h2><p><br></p><p><strong>Rối loạn cương dương có chữa được không?</strong> <strong>Câu trả lời là CÓ. </strong>Để quá trình điều trị rối loạn cương dương hiệu quả và chính xác hơn, bạn cần được chẩn đoán đầy đủ. Các quy trình chẩn đoán rối loạn chức năng cương dương có thể bao gồm những điều sau:</p><p><br></p><p><strong>a. Tiền sử bệnh hoặc tình dục của bệnh nhân.</strong> Bác sĩ cần những thông tin này để xác định nguyên nhân dẫn đến bất lực và tìm hiểu những vấn đề về cương cứng, xuất tinh, cực khoái hoặc ham muốn tình dục.</p><p><br></p><p><strong>b. Kiểm tra thể chất</strong> để chẩn đoán. Việc kiểm tra này sẽ tập trung vào bộ phận sinh dục của bạn (dương vật và tinh hoàn).</p><ul><li>Dựa trên độ tuổi và các yếu tố nguy cơ, bài kiểm tra cũng có thể tập trung vào tim mạch và huyết áp.&nbsp;</li><li>Dựa trên tuổi của bạn và tiền sử gia đình, bác sĩ có thể khám trực tràng để kiểm tra tuyến tiền liệt.</li></ul><p><br></p><p><strong>c. Các xét nghiệm chẩn đoán</strong>. Bao gồm: xét nghiệm máu, phân tích nước tiểu, hồ sơ lipid, và đo creatinine và men gan. Đo testosterone trong máu thường được thực hiện ở nam giới có tiền sử giảm ham muốn tình dục hoặc tiểu đường.</p><p><br></p><p><strong>d. Khám sàng lọc tâm lý xã hội.</strong> Điều này được thực hiện để giúp tiết lộ các yếu tố tâm lý có thể ảnh hưởng đến hiệu suất. Bạn tình, hoặc bạn đời của bạn cũng có thể cùng phỏng vấn để xác định những mong đợi và nhận thức gặp phải khi quan hệ tình dục.</p><p><br></p><h2><strong>Phương pháp điều trị không phẫu thuật</strong></h2><p><br></p><p><img src=\"https://cdn.hellobacsi.com/wp-content/uploads/2020/04/yeu-sinh-ly.jpg\" alt=\"rối loạn cương dương\" height=\"667\" width=\"1000\"></p><p><br></p><p>Tùy thuộc vào từng nguyên nhân, bác sĩ sẽ đưa ra lộ trình điều trị khác nhau. Sau đây là một số cách chữa rối loạn cương dương không cần phẫu thuật.</p><p><br></p><h3><strong>1. Thuốc điều trị rối loạn cương dương</strong></h3><p><br></p><p>Bác sĩ có thể kê cho bạn các loại thuốc như: sildenafil (Viagra®), vardenafil (Levitra®), hoặc tadalafil (Cialis®). Những loại thuốc này đã được FDA chấp thuận cho chứng rối loạn cương dương.</p><p><br></p><p>Tất cả chúng đều được gọi là chất ức chế phosphodiesterase. Những loại thuốc này ngăn chặn một chất hóa học cản trở việc cương cứng. Tuy nhiên, các loại thuốc chữa trị rối loạn cương dương <strong>không phải thuốc kích dục thần kỳ. </strong>Bạn vẫn phải được kích thích tình dục trước và trong khi quan hệ.&nbsp;</p><p><br></p><p>Đồng thời, bạn cần uống thuốc đúng liều theo đơn của bác sĩ. Lý do là vì thuốc uống thuốc chữa trị rối loạn cương dương thường không hoạt động trong vài lần đầu tiên. Dưới đây là hướng dẫn về cách dùng Viagra, Levitra hoặc Cialis đúng cách:</p><ul><li>Uống thuốc một giờ trước khi sinh hoạt tình dục.</li><li>Uống thuốc trước bữa ăn hoặc sau bữa ăn nhẹ, đặc biệt là đối với Viagra. Chúng không hấp thụ tốt nếu bạn đã ăn no.</li></ul><h3><br></h3><h3><strong>2. Cách trị rối loạn cương dương: Liệu pháp tâm lý</strong></h3><p><br></p><p>Liệu pháp tâm lý với chuyên viên tâm lý về tình dục được đào tạo có thể giúp người bị rối loạn cương dương do cảm xúc. Chuyên gia sẽ giúp bạn giải quyết&nbsp; cảm giác lo lắng, sợ hãi hoặc tội lỗi gây ảnh hưởng đến rối loạn chức năng tình dục.</p><p><br></p><p>Thông thường, bệnh nhân rối loạn cương dương có nguyên nhân tâm lý rõ ràng nên được tư vấn liệu pháp tình dục trước khi thực hiện bất kỳ phương pháp điều trị xâm lấn nào.</p><p><br></p><h3><strong>3. Tiêm thuốc vào dương vật</strong></h3><p><br></p><p><strong>Thông thường cách chữa trị rối loạn cương dương bằng cách tiêm thuốc giãn tĩnh mạch có thể có tỷ lệ thành công đến 85%. </strong>Các loại thuốc này sẽ giúp mở rộng động mạch và tăng lưu lượng máu đến dương vật. Tuy nhiên, thuốc có thể có một số tác dụng phụ như gây choáng váng, làm nóng dương vật, hoặc cương cứng kéo dài gây đau đớn.&nbsp;</p><p><br></p><p>Vì những tác dụng phụ nghiêm trọng có thể xảy ra, bệnh nhân khi sử dụng liều đầu tiên sẽ được giám sát dưới sự hướng dẫn của bác sĩ. Ngoài ra, bạn phải được chuyên gia y tế hướng dẫn cách tiêm, liều lượng tiêm.&nbsp;</p><p><br></p><h3><strong>4. Điều trị rối loạn cương dương: Máy bơm chân không</strong></h3><p><br></p><p>Một máy bơm, hay ống bơm dương vật sẽ tạo ra một môi trường chân không áp suất thấp xung quanh mô của dương vật. Từ đó sẽ dẫn đến trạng thái cương cứng cho dương vật. <strong>Sử dụng ống bơm dương vật đúng cách có thể giúp giữ cho dương vật cương cứng trong tối đa 30 phút.</strong></p><p><br></p><p>Nhược điểm của phương pháp này là:</p><ul><li>Cương cứng không tự nhiên</li><li>Có thể gây bầm tím hoặc vỡ mạch máu</li><li>Làm đau dương vật</li><li>Đau khi xuất tinh</li><li>Dương vật có thể cảm thấy lạnh khi quan hệ</li></ul><h3><br></h3><h3><strong>5. Liệu pháp thay thế hormone</strong></h3><p>Bổ sung testosterone cho nam giới có thể cải thiện tâm trạng, khối lượng cơ và cân nặng. Đặc biệt là khả năng nâng cao hứng thú tình dục ở đàn ông lớn tuổi bị thiếu hụt mức testosterone.</p><p><br></p><p>Liệu pháp thay thế testosterone có thể dùng ở dạng: Kem, hoặc gel, hoặc dung dịch bôi ngoài da; Miếng dán da; Dạng tiêm; Dạng viên đặt dưới da. Đặc biệt, liệu pháp này cần sự giám sát của bác sĩ.</p><p><br></p><h3><strong>6. Phương pháp&nbsp;điều trị bằng phẫu thuật</strong></h3><p>Hiện tại, cách điều trị rối loạn cương dương bằng phương pháp phẫu thuật có 2 dạng, bao gồm:</p><p><br></p><ul><li><strong>Cấy ghép dương vật bơm hơi.&nbsp;</strong>Khi hệ thống bơm được cấy trong dương vật hoạt động, áp suất trong các xi lanh sẽ làm phồng dương vật và làm cho nó căng cứng. Cấy ghép bơm hơi giúp cương cứng bình thường và mang lại cảm giác tự nhiên cho bạn tình. Với thiết bị cấy ghép bơm hơi, nam giới có thể kiểm soát độ săn chắc và đôi khi là kích thước của sự cương cứng.&nbsp;</li><li><strong>Cấy dương vật giả.&nbsp;</strong>Mặc dù cấy ghép dương vật là một phẫu thuật có rủi ro, nhưng chúng có tỷ lệ thành công và sự hài lòng cao nhất trong số các lựa chọn điều trị ED.</li></ul><p><br></p><p><strong>Khoảng 95% các ca phẫu thuật cấy ghép dương vật thành công trong việc tạo ra sự cương cứng cho phép nam giới quan hệ tình dục.</strong> 90% nam giới đã trải qua cấy ghép dương vật có mức độ hài lòng về tình trạng cương cứng <strong>cao hơn</strong> những người đàn ông dùng cách chữa trị rối loạn cương dương bằng thuốc và các phương pháp không phẫu thuật khác.&nbsp;</p><p><br></p><h3><strong>7. Phương pháp tự kiểm soát rối loạn cương dương</strong></h3><p><img src=\"https://cdn.hellobacsi.com/wp-content/uploads/2018/04/cach-tu-nhien-tri-chung-roi-loan-cuong-duong1-e1523259723804.jpg\" alt=\"rối loạn cương dương\" height=\"499\" width=\"750\"></p><p>Đối với với những triệu chứng rối loạn cương dương nhẹ, một số bài tập giúp tự kiểm soát có thể hữu ích cho bạn.</p><p><br></p><p>Bạn có thể luyện tập những bài tập sau để kiểm soát rối loạn cương dương trong những giai đoạn đầu:</p><p><br></p><ol><li><strong>Bài tập Kegel tăng cường cơ sàn chậu.</strong> Mời bạn tham khảo cách chữa trị rối loạn cương dương bằng bài tập cơ sàn chậu.</li><li><strong>Bài tập aerobic ở cường độ vừa phải</strong> tăng lưu thông máu. Tập thể dục thường xuyên cũng có thể làm tăng testosterone và kiểm soát khả năng căng cứng.&nbsp;</li><li><strong>Bài tập Yoga dành cho nam</strong> có thể giảm các căng thẳng, nguyên nhân dẫn đến liệt dương do cảm xúc.</li></ol><p><br></p><h3><strong>8. Phòng ngừa</strong></h3><p><img src=\"https://cdn.hellobacsi.com/wp-content/uploads/2020/04/sexual-health-3.jpg\" alt=\"rối loạn cương dương\" height=\"851\" width=\"1280\"></p><p><br></p><p>Bên cạnh những yếu tố rủi ro về sức khỏe và tinh thần, rối loạn cương dương có thể là một phần không thể tránh khi cơ thể bị lão hóa. Tuy nhiên, một lối sống lành mạnh có thể giúp bạn phòng ngừa tối đa nguy có mắc rối loạn cương dương.&nbsp;</p><p><br></p><ul><li>Kiểm tra sức khỏe định kỳ. Quản lý tốt tình trạng bệnh tim mạch, tiểu đường nếu có&nbsp;</li><li>Tập thể dục thường xuyên.&nbsp;</li><li>Duy trì trọng lượng cơ thể vừa phải.&nbsp;</li><li>Ăn uống lành mạnh.&nbsp;</li><li>Hạn chế căng thẳng. Nhận sự giúp đỡ nếu có những vấn đề về tâm lý như: lo âu, trầm cảm,…</li><li>Cố gắng duy trì thói quen ngủ đều đặn.</li><li>Nhận trợ giúp nếu bạn đang trải qua sự lo lắng hoặc trầm cảm.</li><li>Không hút thuốc.</li><li>Chỉ sử dụng rượu bia ở mức độ vừa phải.</li><li>Tránh tự ý sử dụng thuốc khi không có đơn của bác sĩ.</li></ul><p><br></p><p>Hy vọng bài viết đã mang đến cho bạn những thông tin hữu ích và đầy đủ về rối loạn cương dương. Với tiến bộ y học ngày nay, “bất lực” không còn là vấn đề nan giải không thể điều trị. Thế nhưng, bạn hãy đến gặp bác sĩ để có thể nhận được sự hỗ trợ y tế hiệu quả và an toàn nhé!</p><p><br></p><p><br></p><p><br></p>', NULL, '235523484', '2024-04-10 21:45:22', '25', '63', '1', '20', '1'),
('78', 'https://res.cloudinary.com/doccomming/image/upload/v1720622933/le0dhonynozv3bs7foe2.jpg', 'Bị tụt lợi phải làm sao? Cách điều trị tụt nướu răng hiệu quả', 'Tụt nướu (tụt lợi) là một tình trạng khá phổ biến khiến răng không được bảo vệ tốt, gây ê buốt chân răng và nhiều vấn đề răng miệng khác. Vậy, bị tụt lợi phải làm sao?', '<h2><strong>Tụt nướu ảnh hưởng đến sức khỏe răng miệng như thế nào?</strong></h2><p><br></p><p>Trước khi biết được bị tụt lợi phải làm sao, mời bạn tìm hiểu những vấn đề răng miệng mà tình trạng tụt nướu có thể gây ra.</p><p>Tụt lợi là một dạng của bệnh nướu răng, xảy ra khi mô nướu bị tụt sâu về phía chân răng, làm lộ ra phần chân răng bên dưới. Tình trạng này khiến răng dễ bị sâu và trở nên nhạy cảm hơn, nhất là khi đánh răng hoặc khi ăn uống.&nbsp;</p><p><br></p><p>Tụt nướu răng có thể xảy ra ở bất kỳ răng nào và có thể ở mức độ nhẹ, trung bình hoặc nặng. Bạn có thể bị tụt lợi ở một hoặc nhiều răng khác nhau. Nếu không được điều trị, tình trạng tụt nướu có thể dẫn đến các vấn đề sức khỏe răng miệng nghiêm trọng khác, chẳng hạn như:</p><p><br></p><ul><li>Răng lung lay</li><li>Răng nhạy cảm, ê buốt chân răng</li><li>Sâu răng</li><li>Mất răng…&nbsp;</li></ul><p><br></p><p>Có rất nhiều nguyên nhân khác nhau khiến bạn bị tụt nướu răng. Trong đó, lý do phổ biến nhất thường liên quan đến vấn đề vệ sinh răng miệng kém khiến mảng bám, cao răng tích tụ, đẩy nướu răng tụt sâu xuống dưới.</p><p><br></p><h2><strong>Giải đáp thắc mắc: Bị tụt lợi phải làm sao?</strong></h2><p><img src=\"https://cdn.hellobacsi.com/wp-content/uploads/2023/12/bi-tut-loi-phai-lam-sao-1.jpg\" alt=\"bị tụt lợi phải làm sao\" height=\"667\" width=\"1000\"></p><p><br></p><p>Phương pháp điều trị tụt lợi chủ yếu phụ thuộc vào nguyên nhân gây ra tình trạng này. Với những trường hợp tụt nướu nhẹ, các biện pháp điều trị không phẫu thuật có thể được áp dụng. Đối với các trường hợp tụt lợi trung bình và nặng, người bệnh cần phải phẫu thuật tụt nướu để khắc phục hoàn toàn vấn đề.</p><p><br></p><h3><strong>1. Răng bị tụt lợi nhẹ phải làm sao?</strong></h3><p><br></p><p>Tụt nướu răng nhẹ thường xảy ra ở một hoặc một vài răng, với phần chân răng hở ra không quá nhiều, phần nướu thì vẫn còn khả năng bám vào chân răng. Trong trường hợp này, người bệnh chỉ cần điều trị đơn giản bằng các biện pháp không phẫu thuật.</p><p>Đầu tiên, nha sĩ sẽ làm sạch sâu vùng răng bị ảnh hưởng bằng cách cạo vôi răng và bào chân răng. Sau đó, tùy thuộc vào từng trường hợp cụ thể mà nha sĩ sẽ chỉ định các biện pháp phù hợp, chẳng hạn như:</p><p><br></p><ul><li><strong>Dùng thuốc kháng sinh tại chỗ:</strong>&nbsp;Thuốc kháng sinh có thể được dùng để loại bỏ bất kỳ vi khuẩn có hại nào còn sót lại.</li><li><strong>Trám răng:</strong>&nbsp;Nếu bạn thắc mắc bị tụt lợi nhẹ phải làm sao, thì đôi khi, nha sĩ có thể tiến hành trám răng&nbsp;bằng nhựa composite để che phủ phần chân răng bị lộ.</li><li><strong>Chỉnh nha:</strong>&nbsp;Nếu răng bị cong, nghiêng hoặc xoay thì có thể gây tụt nướu. Lúc này, phương pháp&nbsp;niềng răng có thể là lựa chọn tối ưu giúp răng di chuyển về đúng vị trí, viền nướu cũng có thể tự điều chỉnh theo thời gian.</li></ul><p><br></p><h3><strong>2. Điều trị tụt nướu nặng</strong></h3><p><img src=\"https://cdn.hellobacsi.com/wp-content/uploads/2023/12/bi-tut-loi-phai-lam-sao-2.jpg\" alt=\"bị tụt lợi phải làm sao\" height=\"668\" width=\"1000\"></p><p><br></p><p>Đối với những trường hợp bị tụt lợi trung bình và nặng thì phải làm sao? Nếu tụt nướu răng không thể được điều trị bằng cách làm sạch sâu do mất quá nhiều xương và nướu tụt quá sâu thì nha sĩ có thể chỉ định phương pháp phẫu thuật nướu. Đây là cách điều trị tụt nướu hiệu quả lâu dài.</p><p><br></p><p>Với biện pháp phẫu thuật này, một mảnh ghép nướu sẽ được sử dụng để thay thế mô nướu bị mất. Mảnh ghép nướu thường được lấy từ vòm miệng của người bệnh, nhưng đôi khi cũng có thể được lấy từ mô nướu của người hiến tặng đã được khử trùng.</p><p><br></p><p>Khi đã đặt mảnh ghép nướu vào đúng vị trí, nha sĩ sẽ khâu mô nướu để cố định chặt vào chân răng. Có nhiều thủ thuật ghép nướu khác nhau và các thủ thuật hiện nay thường có mức độ xâm lấn tối thiểu.</p><h3><br></h3><h2><strong>Chăm sóc răng miệng đúng cách phòng ngừa tụt nướu</strong></h2><p><img src=\"https://cdn.hellobacsi.com/wp-content/uploads/2023/12/bi-tut-loi-phai-lam-sao-3.jpg\" alt=\"bị tụt lợi phải làm sao\" height=\"667\" width=\"1000\"></p><p><br></p><p>Như vậy là bạn đã biết được lời đáp cho vấn đề bị tụt lợi phải làm sao. Mặc dù có thể điều trị tụt nướu răng hiệu quả, nhưng tốt hơn hết là bạn nên phòng ngừa tình trạng này bằng các biện pháp đơn giản tại nhà sau đây:</p><ul><li>Đánh răng đúng cách 2 lần/ngày</li><li>Sử dụng chỉ nha khoa để làm sạch kẽ răng và loại bỏ mảng bám sát nướu răng</li><li>Súc miệng bằng nước muối hoặc nước súc miệng&nbsp;kháng khuẩn 2 lần/ngày</li><li>Khám răng định kỳ để được cạo sạch vôi răng theo chỉ định của nha sĩ</li><li>Ưu tiên sử dụng bàn chải đánh răng có lông mềm để tránh gây hở nướu trong quá trình chải răng</li><li>Không hút thuốc.</li></ul><p><br></p><p>H<span style=\"color: rgb(38, 38, 38);\">y vọng những thông tin trên đã giúp bạn hiểu rõ bị tụt lợi phải làm sao trong những trường hợp khác nhau.</span></p>', NULL, '235523484', '2024-03-10 21:48:53', '26', '64', '1', '11', '2'),
('79', 'https://res.cloudinary.com/doccomming/image/upload/v1720623145/bgy4hih9xe308i207gyk.jpg', 'Vì sao bạn bị ê buốt chân răng? Hiểu rõ để phòng ngừa', 'Việc bị ê buốt chân răng có thể khiến người bệnh rất khó chịu, không thể ăn uống ngon miệng. Có nhiều nguyên nhân gây ra tình trạng này. Hiểu rõ vì sao răng bị ê buốt sẽ giúp bạn phòng tránh hiệu quả hơn.', '<p>Có bao giờ bạn cảm thấy răng đau nhức khi ăn đồ lạnh hoặc đồ nóng chưa? Nếu có thì có lẽ bạn đã bị ê buốt chân răng. Vậy tại sao bạn lại bị tình trạng này? Tìm hiểu ngay những thông tin mà Hello Bacsi tổng hợp được trong bài viết sau đây.</p><p><br></p><h2><strong>Ê buốt chân răng là bệnh gì?</strong></h2><p>Ê buốt chân răng hay còn gọi là răng nhạy cảm xảy ra khi phần ngà răng lộ ra ngoài do mô nướu bị tụt. Chân răng thường không có lớp men cứng bao phủ bên ngoài nên khi phần nướu tụt sẽ làm lộ lớp ngà răng và các ống thần kinh nhỏ. Do đó, khi thức ăn – đồ uống tiếp xúc với phần ngà răng và các ống thần kinh sẽ gây kích thích các dây thần kinh trong răng và khiến bạn đau nhức.</p><p><br></p><p>Bạn thường dễ bị đau buốt răng khi uống hoặc ăn những thức ăn nóng hoặc lạnh. Một số người có thể bị nhạy cảm khi ăn uống đồ ngọt hay chua. Cơn đau nhức răng thường không kéo dài, chỉ xuất hiện và biến mất trong khoảng thời gian ngắn.</p><p><br></p><h2><strong>Vì sao bạn bị ê buốt chân răng?</strong></h2><p><br></p><p><img src=\"https://cdn.hellobacsi.com/wp-content/uploads/2022/04/e-buot-chan-rang-3.jpg\" alt=\"ê buốt chân răng\" height=\"667\" width=\"1000\"></p><p><br></p><p>Có rất nhiều nguyên nhân khiến chân răng bị ê buốt, chẳng hạn như:</p><p><br></p><ul><li><strong><em>Đánh răng quá mạnh hoặc dùng bàn chải có lông quá cứng:</em></strong>&nbsp;Theo thời gian, điều này có thể làm mòn lớp men răng và để lộ các ống dây thần kinh nhỏ. Khi các ống này tiếp xúc với đồ ăn, đồ uống quá nóng/lạnh hoặc các loại đồ ăn có tính axit và dính, răng có thể bị ê buốt và gây khó chịu.&nbsp;</li><li><strong><em>Thường xuyên ăn những thực phẩm có tính axit:</em></strong>&nbsp;Khi các ống thần kinh nhỏ của răng bị lộ ra ngoài, việc ăn những thực phẩm như cà chua, chanh, bưởi… có thể khiến bạn bị đau răng.&nbsp;</li><li><strong><em>Có thói quen nghiến răng:&nbsp;</em></strong>Thói quen&nbsp;<a href=\"https://hellobacsi.com/suc-khoe-rang-mieng/van-de-ve-rang/nghien-rang/\" rel=\"noopener noreferrer\" target=\"_blank\" style=\"color: rgb(45, 135, 243);\">n</a>ghiến răng&nbsp;có thể làm mòn men răng, theo thời gian sẽ làm lộ phần ngà hoặc lớp giữa của răng – nơi chứa các ống thần kinh nhỏ.&nbsp;</li><li><strong><em>Sử dụng kem đánh răng làm trắng răng:</em>&nbsp;</strong>Một số sản phẩm kem đánh răng có chứa chất làm trắng, có thể không phù hợp với người có răng nhạy cảm.&nbsp;</li><li><strong><em>Sử dụng nước súc miệng không phù hợp:</em></strong>&nbsp;Giống như kem đánh răng, việc sử dụng một số loại nước súc miệng có chứa cồn và các hóa chất khác có thể là nguyên nhân khiến răng dễ bị nhạy cảm hơn.&nbsp;</li><li><strong><em>Bệnh viêm nướu:</em>&nbsp;</strong>Tình trạng viêm nướu&nbsp;nếu không điều trị kịp thời có thể dẫn tới tụt nướu và gây đau buốt chân răng.</li><li><strong><em>Quá nhiều mảng bám trên răng:</em></strong><em>&nbsp;</em>Điều này sẽ gây mòn men răng và khiến răng dễ nhạy cảm hơn.</li><li><strong><em>Vừa làm các thủ thuật nha khoa:</em></strong>&nbsp;Bạn có thể cảm thấy đau buốt chân răng sau khi cạo vôi răng, lấy tủy răng, nhổ răng hoặc gắn mão răng. Nếu các triệu chứng không biến mất sau vài ngày, bạn nên đến gặp bác sĩ vì đó có thể là dấu hiệu của nhiễm trùng.</li></ul><p><br></p><p>Đôi khi, các tình trạng khác có thể là nguyên nhân dẫn đến ê buốt chân răng. Ví dụ, trào ngược dạ dày thực quản (GERD) có thể khiến axit trào lên từ dạ dày và thực quản và làm mòn men răng theo thời gian. Các tình trạng gây nôn mửa thường xuyên – bao gồm liệt dạ dày và chứng ăn vô độ – cũng có thể khiến axit ăn mòn men răng.</p><p><br></p><p>Sâu răng, gãy răng, miếng trám hoặc mão răng bị sứt mẻ hoặc mòn men răng có thể làm lộ ngà răng, gây ê buốt. Trong trường hợp này, bạn thường chỉ cảm thấy ê buốt ở một răng hoặc một vùng cụ thể trong miệng thay vì đau hết các răng.</p><p><br></p><h2><strong>Làm sao để điều trị ê buốt chân răng?</strong></h2><p><br></p><p><img src=\"https://cdn.hellobacsi.com/wp-content/uploads/2022/04/e-buot-chan-rang-1.jpg\" alt=\"ê buốt chân răng\" height=\"667\" width=\"1000\"></p><p><br></p><p>Một số biện pháp tại nhà có thể giúp bạn phòng ngừa và giảm nhẹ các triệu chứng ê buốt chân răng như:</p><p><br></p><ul><li><strong><em>Giữ vệ sinh răng miệng sạch sẽ:</em> </strong>Bạn nên chải răng và dùng chỉ nha khoa đúng cách để loại bỏ tất cả mảng bám thức ăn trong mọi kẽ răng. Bạn nên đánh răng nhẹ nhàng và cẩn thận xung quanh đường viền nướu để không làm mất nhiều mô nướu hơn.</li><li><strong><em>Sử dụng bàn chải đánh răng lông mềm:</em></strong> Điều này sẽ giúp ít mài mòn bề mặt răng và ít kích ứng nướu hơn.&nbsp;</li><li><strong><em>Sử dụng kem đánh răng dành cho răng nhạy cảm:</em></strong> Hiện nay có nhiều dòng kem đánh răng dành riêng cho răng dễ bị ê buốt. Khi sử dụng thường xuyên, bạn sẽ cảm thấy tình trạng nhạy cảm giảm dần. Bạn cũng có thể sử dụng kem đánh răng có chứa fluoride để tăng cường men răng và giảm đau.</li><li><strong><em>Hạn chế ăn những thực phẩm có tính axit.</em></strong></li><li><strong><em>Tránh nghiến răng:</em></strong>&nbsp;Nếu bạn có thói quen nghiến răng khi ngủ thì có thể mua dụng cụ bảo vệ hàm để giúp ngăn hàm trên và hàm dưới tiếp xúc với nhau.</li><li><strong><em>Chăm sóc răng miệng định kỳ:</em> </strong>Thường xuyên đi khám răng và cạo vôi răng định kỳ mỗi 6 tháng.</li></ul><p><br></p><p>Sau khi áp dụng các biện pháp trên đây nhưng tình trạng ê buốt chân răng không thuyên giảm, bạn cần đến gặp nha sĩ ngay. Họ có thể đề nghị làm một số thủ thuật để điều trị răng nhạy cảm như:</p><p><br></p><ul><li>Trám răng để che phần chân răng bị lộ ra.</li><li>Cho bạn bôi Fluoride Varnish lên chân răng để tăng cường men răng.&nbsp;</li><li>Trám bít hố rãnh để che phần ngà răng, giúp ngăn cản các yếu tố gây kích thích như nhiệt độ hay axit không thể tiếp xúc với ngà răng và gây đau.</li></ul><p><br></p><h2><strong>Khi nào bạn cần gặp bác sĩ?</strong></h2><p><br></p><p>Nếu bạn có các triệu chứng sâu răng hoặc tổn thương chân răng nghiêm trọng cần phải đến gặp bác sĩ ngay để được điều trị và ngăn ngừa biến chứng:</p><ul><li>Đột nhiên đau răng mà không rõ nguyên nhân</li><li>Đau buốt ở một chân răng</li><li>Có cơn đau nhói ở răng thay vì đau nhẹ</li><li>Bề mặt&nbsp;răng bị ố vànghoặc có màu bất thường</li><li>Đau răng khi cắn hoặc nhai.</li></ul><p><br></p><p>Hy vọng với những thông tin trong bài viết trên, bạn đã hiểu rõ vì sao răng bị ê buốt, nắm rõ các biện pháp giúp phòng tránh tình trạng răng miệng này hiệu quả hơn.</p>', NULL, '235523484', '2024-02-10 21:52:25', '26', '65', '1', '11', '2'),
('80', 'https://res.cloudinary.com/doccomming/image/upload/v1720623573/qsi7xnwdmq4q8qkwkrdl.webp', '6 bài tập yoga cho người cao tuổi luôn khỏe mạnh', 'Theo thời gian, sức bền, tính dẻo dai và độ linh hoạt của cơ thể cũng giảm dần. Tuy nhiên, vẫn có những bài tập yoga cho người cao tuổi giúp tăng cường sức mạnh cơ bắp, từ đó cải thiện sức khỏe tổng thể', '<p>Một trong những điều tuyệt vời của yoga là chúng có thể phù hợp với mọi đối tượng cùng thể chất và khả năng khác nhau. Mặc dù bạn có thể thấy hình ảnh yoga thường phổ biến ở một người trẻ tuổi với nhiều tư thế đòi hỏi sự dẻo dai nhưng thực tế, vẫn có các bài tập yoga phù hợp cho người lớn tuổi dù khi đó cơ thể đã kém linh hoạt.</p><p><br></p><h2><strong>Lợi ích của yoga đối với người cao tuổi</strong></h2><p><br></p><p>Những lợi ích của yoga mang lại cho người cao tuổi cũng tương tự cho những người tham gia bộ môn này, bao gồm tăng trương lực cơ, giữ thăng bằng (đặc biệt quan trọng), tăng cường sức mạnh và cải thiện tâm trạng.</p><p><br></p><p>Thông qua bài tập hít thở pranayama, dung tích phổi được tăng lên. Tư thế của bạn cũng được cải thiện và ngủ cũng ngon giấc hơn. Nếu gặp phải những căng thẳng trong cuộc sống, yoga cũng giúp giải tỏa bớt những vấn đề đó. Tuy nhiên, lợi ích từ các bài tập yoga sẽ không xuất hiện ngay sau một lớp. Bạn sẽ cần tham gia ít nhất ba lớp yoga một tuần để cảm thấy hiệu quả.</p><p><br></p><h2><strong>Nên lựa chọn loại yoga nào cho người cao tuổi?</strong></h2><p>Việc lựa chọn loại yoga phù hợp sẽ phụ thuộc vào độ tuổi, mức độ luyện tập hiện tại và khả năng thể chất. Nếu bạn mới bắt đầu tập thể dục hoặc đã nghỉ tập luyện sau một thời gian dài, bạn nên tập từ các động tác đơn giản.</p><p><br></p><p>Các lớp học yoga cho người cao tuổi cũng trở nên phổ biến hơn. Bạn có thể tìm kiếm những câu lạc bộ gần nhà để tham gia vào các lớp học thích hợp.</p><p><br></p><p>Lưu ý, bạn cần trao đổi trước với bác sĩ khi muốn thử tập luyện yoga, nhất là khi đang có những bệnh mạn tính như bệnh lý xương khớp, bất thường tư thế dáng bộ, có nguy cơ té ngã hoặc đã lâu không vận động. Những người cao tuổi có vấn đề về đĩa đệm cột sống, thoái hóa khớp  nên cẩn thận khi tập, tránh những tư thế quá khó như vặn người, lộn ngược… Trước khi muốn tập yoga, người cao tuổi cần phải được tham vấn bác sĩ để đảm bảo họ có khả năng tập được.&nbsp;</p><p><br></p><h2><strong>6 bài tập yoga cho người cao tuổi</strong></h2><h3><strong>1. Tư thế cái cây (tree pose)</strong></h3><p><br></p><p>Tư thế này giúp tăng mức độ thăng bằng cho cơ thể, phòng ngừa té ngã.</p><p><br></p><p><img src=\"https://cdn.hellobacsi.com/wp-content/uploads/2019/12/tu-the-cai-cay.jpg\" alt=\"Bài tập yoga cho người cao tuổi: tư thế cái cây\" height=\"500\" width=\"750\"></p><p><br></p><p>Thực hiện bài tập theo các bước sau:</p><p><br></p><ul><li>Đứng thẳng với hai chân khép lại với nhau, đưa tay thẳng qua đầu và hai lòng bàn tay hướng vào nhau.</li><li>Nâng chân phải lên khỏi mặt đất nhưng các ngón chân vẫn còn chạm đất và gót chân chạm vào mắt cá chân trái.</li><li>Giữ thăng bằng trong vòng 20 – 30 giây nếu có thể.</li><li>Lặp lại động tác với chân còn lại. Nếu không thể giữ thăng bằng bạn có thể dựa vào một điểm tựa.</li></ul><p><br></p><p>Khi bạn đã quen dần với việc giữ thăng bằng, hãy kéo bàn chân lên cao hơn. Lòng bàn chân của chân giơ lên vẫn áp vào mặt trong của chân còn lại.</p><p><br></p><h3><strong>2. Tư thế chiến binh II (warrior II)</strong></h3><p>Bất kỳ tư thế đứng nào cũng có thể giúp cải thiện mật độ xương, đồng thời cải thiện sức mạnh phần thân dưới.</p><p><br></p><p><br></p><p>Các bước thực hiện tư thế này:</p><ul><li>Đứng thẳng, dang hai chân rộng bằng hông và để tay xuôi xuống hai bên.</li><li>Xoay sang phải và bước chân phải sang ngang thêm khoảng 1m trong khi vẫn giữ bàn chân thẳng. Từ từ xoay bàn chân phải một góc 90º.</li><li>Hít vào và nâng hai cánh tay thẳng sang hai bên, cao ngang bằng vai.</li><li>Sau đó thở ra, khuỵu chân phải xuống cho đến khi đùi song song với sàn nhà. Chân trái vẫn giữ thẳng.</li><li>Giữ nguyên tư thế trong vòng tối đa 30 giây và tập trung&nbsp;hít thở.</li><li>Trở về tư thế ban đầu và lặp lại với chân còn lại.</li></ul><p><br></p><h3><strong>3. Tư thế chó con mở rộng (extended puppy)</strong></h3><p>Tư thế yoga cho người cao tuổi này giúp mở rộng cột sống mà không cảm thấy khó chịu ở đầu gối và hông như những tư thế khác.</p><p><br></p><p>Các bước thực hiện như sau:</p><p><br></p><ol><li>Bắt đầu với tư thế như đang bò với đùi vuông góc với hông và khủy tay chống xuống sàn. Bạn có thể lót thêm một chiếc khăn dưới đầu gối nếu muốn.</li><li>Đưa hai tay thẳng về phía trước cho đến khi ngực sát đất nhưng đầu gối vẫn giữ vuông góc với sàn.</li><li>Giữ đầu bạn cúi xuống, dùng lực ép cánh tay và bàn tay sát mặt sàn.</li><li>Hít thở sâu trong vòng 20 – 30 giây, sau đó từ từ trở lại tư thế ban đầu.</li></ol><p><br></p><h3><strong>4. Tư thế phục kích thấp (low lunge)</strong></h3><p>Động tác này mang lại lợi ích tương tự như bài tập chùng chân (lunge) nhưng vững vàng hơn do giữ chân sau tiếp xúc với mặt đất.</p><p><br></p><p><br></p><p>Các bước thực hiện bài tập yoga cho người cao tuổi này như sau:</p><ul><li>Đứng thẳng với hai chân rộng bằng hông và hai tay thả xuôi hai bên.</li><li>Bước chân phải lên phía trước và khuỵu đầu gối xuống cho đến khi đầu gối với mắt cá chân nằm trên đường thẳng đứng.</li><li>Chân trái duỗi về phía sau sao cho cẳng chân nằm trên mặt sàn. Bạn có thể lót một chiếc khăn ở chân sau nếu cần.</li><li>Đặt bàn tay hoặc ngón tay xuống sàn, bên cạnh gót chân phải.</li><li>Giữ cho phần thân trên nâng lên cao.</li><li>Hít thở trong 20 giây, sau đó trở lại tư thế đứng và lặp lại động tác với bên chân còn lại.</li></ul><h3><br></h3><h3><strong>5. Tư thế cây cầu (bridge)</strong></h3><p>Tư thế cây cầu giúp hỗ trợ cho hông và tăng cường sức mạnh lưng dưới. Đây là một bài tập vô cùng thích hợp cho những người đã làm các công việc bàn giấy hay không vận động trong thời gian dài.</p><p><br></p><p>Các bước thực hiện như sau:</p><p><br></p><ul><li>Nằm ngửa trên sàn, bàn chân chạm mặt&nbsp;đất và mở hai chân rộng bằng hông. Hai tay để sát bên người.</li><li>Hít vào khi ấn tay chặt xuống sàn.</li><li>Thở ra và thắt chặt cơ bụng, sau đó nâng cột sống lên trên để tạo thành hình dáng giống một cây cầu.</li><li>Giữ trong vòng 30 giây, sau đó từ từ hạ xuống, bắt đầu từ vai rồi đến lưng. Nếu cần, bạn có thể đặt một chiếc chăn dưới vai để hỗ trợ thêm.</li></ul><p><br></p><h3><strong>6. Đưa chân lên tường (legs up the wall)</strong></h3><p>Tư thế này giúp bạn thư giãn các cơ sau khi tập luyện các tư thế phải căng cơ quá mức khác. Chúng cũng giúp cải thiện tuần hoàn máu về tim.</p><p><img src=\"https://cdn.hellobacsi.com/wp-content/uploads/2019/12/dua-chan-len-tuong.jpg\" alt=\"Bài tập yoga cho người cao tuổi: đưa chân lên tường\" height=\"500\" width=\"750\"></p><p><br></p><p>Thực hiện tư thế yoga cho người cao tuổi này theo các bước sau:</p><p><br></p><ul><li>Ngồi dựa một bên cơ thể vào tường, từ từ hạ lưng nằm xuống sàn. Di chuyển chân lên tường cho đến khi mặt sau của chân dựa hoàn toàn vào tường.</li><li>Nếu bạn không thể để chân thẳng sát tường, hãy di chuyển phần trên cơ thể ra xa tường và để đầu gối hơi cong lại một chút. Để tay sát hai bên cơ thể.</li><li>Giữ nguyên và hít thở sâu trong vòng 30 – 60 giây.</li></ul><p><br></p><p><br></p>', NULL, '235523484', '2024-01-10 21:59:33', '27', '66', '1', '9', '2'),
('81', 'https://res.cloudinary.com/doccomming/image/upload/v1720623768/syh32e1hclmbnfrmcx7z.webp', 'Người già bị phù chân phải làm sao?', 'Phù chân là tình trạng sức khỏe phổ biến ở người cao tuổi, có tác động tiêu cực đến sự an toàn và thoải mái của người bệnh. Vậy người già bị phù chân nên làm gì? ', '<h2><strong>Nguyên nhân khiến người già bị phù chân</strong></h2><p><br></p><p>Sự tích tụ dịch bất thường ở mắt cá chân, bàn chân và cẳng chân gây nên hiện tượng sưng tấy, phù nề. Đối với người cao tuổi, chân bị sưng phù có thể do tác động của một vài yếu tố, bao gồm:</p><ul><li>Ít vận động hoặc không hoạt động</li><li>Viêm khớp&nbsp;</li><li>Thừa cân, béo phì</li><li>Suy giãn tĩnh mạch</li><li>Chấn thương hoặc phẫu thuật liên quan đến chân</li><li>Chân bị sưng có thể là dấu hiệu của&nbsp;suy tim, suy thận, suy gan.</li><li>Có thể do huyết khối ở tĩnh mạch chân</li><li>Tác dụng phụ của thuốc như thuốc hạ áp nhóm ức chế canxi&nbsp;</li></ul><p><br></p><h2><strong>Người già bị phù chân nên làm gì để cải thiện?</strong></h2><p><br></p><p><img src=\"https://cdn.hellobacsi.com/wp-content/uploads/2022/11/nguoi-gia-bi-phu-chan_406716304.jpg\" alt=\"người già bị phù chân\" height=\"667\" width=\"1000\"></p><p><br></p><p>Nếu người thân của bạn đang gặp tình trạng sưng phù chân thì đừng quá lo lắng! Tin tốt là vấn đề này hoàn toàn có thể cải thiện nếu người thân của bạn thay đổi một vài thói quen và lối sống.</p><p><br></p><ul><li><strong>Tăng lượng Magie:&nbsp;</strong>Magie là chất giúp tăng cường tuần hoàn máu và có thể được tìm thấy ở dạng thực phẩm chức năng hoặc bổ sung tự nhiên trong các loại thực phẩm như: các loại hạt, đậu, rau lá xanh…</li><li><strong>Tăng cường vận động và di chuyển:</strong>&nbsp;Người cao tuổi không nên vận động bằng cách chạy, nhảy. Thay vào đó, hãy khuyến khích họ đi bộ nhẹ nhàng hàng ngày. Bạn cũng nên sắp xếp thời gian tham gia cùng người thân của mình để tăng niềm vui và động lực. Hãy khuyến khích người già bị phù chân thực hiện một số chuyển động cơ bản với đầu gối và mắt cá chân, như uốn cong, duỗi thẳng và uốn dẻo.</li><li><strong>Giảm lượng muối trong chế độ ăn:</strong>&nbsp;Chế độ ăn nhiều muối là một trong những nguyên nhân gây tích nước trong cơ thể. Vì vậy, người lớn tuổi nên hạn chế ăn mặn. Cách chế biến thức ăn cho người cao tuổi cũng cần tiết giảm muối khi nêm nếm.</li></ul><p><br></p><p><span style=\"color: rgb(38, 38, 38);\">Ngoài các giải pháp ở trên, bạn cũng có thể xem xét một vài gợi ý ở dưới đây để giúp cải thiện tình trạng chân người già bị sưng phù.</span></p><p><br></p><ul><li>Mang vớ y tế hỗ trợ cho người già bị phù chân để thúc đẩy tuần hoàn&nbsp;</li><li>Đặt chân trên gối để nâng chân cao hơn tim khi nằm.</li><li>Tránh mặc quần áo bó sát hoặc quấn vòng quanh đùi</li><li>Người già bị phù chân nên giữ cân nặng cơ thể ở mức hợp lý</li><li>Kiểm tra giày xem có quá chật hay không, giày dép chật sẽ hạn chế lưu thông máu xuống chân và làm tình trạng phù nề nặng hơn.</li></ul><p><br></p><h2><strong>Các bài tập đơn giản cho người già bị phù chân</strong></h2><p><br></p><p><img src=\"https://cdn.hellobacsi.com/wp-content/uploads/2022/11/nguoi-gia-bi-phu-chan_2147664953.jpg\" alt=\"người già bị phù chân\" height=\"667\" width=\"1000\"></p><p><br></p><p>Bằng cách lặp lại một vài động tác cơ bản hàng ngày, người cao tuổi trong gia đình của bạn có thể sẽ được cải thiện tình trạng sưng phù ở chân. Dưới đây là một số bài tập gợi ý mà bạn có thể áp dụng thử đối với người thân của mình.</p><ul><li><strong>Đầu gối đến ngực:</strong>&nbsp;Nằm thẳng lưng, giữ một chân áp sát nền nhà và gập đầu gối chân còn lại đưa lên về phía ngực. Sau đó, luân phiên các chân trong ba hiệp, mỗi hiệp 10 lần gập gối.</li><li><strong>Ép mông:</strong>&nbsp;Động tác này có thể thực hiện cả khi ngồi hoặc nằm. Người tập cần siết cơ mông càng chặt càng tốt và giữ nó trong 3 – 5 giây, hít thở đều. Thư giãn và lặp lại trong ba hiệp, mỗi hiệp 10 lần.&nbsp;</li><li><strong>Gập và duỗi bàn chân:</strong>&nbsp;Nằm ngửa, chỉ di chuyển bàn chân và co các ngón chân lên về phía đầu, sau đó hướng chúng xuống theo hướng ngược lại. Bạn sẽ cảm thấy các khớp mắt cá chân đang kích hoạt. Thực hiện động tác này ba hiệp, mỗi hiệp 10 cái.</li></ul><p><br></p><p><span style=\"color: rgb(38, 38, 38);\">Vừa rồi là những thông tin xoay quanh vấn đề người già bị phù chân, hy vọng bạn đã có thêm những kiến thức hữu ích để giúp người thân cải thiện tình trạng này. Nếu tình trạng bệnh vẫn không thuyên giảm hoặc có xu hướng nặng hơn, hãy đưa người thân của mình đến các cơ sở y tế để được kiểm tra nhé!</span></p>', NULL, '235523484', '2024-02-10 22:02:49', '27', '70', '1', '9', '1'),
('82', 'https://res.cloudinary.com/doccomming/image/upload/v1720624127/ulrqnroeu1xjtnhhteun.webp', 'Tác hại khủng khiếp nếu sử dụng ma túy khi quan hệ', 'Sử dụng ma túy khi quan hệ chỉ việc dùng các chất hóa học, chất kích thích có chủ ý nhằm tăng kích thích, tăng sự tự tin cũng như khiến cho đối tác dễ nhận lời đồng ý quan hệ tình dục hơn.', '<p>Vậy những loại ma túy nào thường được sử dụng trong khi quan hệ? Sử dụng các chất này trong quan hệ tình dục có sao không? Tìm hiểu thông tin về các chất này là bước đầu tiên giúp bạn tránh khỏi những rủi ro tiềm ẩn.</p><p><br></p><h2><strong>Các loại ma túy thường được sử dụng khi quan hệ</strong></h2><p><br></p><p>Theo thông tin từ Cục phòng, chống HIV/AIDS Bộ Y tế – VAAC (VN, 2022) và Sở Y tế TPHCM cho biết, các loại ma túy thường được sử dụng trong quan hệ tình dục bao gồm cần sa, Amphetamine, Ketamine (Ke), Cocaine (ma túy), MDMA (Thuốc lắc), GHB và GBL, Methamphetamine (ma túy đá).</p><p><br></p><h3><strong>Methamphetamine (ma túy đá)</strong></h3><p><br></p><p>Methamphetamine còn được gọi là Meth hay ma túy đá. Loại này thường được sử dụng trong các buổi tiệc, quán bar…</p><p><br></p><p><strong>Mức độ nguy hại: </strong>gây mệt, trầm cảm, khó tập trung trong vài ngày sau khi sử dụng. Nếu dùng chung với rượu có thể gây ngạt thở, nghiến răng, cắn lưỡi. Trường hợp sử dụng kết hợp với nhiều loại ma túy khác sẽ không thể lường trước các rủi ro.</p><p><br></p><h3><strong>GHB và GBL&nbsp;</strong></h3><p><br></p><p>Nhiều người thường gọi hóa chất GHB và GBL với tiếng lóng là “nước biển”. Loại ma túy này thường được sử dụng chung với methamphetamin hay mephedrone trong khi quan hệ.</p><p><br></p><p><strong>Mức độ nguy hại:</strong> gây choáng váng, lẫn lộn, nôn ói, co giật, hôn mê, mất kiểm soát bản thân và có thể dẫn đến tử vong.</p><p><br></p><h3><strong>Ketamine (Ke)</strong></h3><p><br></p><p>Tương tự với các chất ma túy khác được sử dụng trong quan hệ tình dục, ketamine hay “ke” được sử dụng theo đường hít và thấm qua niêm mạc mũi.</p><p><br></p><p><strong>Mức độ nguy hại: </strong>gây ảo giác như gặp trời, chúa hay ma quỷ; gây khó thở, phân ly bản thân khỏi môi trường xung quanh. Nặng nhất có thể dẫn đến tử vong nếu dùng quá liều.</p><p><br></p><h3><img src=\"https://cdn.hellobacsi.com/wp-content/uploads/2023/09/su-dung-ma-tuy-khi-quan-he_22092023.png\" alt=\"Tác hại của việc sử dụng ma túy Ketamine khi quan hệ có thể dẫn đến tử vong do mất kiểm soát và sử dụng quá liều\" height=\"450\" width=\"950\"></h3><h3><br></h3><h3><strong>Cần sa (Marijuana)</strong></h3><p>Cần sa có tên y học là Marijuana. Trong cần sa có chứa hơn 500 hợp chất hóa học, phổ biến nhất trong đó là delta-9-tetrahydrocannabinol (THC). Đây là một hợp chất có khả năng tác động đến trạng thái của não bộ, làm thay đổi tâm trí, cảm giác, suy nghĩ của người sử dụng.</p><p><br></p><p>Về mặt y khoa, cần sa y tế (Medical Marijuana) được sử dụng để điều trị bệnh Alzheimer, động kinh, co giật, bệnh đa xơ cứng, bệnh tăng nhãn áp…&nbsp;</p><p><br></p><p><strong>Mức độ nguy hại: </strong>Theo báo cáo của Hệ thống Y tế Mayo Clinic (Hoa kỳ, 2023), việc sử dụng cần sa quá mức và thường xuyên có thể dẫn đến ảo giác, hoang tưởng và kéo theo hàng loạt các vấn đề về rối loạn cảm xúc.&nbsp;</p><h3>MDMA (Thuốc lắc)</h3><p><br></p><p>Thuốc lắc hay còn gọi là “kẹo”, nó có tên y học là MDMA (3,4- Methylenedioxymethamphetamine). Đây là một loại chất kích thích <strong>bất hợp pháp</strong>, nó khiến người sử dụng cảm thấy hưng phấn tột độ ngay sau khi nuốt. Vì khi đi vào cơ thể nó sẽ kích thích não bộ tiết ra một lượng lớn dopamine để tạo cảm giác hưng phấn.</p><p><br></p><p><strong>Mức độ nguy hại: </strong>Theo Viện Quốc gia về Lạm dụng Ma túy NIDA (Hoa kỳ, 2017), tác hại của việc sử dụng ma túy MDMA khi quan hệ có liên quan đến các hành vi quan hệ nguy hiểm như quan hệ không dùng biện pháp an toàn, quan hệ nhiều người, quan hệ thô bạo… Chưa hết, MDMA còn gây rối loạn giấc ngủ, chán ăn, trầm cảm, bệnh tim và lâu dần sẽ dẫn đến nghiện ma túy.</p><p><br></p><p><img src=\"https://cdn.hellobacsi.com/wp-content/uploads/2023/09/su-dung-ma-tuy-khi-quan-he_337533383.jpg\" height=\"667\" width=\"1000\"></p><p><br></p><h2><strong>Tác hại của việc sử dụng ma túy khi quan hệ tình dục</strong></h2><p><br></p><p>Nhìn chung, tác hại của việc sử dụng ma túy khi quan hệ tình dục sẽ gây hại cho tim, não, tăng nguy cơ bị trầm cảm, lo lắng, làm ảnh hưởng trực tiếp đến sức khỏe tinh thần và tăng nguy cơ mắc các bệnh lây qua đường tình dục (STDs).</p><p>Theo kết quả khảo sát được đăng tải trên Thư viện Y học quốc gia Pubmed năm 2018, khi các chuyên gia khảo sát 180 người sử dụng ma túy khi quan hệ cho thấy, nhóm khảo sát có sử dụng các chất ma túy khác nhau như cần sa, cocaine, rượu bia hay thậm chí là kết hợp nhiều loại cùng lúc khi quan hệ.</p><p><br></p><p><strong>Kết luận của nghiên cứu về tác dụng của ma túy lên đời sống tình dục là:</strong></p><p><br></p><ul><li>Tăng ham muốn tình dục.</li><li>Kéo dài thời gian quan hệ.</li><li>Kích thích thể chất, duy trì trạng thái cương dương.</li><li>Thay đổi nhận thức và dễ dàng chấp nhận các rủi ro khi quan hệ như quan hệ xuất tinh trong</li></ul><p><br></p><p>Theo Cục quản lý Thực phẩm và Dược phẩm FDA năm 2016, cho biết, việc sử dụng thường xuyên các chất kích thích sẽ gây hại cho đời sống tình dục của một cá nhân. Cụ thể là <strong>dẫn đến rối loạn cương dương, rối loạn kinh nguyệt, nặng nhất là vô sinh.</strong></p><p><br></p><p><img src=\"https://cdn.hellobacsi.com/wp-content/uploads/2023/09/su-dung-ma-tuy-khi-quan-he_639643336.jpg\" alt=\"Tác hại của việc sử dụng ma túy khi quan hệ\" height=\"667\" width=\"1000\"></p><p><br></p><h2><strong>Các câu hỏi liên quan</strong></h2><h3><strong>Hút cần trước khi quan hệ có hiệu ứng gì và có sao không?</strong></h3><p><br></p><p>Hút cần sa trước khi quan hệ có thể tạo ra các hiệu ứng như ảo giác, tăng sự nhận thức cho các giác quan, tăng hoặc giảm kích thích khi quan hệ. Mục đích sử dụng là để tăng ham muốn và kéo dài thời gian quan hệ.</p><p><br></p><p>Hút cần sa trước khi quan hệ có thể khiến một cá nhân bỏ qua mọi rủi ro, chấp nhận mọi hành vi mà khi ở trạng thái tỉnh táo sẽ không bao giờ thực hiện.</p><p><br></p><h3><strong>Kết luận</strong></h3><p><span style=\"color: rgb(38, 38, 38);\">Sử dụng ma túy trước và trong khi quan hệ tình dục sẽ mang đến những kích thích tức thời. Song mặt trái nguy hiểm của hành vi này là họ buộc phải chấp nhận đánh đổi các rủi ro liên quan đến sức khỏe thể chất và sức khỏe tinh thần.</span></p><p><br></p>', NULL, '235523484', '2024-03-10 22:08:47', '28', '67', '1', NULL, '2'),
('83', 'https://res.cloudinary.com/doccomming/image/upload/v1720624414/es4mmwdnl3wdchibgqqe.jpg', 'Người nhiễm HIV vết thương có lành không? Làm sao để biết mình có bị HIV không?', 'Người nhiễm HIV vết thương có lành không? Đây là thắc mắc của nhiều người đang nghi ngờ nhiễm virus HIV và có vết thương trên cơ thể. Vết thương ở người nhiễm HIV có thể sẽ khác với người khỏe mạnh và gây ra nhiều biến chứng nếu không được điều trị kịp thời.', '<p>HIV/AIDS là một căn bệnh nguy hiểm do virus HIV gây ra. Virus này tấn công và làm suy yếu hệ miễn dịch, khiến cơ thể dễ bị tổn thương bởi các loại bệnh khác nhau. Vết thương là một tổn thương trên da hoặc mô mềm. Khi bị tổn thương, cơ thể sẽ kích hoạt quá trình lành da để phục hồi. Tuy nhiên, ở người nhiễm HIV, quá trình lành da có thể gặp nhiều khó khăn hơn do hệ miễn dịch bị suy yếu. Vết thương có thể lâu lành hơn, dễ bị nhiễm trùng và có nguy cơ biến chứng cao hơn.</p><p><br></p><p>Vì vậy, việc chăm sóc vết thương đúng cách là vô cùng quan trọng đối với người nhiễm HIV. Vậy người nhiễm HIV vết thương có lành không? Làm sao để biết mình có bị HIV không? Tất cả sẽ được giải đáp qua bài viết sau.</p><p><br></p><h2><strong>Vết thương lâu lành có bị HIV không?</strong></h2><p><br></p><p>Nếu bạn gần đây có tiếp xúc với dịch hoặc máu của người nhiễm HIV và thấy vết thương trên cơ thể lâu lành hơn bình thường thì chắc chắn sẽ hoang mang không biết vết thương lâu lành có bị HIV không.</p><p><br></p><p><img src=\"https://cdn.hellobacsi.com/wp-content/uploads/2024/02/nguoi-nhiem-hiv-vet-thuong-co-lanh-khong-2.jpg\" alt=\"Vết thương lâu lành có thể do nhiều nguyên nhân, bao gồm HIV\" height=\"667\" width=\"1000\"></p><p><br></p><p>Vết thương lâu lành có thể do nhiều nguyên nhân, bao gồm HIV</p><p><br></p><p><strong>Thực tế, vết thương lâu lành có thể là dấu hiệu của nhiều bệnh lý khác nhau, bao gồm cả HIV.</strong><span style=\"color: rgb(38, 38, 38);\"> Tuy nhiên, </span><strong>không phải bạn có bất cứ vết thương lâu lành là sẽ bị HIV.</strong></p><p><br></p><p>Có nhiều yếu tố ảnh hưởng đến quá trình lành vết thương, bao gồm:</p><ul><li><strong>Mức độ nghiêm trọng của vết thương:</strong>&nbsp;Vết thương sâu và rộng sẽ lâu lành hơn vết thương nhỏ và nông.</li><li><strong>Vị trí của vết thương:</strong>&nbsp;Vết thương ở những vị trí khó di chuyển hoặc ít lưu thông máu sẽ lâu lành hơn.</li><li><strong>Tình trạng sức khỏe tổng thể:</strong>&nbsp;Người có sức khỏe tốt sẽ có vết thương lành nhanh hơn người có sức khỏe yếu.</li><li><strong>Chế độ dinh dưỡng:</strong>&nbsp;Chế độ dinh dưỡng đầy đủ dưỡng chất sẽ giúp thúc đẩy quá trình lành da.</li><li><strong>Việc sử dụng thuốc:</strong>&nbsp;Một số loại thuốc có thể làm chậm quá trình lành da.</li><li><strong>Chăm sóc vết thương:</strong>&nbsp;Vết thương không được chăm sóc đúng cách có nguy cơ bị nhiễm trùng và lâu lành hơn.</li></ul><p><br></p><p>Đối với người nhiễm HIV:</p><ul><li><strong>Hệ miễn dịch bị suy yếu</strong>&nbsp;khiến cơ thể dễ bị tổn thương bởi các tác nhân gây bệnh, bao gồm cả vi khuẩn và nấm.</li><li><strong>Việc </strong>điều trị HIV bằng thuốc ARV có thể giúp cải thiện hệ miễn dịch và thúc đẩy quá trình lành da.</li></ul><p><br></p><p>Người nhiễm HIV vết thương có lành không. Câu trả lời là “có”. Tuy nhiên, người nhiễm HIV có thể gặp một số vấn đề khiến vết thương lâu lành hơn, bao gồm:</p><ul><li><strong>Nhiễm trùng:</strong>&nbsp;Người nhiễm HIV có nguy cơ bị nhiễm trùng cao hơn do hệ miễn dịch bị suy yếu.</li><li><strong>Loét da:</strong>&nbsp;Đây là những vết thương hở thường xuất hiện ở da hoặc niêm mạc.</li><li><strong>Hoại tử:</strong>&nbsp;Đây là tình trạng mô da bị chết do thiếu máu cung cấp.</li></ul><p><br></p><p>Vì vậy, người bệnh cần đặc biệt chú ý chăm sóc vết thương để tránh biến chứng.</p><p><br></p><h2><strong>Tỷ lệ lây nhiễm HIV qua vết thương hở là bao nhiêu?</strong></h2><p><br></p><p>HIV có lây qua vết xước nhỏ không? Tỷ lệ lây nhiễm HIV qua vết thương hở là bao nhiêu? Nguy cơ lây nhiễm HIV qua vết thương hở tương đối thấp, nhưng vẫn có khả năng xảy ra. Nguy cơ phụ thuộc vào một số yếu tố, bao gồm:</p><p><br></p><ul><li><strong>Lượng virus trong máu của người nhiễm HIV:</strong>&nbsp;Người có tải lượng virus cao hơn có nhiều khả năng lây truyền virus hơn.</li><li><strong>Loại vết thương:</strong>&nbsp;Vết thương hở, chảy máu có nhiều khả năng lây truyền virus hơn vết thương kín.</li><li><strong>Khối lượng máu hoặc dịch cơ thể tiếp xúc với vết thương:</strong>&nbsp;Càng có nhiều máu hoặc dịch cơ thể tiếp xúc với vết thương, nguy cơ lây truyền virus càng cao.</li></ul><p><br></p><p><span style=\"color: rgb(38, 38, 38);\">Theo Trung tâm Kiểm soát và Phòng ngừa dịch bệnh (CDC), nguy cơ lây nhiễm HIV qua vết thương hở là khoảng 0,3%. Điều này có nghĩa là cứ 1.000 lần tiếp xúc với máu hoặc dịch cơ thể từ người nhiễm HIV, thì sẽ có khoảng 3 ca lây nhiễm.</span></p><p>Vết thương không chảy máu có lây HIV không? Nguy cơ lây nhiễm HIV qua vết thương không chảy máu rất thấp hơn lây qua vết thương hở chảy máu, <strong>nhưng vẫn có khả năng xảy ra</strong>.</p><p><br></p><h2><strong>Các biến chứng khi chăm sóc vết thương không đúng cách</strong></h2><p>Mặc dù đã rõ việc người nhiễm HIV vết thương có lành không, nhưng nếu bạn không biết xử lý vết thương đúng cách sẽ dẫn đến nhiều biến chứng nguy hiểm, như:</p><p><br></p><h3><strong>1. Nhiễm trùng:</strong></h3><p><br></p><ul><li>Đây là biến chứng phổ biến nhất.</li><li>Vi khuẩn, nấm và virus có thể dễ dàng xâm nhập vào vết thương và gây nhiễm trùng.</li><li>Nhiễm trùng có thể lan rộng sang các bộ phận khác của cơ thể và dẫn đến&nbsp;nhiễm trùng huyết, đe dọa đến tính mạng.</li></ul><p><br></p><h3><strong>2. Loét da:</strong></h3><ul><li>Loét da là những vết thương hở thường xuất hiện ở da hoặc niêm mạc.</li><li>Loét da có thể gây đau đớn, khó chịu và ảnh hưởng đến chất lượng cuộc sống.</li><li>Tình trạng này có thể lâu lành và có nguy cơ biến chứng thành ung thư da.</li></ul><p><br></p><h3><strong>3. Hoại tử:</strong></h3><ul><li>Hoại tử là tình trạng mô da bị chết do thiếu máu cung cấp.</li><li>Hoại tử có thể dẫn đến đoạn chi hoặc thậm chí tử vong.</li></ul><p><br></p><h3><strong>4. Biến chứng khác:</strong></h3><ul><li>Sẹo lồi</li><li>Sẹo thâm</li><li>Rối loạn sắc tố da</li><li>Tăng nguy cơ ung thư da</li></ul><p><br></p><p>Ngoài ra, việc không chăm sóc vết thương đúng cách có thể ảnh hưởng đến sức khỏe tinh thần của người nhiễm HIV, khiến họ lo lắng, chán nản và mất tự tin.</p><p><br></p><h2><strong>Một số lưu ý khi chăm sóc vết thương người nhiễm HIV</strong></h2><p><img src=\"https://cdn.hellobacsi.com/wp-content/uploads/2024/02/nguoi-nhiem-hiv-vet-thuong-co-lanh-khong-3.jpg\" alt=\"chăm sóc vết thương hở để nhanh hồi phục\" height=\"667\" width=\"1000\"></p><p>Người nhiễm HIV vết thương có lành không, câu trả lời là có. Tuy nhiên, việc ghi nhớ các lưu ý chăm sóc sau sẽ giúp vết thương nhanh lành:</p><p><br></p><ul><li><strong>Rửa tay sạch</strong> trước và sau khi chạm vào vết thương.</li><li><strong>Làm sạch vết thương</strong> bằng dung dịch sát khuẩn phù hợp.</li><li><strong>Băng bó vết thương</strong> bằng băng gạc y tế.</li><li><strong>Giữ vết thương khô ráo và sạch sẽ.</strong></li><li><strong>Theo dõi dấu hiệu nhiễm trùng</strong> (sưng đỏ, đau nhức, chảy mủ).</li><li><strong>Đi khám bác sĩ</strong> nếu vết thương có dấu hiệu bất thường.</li></ul><p><br></p><h2><strong>Làm sao để biết mình có bị HIV hay không?</strong></h2><p>Bên cạnh việc vết thương lâu lành có bị HIV không thì bạn cũng có thể làm xét nghiệm để chắc chắn mình có mắc bệnh hay không, nếu có các triệu chứng sau:</p><p><br></p><ul><li><strong>Sốt:</strong>&nbsp;Đây là triệu chứng phổ biến nhất, thường xảy ra trong vòng 2-4 tuần sau khi bị nhiễm HIV. Sốt có thể kèm theo ớn lạnh, đổ mồ hôi ban đêm, đau đầu, và mệt mỏi.</li><li><strong>Sưng hạch bạch huyết:</strong>&nbsp;Hạch bạch huyết có thể sưng lên ở cổ, nách, và bẹn.</li><li><strong>Phát ban:</strong>&nbsp;Phát ban có thể xuất hiện trên da, thường là trong vòng 2-4 tuần sau khi bị nhiễm HIV. Phát ban có thể ngứa hoặc không ngứa, và có thể xuất hiện ở bất kỳ đâu trên cơ thể.</li><li><strong>Mệt mỏi:</strong>&nbsp;Mệt mỏi là một triệu chứng phổ biến của HIV. Nó có thể là do virus tấn công hệ miễn dịch, hoặc do các triệu chứng khác của HIV như sốt và sưng hạch bạch huyết.</li><li><strong>Giảm cân:</strong>&nbsp;Giảm cân không rõ nguyên nhân có thể là dấu hiệu của HIV.</li><li><strong>Nhiễm trùng:</strong>&nbsp;Người nhiễm HIV có nguy cơ cao bị nhiễm trùng do hệ miễn dịch của họ bị suy yếu. Các nhiễm trùng này có thể bao gồm nấm miệng, nhiễm trùng đường hô hấp và nhiễm trùng da.</li></ul><p><br></p><p>Người nhiễm HIV vết thương có lành không? Câu trả lời là có, nhưng thời gian lành có thể sẽ lâu hơn so với người khỏe mạnh nếu không được chăm sóc đúng cách. Nếu nghĩ rằng bạn có thể đã bị phơi nhiễm với HIV, điều quan trọng là phải đi xét nghiệm sớm sau thời gian phơi nhiễm 4-6 tháng. <span style=\"color: rgb(38, 38, 38);\">Xét nghiệm HIV sớm có thể giúp bạn điều trị sớm, sống khỏe mạnh và lâu hơn.</span></p><p><br></p>', NULL, '235523484', '2024-04-10 22:13:34', '28', '71', '1', '2', '1'),
('84', 'https://res.cloudinary.com/doccomming/image/upload/v1720624615/i7ya3gf4qjhuplcvfyjz.webp', 'Dấu hiệu suy thận giai đoạn đầu: Biết để bảo vệ thận!', 'Dấu hiệu suy thận giai đoạn đầu thường dễ nhầm lẫn với các bệnh lý khác. Vì thế mà hầu hết những bệnh nhân suy thận được chẩn đoán bệnh khi thận suy giảm chức năng nghiêm trọng hoặc có một lượng lớn protein trong nước tiểu (đạm niệu). ', '<p>Hiểu rõ về một số biểu hiện “chỉ điểm” suy thận giai đoạn đầu sẽ giúp bạn kiểm soát quá trình suy giảm chức năng thận một cách tốt nhất.&nbsp;</p><h2><strong>Dấu hiệu suy thận giai đoạn đầu bạn cần chú ý&nbsp;</strong></h2><p><br></p><p>Suy thận mãn tính được chia thành 5 giai đoạn dựa trên độ lọc cầu thận ước tính (eGFR). Trong đó từ giai đoạn 1-3 (eGFR trên 30) còn được xem là suy thận giai đoạn đầu.</p><p><br></p><ul><li>Ở suy thận độ 1, cơ thể chưa có biểu hiện bất thường nào vì thận tổn thương nhưng chưa suy giảm chức năng.</li><li>Ở suy thận độ 2, chức năng thận bị ảnh hưởng nhẹ, khả năng lọc giảm nên triệu chứng bắt đầu xuất hiện mờ nhạt.</li><li>Tới suy thận độ 3, bạn có thể có các dấu hiệu suy thận rõ ràng hơn.</li></ul><p><br></p><p>Bên cạnh đó, xét về cận lâm sàng có thể phát hiện protein hoặc máu xuất hiện trong nước tiểu.</p><p><br></p><p>Dưới đây là một số dấu hiệu suy thận giai đoạn đầu mà bạn cần chú ý:&nbsp;</p><p><br></p><h3><strong>Tăng huyết áp&nbsp;</strong></h3><p><br></p><p>Huyết áp cao (tăng huyết áp) chính là một trong những nguyên nhân chính dẫn đến bệnh suy thận. Ngược lại, suy thận làm ứ đọng natri và dịch bên trong cơ thể cũng sẽ làm huyết áp tăng lên.</p><p><br></p><p>Tăng huyết áp ở người bệnh thận là khi chỉ số huyết áp trên (tâm thu) trên 130mmHg và/hoặc chỉ số huyết áp dưới (tâm trương) trên 80mmHg. Tình trạng này thường không gây triệu chứng mà được phát hiện thông qua đo huyết áp. Tuy nhiên, khi huyết áp tăng cao nguy hiểm sẽ có biểu hiện đau đầu, lú lẫn, nhìn mờ, nhìn đôi, tiểu máu, chảy máu cam.&nbsp;</p><p><br></p><h3><strong>Sưng phù tay chân</strong></h3><p><br></p><p><img src=\"https://cdn.hellobacsi.com/wp-content/uploads/2023/02/dau-hieu-suy-than-giai-doan-dau-phu-tay-chan.jpg\" alt=\"dấu hiệu suy thận giai đoạn đầu: phù tay chân\" height=\"667\" width=\"1000\"></p><p><br></p><p>Khi thận bắt đầu suy giảm chức năng sẽ mất dần khả năng lọc máu, dẫn đến giữ muối, nước trong cơ thể. Lượng nước và muối dư thừa đủ nhiều sẽ ứ đọng đến các bộ phận trong cơ thể như mắt cá chân, tay và bọng mắt gây hiện tượng sưng phù.&nbsp;</p><p><br></p><h3><strong>Nhiễm trùng đường tiết niệu: Dấu hiệu suy thận giai đoạn đầu</strong></h3><p><br></p><p>Nhiễm trùng đường tiết niệu (UTIs) cũng là một phần của dấu hiệu suy thận giai đoạn đầu. UTIs có thể gây ra nhiều triệu chứng như:</p><ul><li>Thường xuyên đi tiểu, tiểu nhiều lần trong ngày.&nbsp;</li><li>Cảm giác nóng rát và đau khi đi tiểu.&nbsp;</li><li>Mắc tiểu nhưng tiểu rắt.</li><li>Đau lưng, đau ở háng hoặc bẹn.&nbsp;</li><li>Đau bụng.&nbsp;</li><li>Buồn nôn, ói mửa.&nbsp;</li><li>Sốt, ớn lạnh.&nbsp;</li><li>Nước tiểu có mùi hôi hoặc đục.&nbsp;</li><li>Có mủ hoặc máu trong nước tiểu của bạn.&nbsp;</li></ul><p><br></p><h3><strong>Các biểu hiện của suy thận trên cận lâm sàng&nbsp;</strong></h3><p><br></p><p><img src=\"https://cdn.hellobacsi.com/wp-content/uploads/2023/02/dau-hieu-suy-than-giai-doan-dau-trong-xet-nghiem.jpg\" alt=\"dấu hiệu suy thận giai đoạn đầu trong xét nghiệm\" height=\"700\" width=\"1000\"></p><p><br></p><p>Một trong những dấu hiệu chỉ điểm suy thận là sự xuất hiện của protein trong nước tiểu (đạm niệu). Ngoài ra, một số người cũng có máu trong nước tiểu khi thận suy giảm chức năng.&nbsp;</p><p><br></p><h2><strong>Điều trị suy thận giai đoạn đầu như thế nào?&nbsp;</strong></h2><p><br></p><p>Khi phát hiện những dấu hiệu suy thận giai đoạn đầu, bác sĩ có thể đưa ra một số chỉ định sau nhằm mục tiêu chính là làm chậm tiến trình tổn thương thận:&nbsp;</p><ul><li>Kiểm soát tốt lượng đường trong máu nếu bạn đang bị tiểu đường.&nbsp;</li><li>Giữ cho huyết áp ổn định.</li><li>Thay đổi thuốc bạn đang sử dụng để ngăn chặn các tác dụng không mong muốn trên thận.&nbsp;</li></ul><p><br></p><p>Hãy trao đổi với bác sĩ chuyên khoa thận – tiết niệu hoặc bác sĩ điều trị của bạn để đưa ra những lựa chọn an toàn cho thận nhé! Với việc điều trị đúng chỉ định và thay đổi lối sống lành mạnh hơn, nhiều người duy trì được chức năng thận và giữ cho suy thận độ 3 không tiến triển sang giai đoạn 4 và 5.</p><p><br></p><h2><strong>Cần làm gì để ngăn chặn tổn thương ở thận tiến triển?&nbsp;</strong></h2><p>Bạn có thể không cảm nhận bất kỳ dấu hiệu suy thận giai đoạn đầu nào ảnh hưởng đến sức khoẻ. Đồng thời cũng không có cách nào giúp đảo ngược suy thận nhưng những thay đổi thói quen tích cực trong giai đoạn này sẽ giúp giảm tải áp lực cho thận, làm chậm tiến trình tiến triển của bệnh. Một số thói quen tốt cho thận mà bạn nên thực hành như:&nbsp;</p><p><br></p><ul><li>Xây dựng&nbsp;thực đơn tốt cho thận. Một kế hoạch ăn kiêng dành cho người bệnh suy thận sẽ phù hợp hơn cho bạn trong giai đoạn này.&nbsp;</li><li>Bỏ hút thuốc lá.&nbsp;</li><li>Tập thể dục thể thao với các bài tập đơn giản như đạp xe, chạy bộ, bơi lội,…mỗi ngày 30 phút trong hầu hết các ngày trong tuần.&nbsp;</li><li>Quản lý cân nặng hiệu quả.&nbsp;</li></ul><p><br></p><p><span style=\"color: rgb(38, 38, 38);\">Suy thận mãn tính sẽ tạo nên gánh nặng rất lớn cho sức khoẻ và cả chi phí điều trị. Chính vì vậy hãy cảnh giác trước các dấu hiệu suy thận giai đoạn đầu, để bảo vệ sức khoẻ thận tốt hơn bạn nhé!&nbsp;</span></p>', NULL, '235523484', '2024-05-10 22:16:55', '29', '68', '1', '8', '1'),
('85', 'https://res.cloudinary.com/doccomming/image/upload/v1720638989/fgws5dw37otaxeu2rio6.jpg', 'Cẩn trọng trước những biến chứng sau mổ sỏi niệu quản', 'Một số trường hợp sỏi niệu quản sẽ được chỉ định điều trị ngoại khoa. Khi đó, các biến chứng sau mổ sỏi niệu quản có thể xảy ra là điều đáng lo ngại nhất.', '<h2><strong>Sỏi niệu quản là gì và nguy hiểm như thế nào?</strong></h2><p>Đúng như tên gọi, sỏi niệu quản là tình trạng có sỏi xuất hiện trong đường dẫn nước tiểu từ thận xuống bàng quang (niệu quản). Sỏi có thể bị mắc kẹt ở một hoặc cả hai niệu quản.</p><p><br></p><p>Nếu viên sỏi đủ lớn, nó sẽ chặn dòng chảy của nước tiểu từ thận xuống bàng quang. Khi đó, người bệnh sẽ cảm thấy đau quặn dữ dội ở sau lưng, phía dưới xương sườn, có khi lan tỏa đến bụng dưới. Ngoài ra, những triệu chứng khác có thể xuất hiện gồm tiểu ra máu, tiểu gắt, tiểu buốt, đau khi xuất tinh, viêm ống dẫn tinh hay nhiễm trùng đường tiết niệu. Một số ít người lại có biểu hiện rất mơ hồ trong thời gian dài như mỏi lưng, mỏi tăng lên khi làm việc nặng; đau như viêm loét dạ dày – tá tràng, viêm túi mật hoặc đại tràng nên dễ bị nhầm lẫn.</p><p><br></p><p>Nếu không phát hiện và điều trị sớm, sự tắc nghẽn ở niệu quản do sỏi có thể làm tăng áp lực niệu quản và bể thận dẫn đến thận ứ nước, làm giảm độ lọc cầu thận, chức năng ống thận cũng như lưu lượng máu đến thận. Bên cạnh đó, khả năng vận chuyển các chất điện giải quan trọng (như Na+, K+) cũng bị suy giảm nghiêm trọng.</p><p><br></p><p>Nguy hiểm hơn, khi tình trạng tắc nghẽn niệu quản kéo dài mà không được can thiệp điều trị có thể dẫn đến tổn thương thận tiến triển, cuối cùng gây mất chức năng thận không hồi phục (suy thận mạn tính).&nbsp;</p><p><br></p><h2><strong>Mổ sỏi niệu quản bằng những phương pháp nào?</strong></h2><p><br></p><p><img src=\"https://cdn.hellobacsi.com/wp-content/uploads/2021/07/nhung-bien-chung-sau-mo-soi-nieu-quan.jpg\" alt=\"Những biến chứng sau mổ sỏi niệu quản\" height=\"647\" width=\"1000\"></p><p>Việc lựa chọn phương thức điều trị sỏi niệu quản sẽ phụ thuộc vào nhiều yếu tố, như kích thước, vị trí và thành phần cấu tạo nên sỏi. Ngoài ra, bác sĩ cũng cần đánh giá tình trạng sức khỏe của người bệnh, như có béo phì, sử dụng thuốc chống đông máu hay một số vấn đề khác không.</p><p>Phần lớn các trường hợp sỏi có kích thước chiều ngang (so với niệu quản) nhỏ hơn 5mm sẽ được tống xuất tự nhiên ra ngoài theo dòng nước tiểu. Sỏi niệu quản thường di chuyển xuống bàng quang trong vòng 4–6 tuần. Do đó, điều trị nội khoa (dùng thuốc) và chờ đợi sỏi được tống xuất tự nhiên sẽ áp dụng cho trường hợp sỏi ≤ 5mm.</p><p><br></p><p>Với sỏi niệu quản đoạn gần (đoạn trên) dưới 7mm cũng tiến hành điều trị nội khoa trong 1 tháng. Nếu thấy sỏi không di chuyển mới can thiệp lấy sỏi. Nhìn chung điều trị nội khoa được là tốt nhất, tránh nguy cơ gặp phải các biến chứng sau mổ sỏi niệu quản.</p><p><br></p><p>Ngược lại, đối với sỏi đoạn gần &gt; 7mm hoặc các sỏi niệu quản đoạn giữa và đoạn xa &gt; 5mm thì khả năng tự đào thải rất thấp và cần cân nhắc việc chủ động can thiệp lấy sỏi ra ngoài với các phương pháp như:</p><p><br></p><ul><li>Nội soi tán sỏi ngược dòng&nbsp;qua đường niệu quản (Retrograde endoscopic lithotripsy): Ống nội soi được luồn vào niệu đạo, qua bàng quang để lên niệu quản. Kế tiếp sử dụng năng lượng laser tán vụn viên sỏi và hút các mảnh nhỏ ra ngoài.</li><li>Tán sỏi ngoài cơ thể bằng sóng xung kích&nbsp;(Extracorporeal shock-wave lithotripsy): Áp dụng cho sỏi ở đoạn gần sát thận dưới 20mm. Nhờ tần số cao của sóng mà viên sỏi được tán vụn. Những mảnh sỏi nhỏ sẽ đào thải ra ngoài theo đường tiểu.</li><li>Tán sỏi qua da (Percutaneous removal of renal stones): Bệnh nhân được gây mê toàn thân, sau đó tạo một đường hầm nhỏ qua da để đưa thiết bị phá vỡ sỏi vào trong. Đây được coi là phương pháp đắc lực thay thế cho mổ hở, ít xâm lấn, ít biến chứng, hiệu quả cao.</li><li>Nội soi sau phúc mạc lấy sỏi (Retroperitoneal laparoscopic): Bệnh nhân cũng được gây mê toàn thân, nhưng cần mở 3 đường hầm nhỏ từ lưng hông, thông qua đó mở niệu quản để gắp sỏi ra ngoài.</li><li>Mổ hở (Open surgery): Hiện nay chỉ còn dùng để giải quyết những viên sỏi quá lớn hay bị mắc kẹt lại trong các đoạn niệu đạo có đường kính nhỏ.</li></ul><p><br></p><h2><strong>Biến chứng sau mổ sỏi niệu quản</strong></h2><p><br></p><p><img src=\"https://cdn.hellobacsi.com/wp-content/uploads/2021/07/bien-chung-sau-mo-soi-nieu-quan-la-gi.jpg\" alt=\"Biến chứng sau mổ sỏi niệu quản là gì?\" height=\"667\" width=\"1000\"></p><p><br></p><p>Tùy theo phương pháp mổ sỏi niệu quản mà người bệnh có thể trải qua một số biến chứng hậu phẫu. Sau can thiệp, mỗi bệnh nhân đều được nhân viên y tế theo dõi và hướng dẫn những vấn đề cần lưu ý.</p><p><br></p><ul><li>Tán sỏi ngoài cơ thể: Rất hiếm khi có biến chứng. Rủi ro chỉ xảy ra khi dùng phương pháp này để tán các sỏi lớn, đó là đau, sốt, đi tiểu ra máu, tắc nghẽn đường tiểu gây ứ nước tại bể thận, vỡ thận, vỡ gan hoặc lách.</li></ul><p><br></p><ul><li>Tán sỏi qua da: Tiềm ẩn các nguy cơ gồm nhiễm trùng, chảy máu, rò thủng đường tiểu và thủng các cơ quan lân cận. Tuy nhiên nếu kỹ thuật thực hiện tốt cũng rất hiếm xảy ra biến chứng.</li></ul><p><br></p><ul><li>Nội soi tán sỏi ngược dòng qua niệu quản: Nhẹ gây tổn thương niêm mạc niệu quản, nặng gây thủng niệu quản; chảy máu nhưng hầu như không đáng kể; nhiễm khuẩn tiết niệu ngược dòng; hẹp niệu quản (có thể phải tạo hình niệu quản).</li></ul><p><br></p><ul><li>Nội soi sau phúc mạc lấy sỏi: Phương pháp nội soi ít xâm lấn và khá an toàn, tuy nhiên trong một số ít trường hợp có thể gây chảy máu, bầm tím hoặc rò nước tiểu.</li></ul><p><br></p><ul><li>Mổ hở: Cũng có những rủi ro giống như các phẫu thuật mổ hở tại những vị trí khác, phổ biến nhất là chảy máu, nhiễm trùng, rách hay tổn thương các cơ quan xung quanh (đặc biệt là thận), tụ dịch, áp xe tồn dư, rò nước tiểu…</li></ul><p><br></p><p>Trong số đó, biến chứng thường gặp nhất là hẹp niệu quản sau mổ. Hầu hết các bệnh nhân phải mổ thêm lần nữa để nong rộng hoặc tạo hình lại niệu quản.&nbsp;</p><p><br></p><p>Tuy nhiên, đáng sợ nhất thì phải kể đến chảy máu, có thể xảy ra ngay khi vừa mổ hở hoặc chảy máu thứ phát sau 5 – 12 ngày khi rạch phải nhu mô thận còn dày.</p><p><br></p><p>Bên cạnh đó, một biến chứng sau mổ sỏi niệu quản khác cần được lưu tâm là rò nước tiểu. Rủi ro này thường xảy ra do các mảnh sỏi vẫn còn sót lại hoặc nhu mô thận bị hoại tử. Nếu không xử lý sớm, bệnh nhân có nguy cơ nhiễm khuẩn đường tiết niệu và tái phát sỏi.</p><p><br></p><h2><strong>Cách chăm sóc giúp giảm biến chứng sau mổ sỏi niệu quản</strong></h2><p><br></p><p><img src=\"https://cdn.hellobacsi.com/wp-content/uploads/2021/07/cham-soc-giam-bien-chung-sau-mo-soi-nieu-quan.jpg\" alt=\"Chăm sóc giảm biến chứng sau mổ sỏi niệu quản\" height=\"667\" width=\"1000\"></p><p><br></p><p>Việc chăm sóc bệnh nhân sau mổ niệu quản cũng là vấn đề được người thân quan tâm tìm hiểu. Người bệnh được theo dõi, chăm sóc cẩn thận, đúng cách sẽ giúp quá trình hồi phục tốt hơn và tránh các biến chứng nguy hiểm sau mổ.</p><p><br></p><h3><strong>Chăm sóc ngay sau khi mổ</strong></h3><p>Khoảng thời gian nằm viện sau khi mổ dù được theo dõi bởi các nhân viên y tế và bác sĩ nhưng người nhà cũng nên chăm sóc cẩn thận. Nếu không, vết thương có thể bị nhiễm trùng.</p><p><br></p><p>Bạn cần chú ý đến các dấu hiệu của biến chứng sau mổ sỏi niệu quản cũng như loại thức ăn phù hợp sau khi mổ:</p><p><br></p><ul><li>Quan sát vết thương xem có vấn đề khác thường nào không, đặc biệt là chảy máu</li><li>Người bệnh có bị đau hông lưng, mạn sườn bên tán sỏi,&nbsp;tiểu buốt, tiểu gắt, nước tiểu có màu hồng/đục hay các dấu hiệu khó thở, sốt không thì phải thông báo ngay với bác sĩ.</li><li>Nên cho người bệnh ăn thức ăn dạng lỏng, dễ tiêu như súp, cháo, sữa; đảm bảo uống đủ 2-3 lít nước mỗi ngày</li></ul><p><br></p><h3><strong>Chăm sóc tại nhà</strong></h3><p>Sau khi đánh giá tình trạng sau khi mổ không có vấn đề gì nghiêm trọng, người bệnh sẽ được xuất viện về nhà. Khi ấy, người bệnh có thể tự chăm sóc bản thân theo hướng dẫn của bác sĩ và tái khám theo lịch hẹn.</p><p><br></p><p>Thời gian đầu, bạn vẫn cần theo dõi tình trạng của vết mổ và thay băng theo lời dặn của bác sĩ để đảm bảo vệ sinh. Lưu ý, bạn không nên để nước ngấm vào vết thương. Hãy nhớ vận động nhẹ nhàng, giữ tinh thần thoải mái, không nhịn tiểu. Bạn nên tập trung ăn những thực phẩm lợi niệu như cam, chanh, đậu đen, củ cải trắng; chế biển lỏng mềm để dễ tiêu, uống đủ nước.&nbsp;</p>', NULL, '235523484', '2024-06-10 22:21:22', '29', '69', '1', '8', '2'),
('89', 'https://res.cloudinary.com/doccomming/image/upload/v1720650142/qgkqemcfrveyvrldtyiv.jpg', 'Tiền tiểu đường bao lâu thành tiểu đường?', 'Tiền tiểu đường không được kiểm soát tốt sẽ tiến triển thành bệnh tiểu đường tuýp 2. Vì vậy, nhiều bệnh nhân lo lắng không biết tiền tiểu đường bao lâu thành tiểu đường?', '<h2><strong>Tiền tiểu đường là gì?</strong></h2><p><br></p><p>Trước khi đi tìm lời giải đáp cho vấn đề tiền tiểu đường bao lâu thành tiểu đường, chúng ta cần hiểu rõ tiền tiểu đường là gì? Tiền tiểu đường là tình trạng mà lượng đường trong máu cao hơn mức bình thường nhưng chưa đến mức được chẩn đoán là mắc bệnh tiểu đường tuýp 2.</p><p><br></p><p><img src=\"https://cdn.hellobacsi.com/wp-content/uploads/2023/11/tien-tieu-duong-la-gi.jpg\" alt=\"tiểu đường là gì?\" height=\"667\" width=\"1000\"></p><p><br></p><p>Tiền tiểu đường thường không gây ra bất kỳ triệu chứng nào. Cách duy nhất để biết bạn mắc bệnh là kiểm tra lượng đường trong máu. Kết quả chẩn đoán mắc tiền tiểu đường là khi:</p><ul><li>Xét nghiệm đường huyết lúc đói cho thấy kết quả từ 100 đến 125 mg/dL (bình thường là dưới 100 mg/dL; bệnh tiểu đường là cao hơn 126 mg/dL).</li><li>Xét nghiệm&nbsp;HbA1c&nbsp;cho thấy kết quả từ 5,7% đến 6,4% (bình thường là dưới 5,7%; tiểu đường là từ 6,5% trở lên).</li><li>Xét nghiệm dung nạp glucose đường uống cho thấy kết quả từ 140 mg/dl đến 199 mg/dl (bình thường dưới 140 mg/dl; bệnh tiểu đường từ 200 mg/dl trở lên).</li></ul><p><br></p><p>Những người mắc bệnh tiểu đường tuýp 2 thường bị tiền tiểu đường trước. Vậy, tiền tiểu đường bao lâu thành tiểu đường?</p><p><br></p><h2><strong>Tiền tiểu đường bao lâu thành tiểu đường?</strong></h2><p>Theo thống kê, hơn 84% những người mắc tiền tiểu đường mà không hề biết trong nhiều năm, cho đến khi tiến triển thành bệnh tiểu đường tuýp 2. Người tiền tiểu đường có tới 50% nguy cơ mắc tiểu đường trong vòng <strong>5 đến 10 năm</strong> tới.</p><p><br></p><p>Quá trình tiến triển từ tiền tiểu đường thành tiểu đường tuýp 2 như sau: Tuyến tụy sản xuất ra một loại hormone gọi là insulin. Isnullin đưa đường trong máu (glucose) đi vào tế bào để cơ thể sử dụng nó làm năng lượng. Khi mắc tiền tiểu đường, các tế bào trở nên kháng insulin và không phản ứng với insulin như bình thường. Tuyến tụy lúc này sẽ cố gắng tạo ra nhiều insulin hơn để bù đắp.</p><p><br></p><p>Lúc này, lượng đường trong máu vẫn bình thường. Nhưng cuối cùng, tuyến tụy suy yếu không thể tiếp tục sản xuất insulin như trước, đường bị tích tụ lại trong máu. Hậu quả là lượng đường trong máu tăng cao và xét nghiệm máu có thể cho thấy tiền tiểu đường. Nếu không điều trị, theo thời gian, khi lượng đường trong máu cao đến một mức nhất định, bạn sẽ được chẩn đoán mắc bệnh tiểu đường tuýp 2.</p><p><br></p><h2><strong>Những ai có nguy cơ tiến triển thành tiểu đường nhanh hơn?</strong></h2><p><img src=\"https://cdn.hellobacsi.com/wp-content/uploads/2023/11/tien-tieu-duong-bao-lau-thanh-tieu-duong-va-yeu-to-nguy-co.jpg\" alt=\"tiểu đường bao lâu thành tiểu đường và yếu tố nguy cơ\" height=\"562\" width=\"1000\"></p><p><br></p><p>Tiền tiểu đường bao lâu thành tiểu đường sẽ còn tùy thuộc vào tuổi tác và tình trạng sức khỏe tổng thể của bạn. Bạn sẽ có nguy cơ mắc bệnh tiểu đường cao hơn nếu:</p><p><br></p><ul><li>Tuổi từ 45 trở lên</li><li>Béo phì, thừa cân</li><li>Cha mẹ hoặc anh chị em mắc bệnh tiểu đường tuýp 2</li><li>Không hoạt động thể chất, tập thể dục ít hơn 3 lần một tuần</li><li>Từng mắc bệnh tiểu đường thai kỳ hoặc sinh con nặng hơn 4kg</li><li>Huyết áp cao</li><li>Cholesterol cao</li><li>Hội chứng buồng trứng đa nang (PCOS)</li><li>Rối loạn giấc ngủ, chẳng hạn như ngưng thở khi ngủ</li><li>Hội chứng chuyển hóa, sự kết hợp giữa huyết áp cao, mức cholesterol cao và số đo vòng eo lớn</li><li>Ít vận động</li><li>Hút thuốc lá.</li></ul><p><br></p><h2><strong>Tiền tiểu đường bao lâu thành tiểu đường và dấu hiệu nhận biết?</strong></h2><p>Như đã đề cập ở trên, tiền tiểu đường thường không có bất kỳ dấu hiệu hoặc triệu chứng nào. Nếu có thì thường là da sẫm màu ở nách, lưng hoặc hai bên cổ; da sần sùi, thay đổi thị lực.</p><p><br></p><p>Tiền tiểu đường bao lâu thành tiểu đường là không cố định ở mỗi người. Bạn có thể quan sát xem cơ thể có xuất hiện những triệu chứng tiểu đường dưới đây hay không:</p><p><br></p><ul><li>Cơn khát nước tăng dần</li><li>Đi tiểu thường xuyên</li><li>Cơn đói tăng lên</li><li>Mệt mỏi</li><li>Mờ mắt</li><li>Đổ mồ hôi</li><li>Tê hoặc ngứa ran ở bàn chân hoặc bàn tay</li><li>Nhiễm trùng thường xuyên</li><li>Vết loét, vết thương chậm lành</li><li>Sụt cân ngoài ý muốn.</li></ul><p><br></p><h2><strong>Hiểu tiền tiểu đường bao lâu thành tiểu đường để ngăn ngừa bệnh tiến triển</strong></h2><p><br></p><p><img src=\"https://cdn.hellobacsi.com/wp-content/uploads/2023/11/tien-tieu-duong-bao-lau-thanh-tieu-duong-va-phong-ngua.jpg\" alt=\"tiểu đường bao lâu thành tiểu đường và phòng ngừa\" height=\"667\" width=\"1000\"></p><p><br></p><p>Bạn nên hiểu rằng tiền tiểu đường bao lâu thành tiểu đường thì<strong> 5 – 10 năm chỉ là con số thống kê trung bình. Thời gian này có thể nhanh hơn hoặc lâu hơn</strong> tùy vào việc bạn có kiểm soát tốt lượng đường trong máu và chăm sóc tốt cho sức khỏe tổng thể của mình hay không.</p><p>Thay đổi lối sống được chứng minh là giúp giảm nguy cơ và kéo dài thời gian tiền tiểu đường tiến triển thành bệnh tiểu đường tuýp 2. Theo đó, Trung tâm Kiểm soát và Phòng ngừa Dịch bệnh Hoa Kỳ (CDC) khuyến cáo:</p><p><br></p><ul><li><strong><em>Giảm cân:</em></strong>&nbsp;Giảm từ 5% đến 7% trọng lượng cơ thể sẽ giúp giảm nguy cơ bệnh tiểu đường. Giảm cân cũng giúp giảm huyết áp và giảm mức cholesterol xấu. Để giữ cân nặng luôn ở mức khỏe mạnh, hãy tập trung vào những thay đổi lâu dài trong thói quen ăn uống và tập thể dục.</li><li><strong><em>Tập thể dục:</em></strong>&nbsp;Hoạt động thể chất giúp bạn kiểm soát cân nặng, thúc đẩy chuyển hóa đường thành năng lượng và giúp cơ thể sử dụng insulin hiệu quả hơn, từ đó duy trì lượng đường trong máu ở mức ổn định. Cố gắng duy trì tập luyện 30 phút mỗi ngày, ít nhất 5 ngày một tuần, hoặc tổng cộng 150 phút mỗi tuần. Hãy thử đi bộ, đạp xe đạp, bơi lội.</li><li><strong><em>Ăn uống lành mạnh:</em></strong>&nbsp;Ưu tiên chọn các loại thực phẩm ít chất béo, ít calo và giàu chất xơ. Cụ thể là ăn nhiều rau xanh, trái cây, ngũ cốc nguyên hạt, protein nạc như cá hoặc thịt ức gà và sữa ít béo. Không ăn nhiều thực phẩm chế biến sẵn, chiên rán hoặc có đường. Ăn những phần ăn nhỏ hơn để kiểm soát lượng calo nạp vào mỗi ngày. Uống nước lọc thay vì đồ uống có đường.</li><li><strong><em>Thăm khám sức khỏe định kỳ:</em></strong>&nbsp;Việc làm các xét nghiệm&nbsp;sàng lọc bệnh tiểu đường nên bắt đầu ở độ tuổi từ 30 đến 45 và lặp lại ít nhất 3 năm một lần. Ở những bệnh nhân có nguy cơ cao, bạn có thể bắt đầu sàng lọc sớm hơn và theo dõi thường xuyên hơn. Sau khi được chẩn đoán mắc bệnh tiền tiểu đường, bệnh nhân nên được kiểm tra sức khỏe từ 1 đến 2 năm một lần.</li></ul><p><br></p><p>Ngoài ra, để giảm bớt nỗi lo tiền tiểu đường bao lâu thành tiểu đường, bạn nên áp dụng các mẹo sau đây:</p><p><br></p><ul><li>Kiểm soát căng thẳng</li><li>Bỏ thuốc lá</li><li>Hạn chế uống rượu</li><li>Chẩn đoán và điều trị rối loạn giấc ngủ</li><li>Điều trị các bệnh lý nền khác, chẳng hạn như cholesterol cao và huyết áp cao</li><li>Kiểm tra lượng đường trong máu thường xuyên</li><li>Dùng thuốc theo chỉ định của bác sĩ để điều trị bất kỳ vấn đề sức khỏe nào nếu có.</li></ul><p><br></p><p><span style=\"color: rgb(38, 38, 38);\">Hi vọng bài viết này đã giúp bạn giải đáp được thắc mắc tiền tiểu đường bao lâu thành tiểu đường. Tin tốt là bạn có thể kiểm soát lượng đường trong máu, đẩy lùi bệnh tiểu đường và kéo dài thời gian tiền tiểu đường chuyển thành tiểu đường tuýp 2 bằng việc giảm cân, tập thể dục, ăn uống lành mạnh cùng với những thay đổi lối sống khác.</span></p>', NULL, '235523485', '2024-07-11 05:22:23', '1', '2', '1', '2', '1');


create table appointmentstatus(
id int not null primary key AUTO_INCREMENT,
Type nvarchar(200)
)
; -- drop table appointmentstatus
insert into appointmentstatus (id, Type) values(1, "success"),  (2, "warning"),  (3, "error"), (4, "waiting");

create table appointment(
id int not null primary key AUTO_INCREMENT,
idService int  not null CHECK (idService !=""),
idPatient int  not null CHECK (idPatient !=""),
idDoctor int  not null CHECK (idDoctor !=""),
DateBooking date,
TimeBooking TIME,
Price double not null,
Status int default 4, -- 4 đang chờ bác sĩ chấp nhận, 1 bác sĩ đã chấp nhận, 2 đã hoàn thành, 3 cuộc hẹn bị hủy 
Information text(1000),
foreign key (idPatient) references account(id),
foreign key (idService) references service(id),
foreign key (idDoctor) references account(id),
foreign key (Status) references appointmentstatus(id)
)
; -- drop table appointment alter table appointment DROP  column idGroupAppointment 
insert into appointment (id, idService, idPatient, idDoctor, DateBooking, TimeBooking, Price, Status, Information) values
('1', '13', '235523489', '235523487', '2023-08-17', '15:30:00', '300000', '2', 'Khám sức khỏe'),
('5', '1', '235523508', '235523485', '2023-09-17', '07:00:00', '200000', '2', 'đau đầu'),
('6', '1', '235523508', '235523485', '2023-10-17', '14:00:00', '200000', '3', ''),
('7', '1', '235523489', '235523485', '2023-11-18', '07:00:00', '200000', '2', 'Đau đầu'),
('8', '1', '235523489', '235523485', '2023-12-26', '18:15:00', '200000', '2', 'Đau mắt'),
('9', '1', '235523489', '235523485', '2023-08-27', '07:00:00', '200000', '2', 'Đau mắt đỏ'),
('16', '5', '235523514', '235523521', '2023-09-12', '13:30:00', '200000', '2', ''),
('17', '6', '235523514', '235523522', '2023-10-12', '14:15:00', '400000', '2', ''),
('18', '26', '235523514', '235523524', '2023-11-12', '15:15:00', '350000', '2', ''),
('19', '4', '235523514', '235523525', '2023-12-12', '15:00:00', '500000', '2', ''),
('20', '42', '235523514', '235523530', '2024-07-12', '15:15:00', '350000', '2', ''),
('21', '1', '235523515', '235523538', '2023-03-07', '15:30:00', '350000', '2', ''),
('22', '1', '235523515', '235523535', '2023-12-26', '13:30:00', '300000', '2', ''),
('23', '4', '235523515', '235523536', '2023-10-29', '14:00:00', '400000', '2', ''),
('24', '50', '235523515', '235523534', '2024-06-27', '14:00:00', '450000', '2', ''),
('25', '2', '235523516', '235523533', '2023-10-01', '15:00:00', '350000', '2', ''),
('26', '49', '235523516', '235523534', '2023-11-30', '16:00:00', '300000', '2', ''),
('27', '46', '235523516', '235523532', '2023-12-05', '20:00:00', '350000', '2', ''),
('28', '31', '235523516', '235523525', '2023-09-02', '20:00:00', '400000', '2', ''),
('29', '35', '235523516', '235523529', '2024-06-08', '18:15:00', '500000', '2', ''),
('30', '18', '235523516', '235523524', '2023-08-23', '15:15:00', '400000', '2', ''),
('31', '6', '235523517', '235523522', '2023-09-12', '15:15:00', '400000', '2', ''),
('32', '42', '235523517', '235523530', '2023-10-06', '20:30:00', '350000', '2', ''),
('33', '1', '235523517', '235523528', '2023-11-12', '13:15:00', '400000', '2', ''),
('34', '25', '235523517', '235523523', '2024-10-07', '20:15:00', '300000', '2', ''),
('35', '21', '235523517', '235523526', '2023-02-18', '14:00:00', '700000', '2', ''),
('36', '17', '235523517', '235523521', '2024-03-24', '15:00:00', '300000', '2', ''),
('37', '42', '235523517', '235523530', '2024-04-12', '18:30:00', '350000', '2', ''),
('38', '18', '235523517', '235523524', '2024-05-27', '15:15:00', '400000', '2', ''),
('39', '5', '235523518', '235523521', '2024-02-12', '14:30:00', '200000', '2', ''),
('40', '7', '235523518', '235523522', '2024-01-22', '15:15:00', '300000', '2', ''),
('41', '26', '235523518', '235523524', '2024-03-16', '15:15:00', '350000', '2', ''),
('42', '4', '235523518', '235523525', '2024-04-29', '20:30:00', '500000', '2', ''),
('43', '21', '235523518', '235523526', '2024-02-25', '14:00:00', '700000', '2', ''),
('44', '42', '235523518', '235523530', '2024-02-15', '20:30:00', '350000', '2', ''),
('45', '35', '235523518', '235523529', '2024-02-16', '18:15:00', '500000', '2', ''),
('46', '47', '235523518', '235523532', '2024-03-12', '19:30:00', '550000', '2', ''),
('47', '32', '235523519', '235523527', '2024-04-12', '13:45:00', '400000', '2', ''),
('48', '44', '235523519', '235523530', '2024-05-12', '14:45:00', '600000', '2', ''),
('49', '24', '235523519', '235523523', '2024-06-11', '19:45:00', '400000', '2', ''),
('50', '37', '235523519', '235523529', '2024-06-25', '20:15:00', '600000', '2', ''),
('51', '52', '235523519', '235523538', '2024-03-01', '20:00:00', '500000', '2', ''),
('52', '33', '235523519', '235523528', '2024-04-20', '18:30:00', '350000', '2', ''),
('53', '2', '235523519', '235523533', '2024-05-10', '15:00:00', '350000', '2', ''),
('54', '13', '235523519', '235523524', '2024-06-15', '13:45:00', '300000', '2', ''),
('55', '1', '235523519', '235523535', '2024-07-06', '15:30:00', '300000', '2', ''),
('56', '31', '235523519', '235523527', '2024-03-15', '14:45:00', '350000', '2', ''),
('57', '49', '235523519', '235523534', '2024-04-13', '16:00:00', '300000', '2', ''),
('58', '1', '235523519', '235523536', '2024-05-19', '15:00:00', '350000', '2', ''),
('59', '1', '235523520', '235523521', '2024-06-02', '14:30:00', '200000', '2', ''),
('60', '5', '235523520', '235523522', '2024-07-09', '15:15:00', '200000', '2', ''),
('61', '24', '235523520', '235523523', '2024-03-27', '19:45:00', '400000', '2', ''),
('62', '13', '235523520', '235523524', '2024-04-08', '13:45:00', '300000', '2', ''),
('63', '37', '235523520', '235523529', '2024-05-12', '19:45:00', '600000', '2', ''),
('64', '51', '235523520', '235523538', '2024-06-25', '20:00:00', '450000', '2', ''),
('65', '47', '235523520', '235523532', '2024-07-05', '14:45:00', '550000', '2', ''),
('66', '49', '235523520', '235523534', '2024-03-24', '16:00:00', '300000', '2', ''),
('67', '49', '235523489', '235523486', '2024-04-23', '20:00:00', '450000', '2', ''),
('68', '3', '235523489', '235523488', '2024-05-22', '15:00:00', '350000', '2', ''),
('69', '28', '235523489', '235523487', '2024-06-21', '15:00:00', '300000', '2', ''),
('70', '6', '235523489', '235523522', '2024-07-03', '13:15:00', '400000', '2', ''),
('71', '25', '235523489', '235523523', '2024-03-20', '20:15:00', '300000', '2', ''),
('72', '16', '235523489', '235523531', '2024-04-19', '19:45:00', '450000', '2', ''),
('73', '3', '235523519', '235523486', '2024-05-18', '14:30:00', '300000', '2', ''),
('74', '3', '235523519', '235523488', '2024-06-12', '15:00:00', '350000', '2', ''),
('75', '8', '235523519', '235523531', '2024-07-01', '14:30:00', '350000', '2', ''),
('76', '28', '235523519', '235523487', '2024-03-16', '13:00:00', '300000', '2', ''),
('77', '41', '235523517', '235523487', '2024-04-15', '15:00:00', '300000', '2', ''),
('78', '3', '235523515', '235523486', '2024-05-14', '20:30:00', '300000', '2', ''),
('79', '29', '235523515', '235523487', '2024-06-13', '14:00:00', '250000', '2', ''),
('80', '3', '235523515', '235523488', '2024-07-02', '15:00:00', '350000', '2', ''),
('81', '16', '235523515', '235523531', '2024-07-11', '19:15:00', '450000', '2', '');

create table servicedoctor(
id int not null primary key AUTO_INCREMENT,
idService int  not null CHECK (idService !=""),
idDoctor int  not null CHECK (idDoctor !=""),
EstimatedTime TIME,
Price double,
Status int default 0, -- 0 hiển thị dịch vụ, 1 doctor ẩn dịch vụ  
foreign key (idService) references service(id),
foreign key (idDoctor) references account(id) 
)
; -- drop table servicedoctor
INSERT INTO servicedoctor (id, idService, idDoctor, EstimatedTime, Price, Status) values
('7', '1', '235523485', '01:00:00', '200000', '0'),
('9', '3', '235523486', '01:00:00', '300000', '0'),
('10', '13', '235523485', '01:30:00', '300000', '0'),
('11', '5', '235523485', '01:00:00', '200000', '0'),
('12', '1', '235523521', '01:00:00', '200000', '0'),
('13', '5', '235523521', '01:00:00', '200000', '0'),
('14', '17', '235523521', '01:30:00', '300000', '0'),
('15', '2', '235523521', '01:00:00', '200000', '0'),
('16', '6', '235523522', '01:00:00', '400000', '0'),
('17', '7', '235523522', '01:00:00', '300000', '0'),
('18', '5', '235523522', '01:00:00', '200000', '0'),
('19', '25', '235523523', '01:00:00', '300000', '0'),
('20', '24', '235523523', '01:30:00', '400000', '0'),
('21', '18', '235523524', '01:30:00', '400000', '0'),
('22', '26', '235523524', '01:30:00', '350000', '0'),
('23', '13', '235523524', '01:00:00', '300000', '0'),
('24', '31', '235523525', '01:30:00', '400000', '0'),
('25', '4', '235523525', '01:00:00', '500000', '0'),
('26', '21', '235523526', '02:00:00', '700000', '0'),
('27', '43', '235523526', '01:30:00', '500000', '0'),
('28', '32', '235523527', '01:30:00', '400000', '0'),
('29', '31', '235523527', '01:00:00', '350000', '0'),
('30', '1', '235523528', '01:00:00', '400000', '0'),
('31', '33', '235523528', '01:30:00', '350000', '0'),
('32', '34', '235523528', '01:30:00', '500000', '0'),
('33', '36', '235523529', '01:00:00', '350000', '0'),
('34', '37', '235523529', '01:30:00', '600000', '0'),
('35', '35', '235523529', '01:30:00', '500000', '0'),
('36', '44', '235523530', '01:30:00', '600000', '0'),
('37', '42', '235523530', '01:00:00', '350000', '0'),
('38', '43', '235523530', '01:00:00', '400000', '0'),
('39', '8', '235523531', '01:00:00', '350000', '0'),
('40', '16', '235523531', '01:30:00', '450000', '0'),
('41', '27', '235523531', '01:30:00', '500000', '0'),
('42', '47', '235523532', '01:30:00', '550000', '0'),
('43', '46', '235523532', '01:00:00', '350000', '0'),
('44', '2', '235523533', '01:30:00', '350000', '0'),
('45', '49', '235523534', '01:00:00', '300000', '0'),
('46', '50', '235523534', '01:30:00', '450000', '0'),
('47', '1', '235523535', '01:00:00', '300000', '0'),
('48', '13', '235523535', '01:00:00', '350000', '0'),
('49', '4', '235523535', '01:00:00', '450000', '0'),
('50', '4', '235523536', '01:00:00', '400000', '0'),
('51', '1', '235523536', '01:00:00', '350000', '0'),
('52', '52', '235523538', '01:30:00', '500000', '0'),
('53', '51', '235523538', '01:30:00', '450000', '0'),
('54', '1', '235523538', '01:00:00', '350000', '0'),
('55', '42', '235523486', '01:30:00', '400000', '0'),
('56', '49', '235523486', '01:30:00', '450000', '0'),
('57', '28', '235523487', '01:00:00', '300000', '0'),
('58', '41', '235523487', '01:00:00', '300000', '0'),
('59', '29', '235523487', '01:00:00', '250000', '0'),
('60', '30', '235523487', '01:30:00', '400000', '0'),
('61', '3', '235523488', '01:30:00', '350000', '0'),
('62', '28', '235523488', '01:00:00', '250000', '0'),
('63', '20', '235523488', '01:00:00', '300000', '0');

create table schedule(
id int not null primary key AUTO_INCREMENT,
idDoctor int  not null,
FirstShiftStart TIME,
FirstShiftEnd TIME,
SecondShiftStart TIME,
SecondShiftEnd TIME,
ThirdShiftStart TIME,
ThirdShiftEnd TIME,
SpecificDay Date default null,
Status int default 1,    			-- 0 lịch mặc định cửa bác sĩ, 1 lịch theo ngày cụ thể 
foreign key (idDoctor) references account(id) 
)
; -- drop table schedule

insert into schedule (id, idDoctor, FirstShiftStart, FirstShiftEnd, SecondShiftStart, SecondShiftEnd, ThirdShiftStart, ThirdShiftEnd, SpecificDay, Status) values 
('5', '235523486', '07:15:00', '10:45:00', '13:30:00', '17:00:00', '18:30:00', '21:30:00', NULL, '0'),
('6', '235523487', '07:15:00', '10:30:00', '13:00:00', '16:15:00', '18:30:00', '21:00:00', NULL, '0'),
('7', '235523488', '07:45:00', '10:45:00', '13:30:00', '16:30:00', '18:15:00', '21:30:00', NULL, '0'),
('8', '235523485', '07:00:00', '10:45:00', '13:15:00', '16:45:00', '18:15:00', '22:00:00', NULL, '0'),
('9', '235523521', '07:00:00', '10:30:00', '13:30:00', '17:00:00', NULL, NULL, NULL, '0'),
('10', '235523522', '08:00:00', '11:00:00', '13:15:00', '16:45:00', NULL, NULL, NULL, '0'),
('11', '235523523', '07:30:00', '11:00:00', NULL, NULL, '18:15:00', '21:15:00', NULL, '0'),
('12', '235523524', '07:30:00', '11:00:00', '13:45:00', '17:00:00', NULL, NULL, NULL, '0'),
('13', '235523525', NULL, NULL, '13:30:00', '17:00:00', '18:30:00', '22:00:00', NULL, '0'),
('14', '235523526', '07:30:00', '11:00:00', '14:00:00', '17:00:00', '18:30:00', '22:00:00', NULL, '0'),
('15', '235523527', '07:00:00', '10:45:00', '13:45:00', '17:00:00', NULL, NULL, NULL, '0'),
('16', '235523528', '07:30:00', '11:00:00', '13:15:00', '17:00:00', '18:30:00', '21:15:00', NULL, '0'),
('17', '235523529', '07:15:00', '10:45:00', '14:15:00', '17:00:00', '18:15:00', '21:30:00', NULL, '0'),
('18', '235523530', '07:30:00', '11:00:00', '13:15:00', '16:45:00', '18:30:00', '21:45:00', NULL, '0'),
('19', '235523531', '07:15:00', '11:00:00', '13:30:00', '17:00:00', '18:15:00', '21:45:00', NULL, '0'),
('20', '235523532', '07:15:00', '10:45:00', '13:15:00', '17:00:00', '18:00:00', '21:45:00', NULL, '0'),
('21', '235523533', '07:00:00', '10:00:00', '13:30:00', '16:30:00', '18:15:00', '21:15:00', NULL, '0'),
('22', '235523534', '07:30:00', '10:45:00', '14:00:00', '17:00:00', NULL, NULL, NULL, '0'),
('23', '235523535', '07:30:00', '10:45:00', '13:30:00', '17:00:00', NULL, NULL, NULL, '0'),
('24', '235523536', '07:15:00', '10:15:00', '14:00:00', '17:00:00', NULL, NULL, NULL, '0'),
('26', '235523538', '07:30:00', '10:45:00', '13:30:00', '16:30:00', '18:30:00', '21:30:00', NULL, '0');



create table notification(
id int not null primary key AUTO_INCREMENT,
idAccount int not null CHECK (idAccount !=""),
Notification text(500),
Type varchar(100),
NotiTime datetime default now(),
Status int default 0, -- 0 chưa đọc, 1 đọc rồi
foreign key (idAccount) references account(id)
); -- drop table notification
insert into notification (id, idAccount, Notification, Type, NotiTime, Status) values
('432', '235523524', 'Bệnh nhân Lê Minh Tâm đã đánh giá 5 sao cho bạn!', '/doctor/appointment', '2024-07-12 10:03:59', '0'),
('433', '235523534', 'Bệnh nhân Lê Minh Tâm đã đánh giá 4 sao cho bạn!', '/doctor/appointment', '2024-07-12 10:04:16', '0'),
('434', '235523533', 'Bệnh nhân Lê Minh Tâm đã đánh giá 4 sao cho bạn!', '/doctor/appointment', '2024-07-12 10:04:58', '0'),
('435', '235523530', 'Bệnh nhân Nguyễn Ngọc Anh đã đánh giá 3 sao cho bạn!', '/doctor/appointment', '2024-07-12 10:05:28', '0'),
('436', '235523523', 'Bệnh nhân Nguyễn Ngọc Anh đã đánh giá 5 sao cho bạn!', '/doctor/appointment', '2024-07-12 10:05:42', '0'),
('437', '235523530', 'Bệnh nhân Nguyễn Ngọc Anh đã đánh giá 5 sao cho bạn!', '/doctor/appointment', '2024-07-12 10:06:07', '0'),
('438', '235523522', 'Bệnh nhân Nguyễn Ngọc Anh đã đánh giá 3 sao cho bạn!', '/doctor/appointment', '2024-07-12 10:06:12', '0'),
('439', '235523524', 'Bệnh nhân Nguyễn Ngọc Anh đã đánh giá 3 sao cho bạn!', '/doctor/appointment', '2024-07-12 10:06:20', '0'),
('440', '235523521', 'Bệnh nhân Nguyễn Ngọc Anh đã đánh giá 4 sao cho bạn!', '/doctor/appointment', '2024-07-12 10:06:46', '0'),
('441', '235523526', 'Bệnh nhân Nguyễn Ngọc Anh đã đánh giá 5 sao cho bạn!', '/doctor/appointment', '2024-07-12 10:06:50', '0'),
('442', '235523528', 'Bệnh nhân Nguyễn Ngọc Anh đã đánh giá 3 sao cho bạn!', '/doctor/appointment', '2024-07-12 10:06:54', '0'),
('443', '235523525', 'Bệnh nhân Lê Trung Đan đã đánh giá 4 sao cho bạn!', '/doctor/appointment', '2024-07-12 10:08:04', '0'),
('444', '235523530', 'Bệnh nhân Lê Trung Đan đã đánh giá 3 sao cho bạn!', '/doctor/appointment', '2024-07-12 10:08:21', '0'),
('445', '235523532', 'Bệnh nhân Lê Trung Đan đã đánh giá 4 sao cho bạn!', '/doctor/appointment', '2024-07-12 10:08:26', '0'),
('446', '235523522', 'Bệnh nhân Lê Trung Đan đã đánh giá 4 sao cho bạn!', '/doctor/appointment', '2024-07-12 10:08:34', '0'),
('447', '235523524', 'Bệnh nhân Lê Trung Đan đã đánh giá 4 sao cho bạn!', '/doctor/appointment', '2024-07-12 10:08:38', '0'),
('448', '235523521', 'Bệnh nhân Lê Trung Đan đã đánh giá 4 sao cho bạn!', '/doctor/appointment', '2024-07-12 10:08:43', '0'),
('449', '235523526', 'Bệnh nhân Lê Trung Đan đã đánh giá 5 sao cho bạn!', '/doctor/appointment', '2024-07-12 10:08:49', '0'),
('450', '235523529', 'Bệnh nhân Lý Thanh Quý đã đánh giá 5 sao cho bạn!', '/doctor/appointment', '2024-07-12 10:09:14', '0'),
('451', '235523538', 'Bệnh nhân Lý Thanh Quý đã đánh giá 3 sao cho bạn!', '/doctor/appointment', '2024-07-12 10:09:18', '0'),
('452', '235523538', 'Bệnh nhân Lý Thanh Quý đã chỉnh sửa đánh giá cuộc hẹn vừa qua thành 4 sao!', '/doctor/appointment', '2024-07-12 10:09:25', '0'),
('453', '235523523', 'Bệnh nhân Lý Thanh Quý đã đánh giá 5 sao cho bạn!', '/doctor/appointment', '2024-07-12 10:09:33', '0'),
('454', '235523528', 'Bệnh nhân Lý Thanh Quý đã đánh giá 4 sao cho bạn!', '/doctor/appointment', '2024-07-12 10:09:52', '0'),
('455', '235523534', 'Bệnh nhân Lý Thanh Quý đã đánh giá 5 sao cho bạn!', '/doctor/appointment', '2024-07-12 10:09:58', '0'),
('456', '235523535', 'Bệnh nhân Lý Thanh Quý đã đánh giá 4 sao cho bạn!', '/doctor/appointment', '2024-07-12 10:10:04', '0'),
('457', '235523524', 'Bệnh nhân Lý Thanh Quý đã đánh giá 5 sao cho bạn!', '/doctor/appointment', '2024-07-12 10:10:11', '0'),
('458', '235523527', 'Bệnh nhân Lý Thanh Quý đã đánh giá 5 sao cho bạn!', '/doctor/appointment', '2024-07-12 10:10:16', '0'),
('459', '235523527', 'Bệnh nhân Lý Thanh Quý đã đánh giá 4 sao cho bạn!', '/doctor/appointment', '2024-07-12 10:10:24', '0'),
('460', '235523530', 'Bệnh nhân Lý Thanh Quý đã đánh giá 5 sao cho bạn!', '/doctor/appointment', '2024-07-12 10:10:32', '0'),
('461', '235523536', 'Bệnh nhân Lý Thanh Quý đã đánh giá 4 sao cho bạn!', '/doctor/appointment', '2024-07-12 10:10:37', '0'),
('462', '235523533', 'Bệnh nhân Lý Thanh Quý đã đánh giá 5 sao cho bạn!', '/doctor/appointment', '2024-07-12 10:10:42', '0'),
('526', '235523515', 'Cuộc hẹn của bạn đã hoàn thành!', '/patient/appointment', '2024-07-12 10:56:09', '1'),
('527', '235523519', 'Cuộc hẹn của bạn đã hoàn thành!', '/patient/appointment', '2024-07-12 10:56:09', '1'),
('528', '235523486', 'Bệnh nhân Trần Văn Đạt đã đánh giá 5 sao cho bạn!', '/doctor/appointment', '2024-07-12 11:07:17', '0'),
('529', '235523531', 'Bệnh nhân Trần Văn Đạt đã đánh giá 5 sao cho bạn!', '/doctor/appointment', '2024-07-12 11:07:23', '0'),
('530', '235523488', 'Bệnh nhân Trần Văn Đạt đã đánh giá 4 sao cho bạn!', '/doctor/appointment', '2024-07-12 11:07:31', '0'),
('531', '235523487', 'Bệnh nhân Trần Văn Đạt đã đánh giá 5 sao cho bạn!', '/doctor/appointment', '2024-07-12 11:07:47', '0'),
('532', '235523487', 'Bệnh nhân Quoc Anh đã đánh giá 5 sao cho bạn!', '/doctor/appointment', '2024-07-12 11:14:44', '0'),
('533', '235523488', 'Bệnh nhân Quoc Anh đã đánh giá 5 sao cho bạn!', '/doctor/appointment', '2024-07-12 11:14:48', '0'),
('534', '235523531', 'Bệnh nhân Quoc Anh đã đánh giá 5 sao cho bạn!', '/doctor/appointment', '2024-07-12 11:14:51', '0'),
('535', '235523486', 'Bệnh nhân Quoc Anh đã đánh giá 5 sao cho bạn!', '/doctor/appointment', '2024-07-12 11:14:55', '0'),
('536', '235523489', 'Cuộc hẹn của bạn đã được bác sĩ chấp nhận!', '/patient/appointment', '2024-07-12 11:17:31', '0'),
('537', '235523489', 'Cuộc hẹn của bạn đã hoàn thành!', '/patient/appointment', '2024-07-12 11:17:32', '0'),
('538', '235523489', 'Cuộc hẹn của bạn đã được bác sĩ chấp nhận!', '/patient/appointment', '2024-07-12 11:18:01', '0'),
('539', '235523489', 'Cuộc hẹn của bạn đã hoàn thành!', '/patient/appointment', '2024-07-12 11:18:02', '0'),
('540', '235523485', 'Nguyễn Văn Giàu vừa bình luận vào bài viết của bạn: Bài viết rất hay', '/blog/89', '2024-07-12 11:18:55', '0'),
('541', '235523485', 'Trần Văn Đạt vừa bình luận vào bài viết của bạn: Bài viết rất hay', '/blog/89', '2024-07-12 11:19:35', '0'),
('542', '235523514', 'Trần Văn Đạt đã thích bình luận của bạn!', '/blog/89', '2024-07-12 11:19:39', '0');


create table comment(
id int not null primary key AUTO_INCREMENT,
idAccount int not null,
idPost int not null ,
Cmt text(500),
CmtTime datetime,
Love int default 0,
Status int default 0, -- 0 chưa chỉnh sửa, 1 đã chỉnh sửa
foreign key (idAccount) references account(id),
foreign key (idPost) references post(id)
); -- drop table comment
insert into comment (id, idAccount, idPost, Cmt, CmtTime, Love, Status) values
('4', '235523508', '1', 'Bài viết quá hay', '2024-06-17 01:00:56', '2', '0'),
('7', '235523489', '2', 'Bài viết rất thiết thực, hay ', '2024-07-08 01:46:27', '1', '1'),
('8', '235523489', '20', 'hjx', '2024-07-11 07:29:45', '0', '0'),
('11', '235523514', '89', 'cái này được thử đường miễn phí nè, mọi người làm thử xem có nguy cơ mắc tiểu đường type 2 không nha', '2024-07-12 00:23:12', '1', '0'),
('12', '235523514', '2', 'Bài viết rất bổ ích\n', '2024-07-12 00:45:12', '0', '0'),
('14', '235523515', '89', 'Bài viết rất hay', '2024-07-12 11:19:35', '0', '0');


create table replycomment(
id int not null primary key AUTO_INCREMENT,
idAccount int not null,
idComment int not null,
Cmt text(1000),
CmtTime datetime,
Love int default 0,
Status int default 0, -- 0 chưa chỉnh sửa, 1 đã chỉnh sửa
foreign key (idAccount) references account(id),
foreign key (idComment) references comment(id)
); -- drop table replycomment
insert into replycomment (id, idAccount, idComment, Cmt, CmtTime, Love, Status) values
('3', '235523489', '4', 'bạn nói chí phải', '2024-07-08 01:52:34', '1', '0');

create table lovecomment(
id int not null primary key AUTO_INCREMENT,
idAccount int not null,
idComment int,
idReplycomment int,
idPost int,
Status int default 0,   -- Status = 0 comment, Status = 1 replyCMT
foreign key (idAccount) references account(id),
foreign key (idComment) references comment(id),
foreign key (idReplycomment) references replycomment(id)
); -- drop table lovecomment
insert into lovecomment (id, idAccount, idComment, idReplycomment, idPost, Status) values
('1', '235523484', '4', NULL, '1', '0'),
('2', '235523489', '4', NULL, '1', '0'),
('9', '235523489', NULL, '3', '1', '1'),
('10', '235523514', '7', NULL, '2', '0'),
('11', '235523515', '11', NULL, '89', '0');


create table ratedoctor(
id int not null primary key AUTO_INCREMENT,
idAppointment int not null unique, 
Star int,
Comment text(1000),
foreign key (idAppointment) references appointment(id)
); -- drop table ratedoctor
insert into ratedoctor (id, idAppointment, Star, Comment) values 
('2', '5', '4', 'Bác sĩ nói hơi khó nghe'),
('3', '6', '5', 'Bác sĩ có tâm'),
('4', '7', '4', 'Bác sĩ chăm sóc rất tốt'),
('6', '8', '3', 'quá tuyệt vời okela'),
('7', '9', '4', 'Bác sĩ rất chuyên nghiệp'),
('8', '18', '4', 'Điều dưỡng chăm sóc rất chu đáo'),
('9', '20', '5', 'Bác sĩ rất có tâm'),
('10', '19', '5', 'Bác sĩ rất chuyên nghiệp'),
('11', '17', '2', 'Bác sĩ đến quá muộn'),
('12', '16', '4', 'Bác sĩ chu đáo'),
('13', '21', '5', 'Bác sĩ tư vấn rất kĩ lưỡng'),
('14', '23', '5', 'Bác sĩ làm rất cẩn thận'),
('15', '24', '4', 'Dịch vụ rất tốt'),
('16', '22', '5', '10/10'),
('17', '27', '5', 'Bác sĩ rất chuyên nghiệp'),
('18', '28', '4', 'Bác sĩ có tâm'),
('19', '29', '5', 'Bác sĩ làm rất nhẹ nhàng'),
('20', '30', '5', 'Điều dưỡng chăm sóc rất kĩ'),
('21', '26', '4', 'dịch vụ rất tốt'),
('22', '25', '4', 'Sẽ gắn bó với bác sĩ lâu dài'),
('23', '32', '3', ''),
('24', '34', '5', ''),
('25', '37', '5', 'Bác sĩ rất chu đáo'),
('26', '31', '3', ''),
('27', '38', '3', ''),
('28', '36', '4', ''),
('29', '35', '5', ''),
('30', '33', '3', ''),
('31', '42', '4', 'Tôi cảm thấy đỡ hơn nhiều sau khi bác sĩ thăm khám'),
('32', '44', '3', ''),
('33', '46', '4', ''),
('34', '40', '4', ''),
('35', '41', '4', ''),
('36', '39', '4', ''),
('37', '43', '5', ''),
('38', '50', '5', ''),
('39', '51', '4', ''),
('40', '49', '5', ''),
('41', '52', '4', 'Bác sĩ có tâm'),
('42', '57', '5', ''),
('43', '55', '4', ''),
('44', '54', '5', ''),
('45', '47', '5', ''),
('47', '56', '4', ''),
('48', '48', '5', ''),
('49', '58', '4', ''),
('50', '53', '5', ''),
('51', '64', '5', ''),
('52', '61', '4', ''),
('53', '63', '5', ''),
('54', '66', '4', ''),
('55', '60', '4', ''),
('56', '65', '5', ''),
('57', '59', '4', ''),
('58', '62', '3', ''),
('59', '78', '5', ''),
('60', '81', '5', ''),
('61', '80', '4', ''),
('62', '79', '5', ''),
('63', '69', '5', ''),
('64', '68', '5', ''),
('65', '72', '5', ''),
('66', '67', '5', '');


create table appointmentnote( 
id int not null primary key AUTO_INCREMENT,
idAppointment int not null unique, 
Advice text(1000),
ReExaminationDate datetime,
Price double,
Status int default 0, -- 0 là bệnh nhân chưa đồng ý, 1 là đã đồng ý, 2 là từ chối
foreign key (idAppointment) references appointment(id)
); -- drop table appointmentnote
insert into appointmentnote (id, idAppointment, Advice, ReExaminationDate, Price, Status) values
('10', '8', 'Hạn chế sử dụng máy tính, điện thoại,...', '2024-06-28 10:15:00', '300000', '2'),
('14', '9', 'Dùng thuốc nhỏ mắt thường xuyên', '2024-06-30 18:30:00', '300000', '2'),
('15', '5', 'Ngủ đủ giấc', NULL, NULL, '0'),
('16', '7', 'Ngủ đủ giấc', NULL, NULL, '0'),
('17', '17', 'Kết quả âm tính', NULL, NULL, '0'),
('18', '60', 'Chú ý giữ vệ sinh vết thương', NULL, NULL, '0'),
('19', '28', 'Sức khỏe đã có tiến triển', NULL, NULL, '0'),
('20', '19', 'Dành nhiều thời gian nghỉ ngơi hơn, hạn chế làm việc quá sức', NULL, NULL, '0'),
('21', '67', 'Tập thể dục thường xuyên để cải thiện sức khỏe nhé', NULL, NULL, '0');


create table medicalrecord( 
id int not null primary key AUTO_INCREMENT,
idAppointment int not null unique, 
Record text(1000),
IllnessDate date,
Note text(1000),
foreign key (idAppointment) references appointment(id)
); -- drop table medicalrecord 
insert into medicalrecord (id, idAppointment, Record, IllnessDate, Note) values
('3', '9', 'Viêm giác mạc', '2024-06-29', 'Mắt thường xuyên ngứa rát, vùng giác mạc bị đỏ, thị lực giảm.'),
('4', '8', 'test', '2024-06-29', 'test');

-- ------------------------------------------------------------------------------------------------------
DELIMITER $$
CREATE TRIGGER before_insert_notification
BEFORE INSERT ON notification
FOR EACH ROW
BEGIN
   SET NEW.NotiTime = DATE_ADD(NOW(), INTERVAL 7 HOUR);
END;
$$

delimiter $$
CREATE TRIGGER TG_DELETE_APPOINTMENT before DELETE ON appointment FOR EACH ROW 
BEGIN
    DELETE FROM ratedoctor
    WHERE idAppointment = old.id;
    DELETE FROM appointmentnote
    WHERE idAppointment = old.id;
END$$ -- drop TRIGGER TG_DELETE_APPOINTMENT    

delimiter $$
CREATE TRIGGER TG_DELETE_ACCOUNT before DELETE ON account FOR EACH ROW 
BEGIN
    if old.Authorization = 2
    then
		DELETE FROM infordoctor
		WHERE idAccount = old.id;
		DELETE FROM post
		WHERE idAuthor = old.id;
		DELETE From schedule 
		where idDoctor = old.id;
		DELETE From servicedoctor 
		where idDoctor = old.id;
    end if;
    DELETE FROM appointment
    WHERE idPatient = old.id or idDoctor = old.id;
    DELETE FROM notification
    WHERE idAccount = old.id;
    DELETE FROM lovecomment
    WHERE idAccount = old.id;
    DELETE FROM comment
    WHERE idAccount = old.id;
    DELETE FROM replycomment
    WHERE idAccount = old.id;
  
END$$ -- drop TRIGGER TG_DELETE_ACCOUNT   

delimiter $$
CREATE TRIGGER TG_INSERT_ACCOUNT_DOCTOR AFTER INSERT ON account FOR EACH ROW 
BEGIN
	if (new.Authorization = 2)
    then
    insert into schedule (idDoctor, Status) values 
	(new.id, 0);
    insert into infordoctor (idAccount) value (new.id);
    insert into notification (idAccount, Notification, Type) values  
	(new.id, "Thiết Lập thông tin cá nhân của bạn để kết nối với bệnh nhân!", "/doctor/profile");
    end if;
END$$ -- drop trigger TG_INSERT_ACCOUNT_DOCTOR

delimiter $$
CREATE TRIGGER TG_INSERT_ACCOUNT_PATIENT AFTER INSERT ON account FOR EACH ROW 
BEGIN
	if (new.Authorization = 1)
    then
    insert into notification (idAccount, Notification, Type) values  
	(new.id, "Thiết Lập thông tin cá nhân của bạn để đặt lịch khám và khám phá nhiều tính năng hơn trên Doctor Comming!", "/patient/profile");
		if new.PassWord = "Default Password"
		then 
		insert into notification (idAccount, Notification, Type) values  
		(new.id, "Bạn vừa đăng nhập bằng Tài Khoản Google, vui lòng kiểm tra Email để thiết lập mật khẩu mới cho Tài khoản của bạn!", "Email");
		end if;
    end if;
END$$ -- drop trigger TG_INSERT_ACCOUNT_PATIENT

delimiter $$
CREATE TRIGGER TG_UPDATE_PASSWORD AFTER UPDATE ON account FOR EACH ROW 
BEGIN
	if (new.PassWord != old.PassWord)
    then
    insert into notification (idAccount, Notification, Type) values  
	(new.id, "Bạn đã thay đổi mật khẩu cho tài khoản Doccoming!", "None");
    end if;
END$$ -- drop trigger TG_UPDATE_PASSWORD

delimiter $$
CREATE TRIGGER TG_INSERT_APPOINTMENTNOTE AFTER INSERT ON appointmentnote FOR EACH ROW 
BEGIN
    DECLARE Notification varchar(200);
    DECLARE idP int;
    set Notification = CONCAT("Bác sĩ ", (select FullNameDoctor from InforAppointment where id = new.idAppointment), " đã gửi cho bạn một ghi chú sau lần hẹn khám vừa qua!");
    set idP = (select idPatient from appointment where id = new.idAppointment);
    insert into notification (idAccount, Notification, Type) values  
	(idP, Notification, "/patient/appointment");
END$$ -- drop trigger TG_INSERT_APPOINTMENTNOTE	

delimiter $$
CREATE TRIGGER TG_UPDATE_APPOINTMENTNOTE AFTER UPDATE ON appointmentnote FOR EACH ROW 
BEGIN
    DECLARE Notification varchar(200);
    DECLARE idA int;
	
    if (new.Status = 1 and old.Status = 0)
    then
    set Notification = CONCAT("Bệnh nhân ", (select FullNamePatient from InforAppointment where id = new.idAppointment), " đã đồng ý đặt lịch hẹn tái khám!");
    set idA = (select idDoctor from appointment where id = new.idAppointment);
    insert into notification (idAccount, Notification, Type) values  
	(idA, Notification, "/doctor/appointment");
    
    elseif (new.Status = 2)
    then
    set Notification = CONCAT("Bệnh nhân ", (select FullNamePatient from InforAppointment where id = new.idAppointment), " đã từ chối đặt lịch hẹn tái khám!");
    set idA = (select idDoctor from appointment where id = new.idAppointment);
    insert into notification (idAccount, Notification, Type) values  
	(idA, Notification, "/doctor/appointment");
    
    elseif (new.ReExaminationDate = old.ReExaminationDate and new.Price = old.Price)
    then
    set Notification = CONCAT("Bác sĩ ", (select FullNameDoctor from InforAppointment where id = new.idAppointment), " đã chỉnh sửa ghi chú!");
    set idA = (select idPatient from appointment where id = new.idAppointment);
    insert into notification (idAccount, Notification, Type) values  
	(idA, Notification, "/patient/appointment");
    
    elseif (new.Advice = old.Advice)
    then
    set Notification = CONCAT("Bác sĩ ", (select FullNameDoctor from InforAppointment where id = new.idAppointment), " đã chỉnh sửa thông tin tái khám!");
    set idA = (select idPatient from appointment where id = new.idAppointment);
    insert into notification (idAccount, Notification, Type) values  
	(idA, Notification, "/patient/appointment");
    end if;
    
END$$ -- drop trigger TG_UPDATE_APPOINTMENTNOTE	

delimiter $$
CREATE TRIGGER TG_INSERT_MEDICALRECORD AFTER INSERT ON medicalrecord FOR EACH ROW 
BEGIN
    DECLARE Notification varchar(200);
	DECLARE idA int;
    set Notification = CONCAT("Bác sĩ ", (select FullNameDoctor from InforAppointment where id = new.idAppointment), " đã thêm dữ liệu vào lịch sử bệnh án của bạn!");
    set idA = (select idPatient from appointment where id = new.idAppointment);
    insert into notification (idAccount, Notification, Type) values  
	(idA, Notification, "/patient/health-record");
END$$ -- drop trigger TG_INSERT_MEDICALRECORD	

delimiter $$
CREATE TRIGGER TG_UPDATE_MEDICALRECORD AFTER UPDATE ON medicalrecord FOR EACH ROW 
BEGIN
    DECLARE Notification varchar(200);
    DECLARE idA int;
    set Notification = CONCAT("Bác sĩ ", (select FullNameDoctor from InforAppointment where id = new.idAppointment), " đã chỉnh sửa lịch sử bệnh án của bạn!");
	set idA = (select idPatient from appointment where id = new.idAppointment);
    insert into notification (idAccount, Notification, Type) values  
	(idA, Notification, "/patient/health-record");
END$$ -- drop trigger TG_UPDATE_MEDICALRECORD	

delimiter $$
CREATE TRIGGER TG_CHECK_EMAIL BEFORE INSERT ON account FOR EACH ROW 
BEGIN
    DECLARE Count int default 0;
    SET Count = (SELECT COUNT(*) FROM account WHERE Email = new.Email);
    IF Count > 0
    THEN SIGNAL sqlstate '45001' set message_text = "Email đã được dùng để đăng kí tài khoản!";
    END IF;
END$$

delimiter $$
CREATE TRIGGER TG_CHECK_LOVE_CMT BEFORE INSERT ON lovecomment FOR EACH ROW 
BEGIN
    DECLARE Count int default 0;
    DECLARE Notification varchar(200);
	DECLARE idA int;
    DECLARE Type varchar(70);
    set Notification = CONCAT((select CONCAT(FirstName, " ", LastName) from account where id = new.idAccount), " đã thích bình luận của bạn!");
	set Type = CONCAT("/blog/", new.idPost);
    
    SET Count = (SELECT COUNT(*) FROM lovecomment WHERE idAccount = new.idAccount and (idComment = new.idComment or idReplycomment = new.idReplycomment));
    IF Count > 0
    THEN SIGNAL sqlstate '45001' set message_text = "Bạn đã thích bình luận này !";
    ELSEIF new.Status = 0
    THEN
    update comment set Love = Love + 1 where id = new.idComment; 
    set idA = (select idAccount from comment where id = new.idComment);
    insert into notification (idAccount, Notification, Type) values  
	(idA, Notification, Type);
    ELSE
    update replycomment set Love = Love + 1 where id = new.idReplycomment;
    set idA = (select idAccount from replycomment where id = new.idReplycomment);
    insert into notification (idAccount, Notification, Type) values  
	(idA, Notification, Type);
    END IF;
END$$ -- drop trigger TG_CHECK_LOVE_CMT

delimiter $$
CREATE TRIGGER TG_INSERT_COMMENT AFTER INSERT ON comment FOR EACH ROW 
BEGIN
    DECLARE Notification varchar(200);
	DECLARE idA int;
    DECLARE Type varchar(70);
	set Type = CONCAT("/blog/", new.idPost);
    set Notification = CONCAT((select CONCAT(FirstName, " ", LastName) from account where id = new.idAccount), " vừa bình luận vào bài viết của bạn: ", new.Cmt);
    set idA = (select idAuthor from post where id = new.idPost);
    insert into notification (idAccount, Notification, Type) values  
	(idA, Notification, Type);
END$$ -- drop trigger TG_INSERT_COMMENT	

delimiter $$
CREATE TRIGGER TG_INSERT_REPLYCOMMENT AFTER INSERT ON replycomment FOR EACH ROW 
BEGIN
    DECLARE Notification varchar(200);
	DECLARE idA int;
    DECLARE Type varchar(70);
    set Notification = CONCAT((select CONCAT(FirstName, " ", LastName) from account where id = new.idAccount), " vừa trả lời bình luận của bạn: ", new.Cmt);
    set idA = (select idAccount from comment where id = new.idComment);
	set Type = CONCAT("/blog/", (select idPost from comment where id = new.idComment));
    
    insert into notification (idAccount, Notification, Type) values  
	(idA, Notification, Type);
END$$ -- drop trigger TG_INSERT_REPLYCOMMENT	

delimiter $$
CREATE TRIGGER TG_DEL_REP_CMT BEFORE Delete ON replycomment FOR EACH ROW 
BEGIN
    delete from lovecomment where idReplycomment = old.id;
  
END$$ -- drop trigger TG_DEL_CMT

delimiter $$
CREATE TRIGGER TG_DEL_CMT BEFORE Delete ON comment FOR EACH ROW 
BEGIN
    delete from lovecomment where idComment = old.id;
    delete from replycomment where idComment = old.id;
END$$ -- drop trigger TG_DEL_REP_CMT

delimiter $$
CREATE TRIGGER TG_INSERT_RATE_DOCTOR AFTER INSERT ON ratedoctor FOR EACH ROW 
BEGIN
	DECLARE Notification varchar(200);
    DECLARE idA int;
	
    set Notification = CONCAT("Bệnh nhân ", (select FullNamePatient from InforAppointment where id = new.idAppointment), " đã đánh giá ", new.Star, " sao cho bạn!");
    set idA = (select idDoctor from appointment where id = new.idAppointment);
    insert into notification (idAccount, Notification, Type) values  
	(idA, Notification, "/doctor/appointment");
END$$ -- drop trigger TG_INSERT_RATE_DOCTOR

delimiter $$
CREATE TRIGGER TG_UPDATE_RATE_DOCTOR AFTER UPDATE ON ratedoctor FOR EACH ROW 
BEGIN
	DECLARE Notification varchar(200);
    DECLARE idA int;
	
    set Notification = CONCAT("Bệnh nhân ", (select FullNamePatient from InforAppointment where id = new.idAppointment), " đã chỉnh sửa đánh giá cuộc hẹn vừa qua thành ", new.Star, " sao!");
    set idA = (select idDoctor from appointment where id = new.idAppointment);
    insert into notification (idAccount, Notification, Type) values  
	(idA, Notification, "/doctor/appointment");
END$$ -- drop trigger TG_UPDATE_RATE_DOCTOR

delimiter $$
CREATE TRIGGER TG_INSERT_APPOINTMENT AFTER INSERT ON appointment FOR EACH ROW 
BEGIN
    insert into notification (idAccount, Notification, Type) values 
	(new.idPatient, "Bạn đã đặt lịch hẹn khám thành công, vui lòng đợi bác sĩ chấp nhận cuộc hẹn này", "/patient/appointment"),
    (new.idDoctor, "Bạn có một cuộc hẹn mới! Nhanh chóng chấp nhận cuộc hẹn này nào!", "/doctor/appointment");
END$$ -- drop trigger TG_INSERT_APPOINTMENT

delimiter $$
CREATE TRIGGER TG_UPDATE_APPOINTMENT_STATUS AFTER UPDATE ON appointment FOR EACH ROW 
BEGIN
	DECLARE idA int;
	if (new.Status = 1 and  old.Status = 4)
    then
    insert into notification (idAccount, Notification, Type) values 
	(new.idPatient, "Cuộc hẹn của bạn đã được bác sĩ chấp nhận!", "/patient/appointment");
    elseif (new.Status = 2 and  old.Status = 1)
    then
    insert into notification (idAccount, Notification, Type) values 
	(new.idPatient, "Cuộc hẹn của bạn đã hoàn thành!", "/patient/appointment");
    end if;
END$$ -- drop trigger TG_UPDATE_APPOINTMENT_STATUS

delimiter $$
CREATE TRIGGER TG_INSERT_POST AFTER INSERT ON post FOR EACH ROW 
BEGIN
	if (new.idAuthor != 235523484)
    then
    insert into notification (idAccount, Notification, Type) values 
    (235523484, CONCAT('Có một bài viết mới cần kiểm duyệt: ', new.Title), "/admin/manage-post");
    end if;
END$$ -- drop trigger TG_INSERT_POST

delimiter $$
CREATE TRIGGER TG_UPDATE_POST_STATUS AFTER UPDATE ON post FOR EACH ROW 
BEGIN

    DECLARE tle nvarchar(500);
    
    SET tle = (SELECT Title FROM post WHERE id = new.id);
	if (new.Status = 1 and  old.Status = 0)
    then
    insert into notification (idAccount, Notification, Type) values 
	(new.idAuthor, "Bài viết của bạn đã được Admin chấp nhận. Mau đến xem nào!", CONCAT("/blog/", new.id));
    elseif (new.Status = 2 and  old.Status = 1 and new.idAuthor != 235523484)
    then
    insert into notification (idAccount, Notification, Type) values 
	(new.idAuthor, CONCAT("Bài viết ", tle, " của bạn đã bị Admin ẩn khỏi hệ thống!"), "None");
    elseif (new.Status = 1 and  old.Status = 2 and new.idAuthor != 235523484)
    then
    insert into notification (idAccount, Notification, Type) values 
	(new.idAuthor, CONCAT("Bài viết ", tle, " của bạn đã được Admin khôi phục và hiển thị lại trên hệ thống!"), CONCAT("/blog/", new.id));
    end if;
END$$ -- drop trigger TG_UPDATE_POST_STATUS use doccoming

--------------------------------
delimiter $$
CREATE VIEW AllPost AS
select pacs.id, pacs.FeaturedImage, pacs.Title, pacs.Brief, pacs.Content, pacs.DatePost, pacs.idAuthor, pacs.FirstName, pacs.LastName, pacs.Avt, pacs.idCategories, pacs.Categories,
 pacs.idSimilar, pacs.Similar, pacs.idMajor, m.Major, pacs.idClassify, pacs.Classify, pacs.Status
from
(SELECT p.id, p.FeaturedImage, p.Title, p.Brief, p.Content, p.DatePost, a.id as idAuthor, a.FirstName, a.LastName, a.Avt, p.idCategories, c.Categories, p.idSimilar, s.Similar, p.idMajor,
 p.idClassify, cp.Classify, p.Status
FROM post p, account a, categories c, similarcategories s, classifypost cp
WHERE p.idAuthor = a.id and p.idCategories = c.id and p.idSimilar = s.id and p.idClassify = cp.id) as pacs
left join major m
on pacs.idMajor = m.id
order by pacs.DatePost desc
$$ -- drop view AllPost --  select * from AllPost
 
delimiter $$
CREATE VIEW AvailablePost AS
select pacs.id, pacs.FeaturedImage, pacs.Title, pacs.Brief, pacs.Content, pacs.DatePost, pacs.idAuthor, pacs.FirstName, pacs.LastName, pacs.Avt, pacs.Categories, pacs.Similar,
 pacs.idMajor, m.Major, pacs.idClassify, pacs.Classify
from
(SELECT p.id, p.FeaturedImage, p.Title, p.Brief, p.Content, p.DatePost, a.id as idAuthor, a.FirstName, a.LastName, a.Avt, c.Categories, s.Similar, p.idMajor, p.idClassify, cp.Classify
FROM post p, account a, categories c, similarcategories s, classifypost cp
WHERE p.idAuthor = a.id and p.idCategories = c.id and p.idSimilar = s.id and p.idClassify = cp.id AND p.Status = 1) as pacs
left join major m
on pacs.idMajor = m.id
order by pacs.DatePost desc
$$ -- drop view AvailablePost

delimiter $$
CREATE VIEW AllAccount AS
SELECT ta.id, ta.FirstName, ta.LastName, ta.BirthDate, ta.Gender, ta.Address, ta.Email, ta.Phone, ta.Avt, ta.Role, ta.CreatedAt , dm.Major, dm.Degree, dm.Introduce, dm.Experience, dm.Training
FROM
(SELECT a.id, a.FirstName, a.LastName, a.BirthDate, a.Gender, a.Address, a.Email, a.Phone, a.Avt, t.Role, a.CreatedAt
FROM account a, authorization t
WHERE a.Authorization = t.id) as ta
LEFT JOIN
(SELECT d.idAccount, m.Major, d.Degree, d.Introduce, d.Experience, d.Training
FROM  infordoctor d, major m
WHERE d.idMajor = m.id) as dm
ON ta.id = dm.idAccount where ta.Role != "Admin" order by CreatedAt desc
$$ -- drop view AllAccount

delimiter $$
CREATE VIEW InforAppointment AS
select aac.id, CONCAT(ac.FirstName, " ", ac.LastName) as FullNamePatient, aac.FullNameDoctor
from
(select a.id, CONCAT(acc.FirstName, " ", acc.LastName) as FullNameDoctor, a.idPatient
from appointment a, account acc
where a.idDoctor = acc.id) as aac
left join account ac
on aac.idPatient = ac.id 
$$

delimiter $$
CREATE VIEW AllAppointment AS
SELECT acs.id, acs.idService, acs.Service, acs.idPatient, acs.FullNamePatient, 
acs.GenderPatient, acs.AddressPatient, acs.EmailPatient, acs.PhonePatient, acs.AvtPatient, 
acs.idDoctor, CONCAT(acc.FirstName, " ", acc.LastName) as FullNameDoctor, acc.Gender as GenderDoctor, acc.Email as EmailDoctort, 
acc.Phone as PhoneDoctor, acc.Avt as AvtDoctor,DATE_FORMAT(acs.DateBooking, '%d/%m/%Y') as DateBooking, acs.TimeBooking, acs.Price, acs.Status, acs.Information, ast.Type, r.id as rateid, r.Star, r.Comment, 
apptn.Advice, apptn.ReExaminationDate, apptn.Price as ReExaminationPrice, apptn.Status as NoteStatus,
mr.id as idMedicalRecord, mr.Record, mr.IllnessDate, mr.Note as NoteRecord
From
(SELECT a.id, a.idService, s.Service, a.idPatient, a.idDoctor, CONCAT(ac.FirstName, " ", ac.LastName) as FullNamePatient, 
ac.Gender as GenderPatient, ac.Address as AddressPatient, ac.Email as EmailPatient, ac.Phone as PhonePatient, ac.Avt as AvtPatient, a.DateBooking, a.TimeBooking, a.Price, a.Status, a.Information
FROM appointment a, account ac, service s
where a.idPatient = ac.id and a.idService = s.id) as acs
left join account acc
on acs.idDoctor = acc.id 
left join  appointmentstatus ast
on ast.id = acs.Status 
left join appointmentnote apptn
on apptn.idAppointment = acs.id
left join ratedoctor r
on r.idAppointment = acs.id 
left join medicalrecord mr
on mr.idAppointment = acs.id 
order by acs.DateBooking desc, acs.TimeBooking desc
$$ -- drop view AllAppointment

delimiter $$
CREATE VIEW AllCategory AS
SELECT c.id, c.Categories, c.Image, c.Description, s.id as idSimilar, s.Similar, s.Image as ImageSimilar, s.Description as DescriptionSimilar
FROM categories c 
LEFT JOIN similarcategories s 
on c.id = s.idCategories 
ORDER BY c.id, idsimilar
$$ 

delimiter $$
CREATE VIEW AllDoctor AS
select aim.id, aim.FirstName, aim.LastName, aim.Gender, aim.Avt, aim.Email, aim.Degree, aim.Introduce, aim.idMajor, aim.Major, aim.Experience, aim.Training, ra.Star
FROM
(select a.id, a.FirstName, a.LastName, a.Gender, a.Avt, a.Email, i.Degree, i.Introduce, i.idMajor, m.Major, i.Experience, i.Training 
FROM account a, infordoctor i, major m 
where a.id = i.idAccount 
and m.id = i.idMajor) as aim
left join
(select idDoctor, avg(Star) as Star from ratedoctor r, appointment a where r.idAppointment = a.id group by a.idDoctor) as ra
on aim.id = ra.idDoctor;
$$ -- drop view AllDoctor
 
delimiter $$
CREATE VIEW AllMajorDoctor AS
SELECT *
FROM major
$$
 
delimiter $$
CREATE VIEW getAvgPriceService AS
select s.id, s.Service, avg(sd.Price) as FriceFloor
from servicedoctor sd, service s
where sd.idService = s.id
group by s.id
order by s.id
$$ -- drop VIEW getAvgPriceService    

delimiter $$
CREATE view countAllAppointment as
SELECT  y, m ,  Count(DateBooking)  as TotalApptn 
FROM 
	(SELECT y, m
	FROM
		(SELECT YEAR(CURDATE()) y UNION ALL SELECT YEAR(CURDATE())-1) years,
		(SELECT 1 m UNION ALL SELECT 2 UNION ALL SELECT 3 UNION ALL SELECT 4
		UNION ALL SELECT 5 UNION ALL SELECT 6 UNION ALL SELECT 7 UNION ALL SELECT 8
		UNION ALL SELECT 9 UNION ALL SELECT 10 UNION ALL SELECT 11 UNION ALL SELECT 12) months) ym
	LEFT JOIN  appointment a
	ON ym.y = YEAR(DateBooking) AND ym.m = MONTH(DateBooking)
WHERE (y = YEAR(CURDATE()) AND m <= MONTH(CURDATE())) OR (y < YEAR(CURDATE()) AND m > MONTH(CURDATE()))
GROUP BY y, m
order by y, m;
$$  -- drop view countAllAppointment

delimiter $$
CREATE view countAllPost as
SELECT  y, m , Count(DatePost) as TotalPost
FROM 
	(SELECT y, m 
	FROM 
		(SELECT YEAR(CURDATE()) y UNION ALL SELECT YEAR(CURDATE())-1) years,
		(SELECT 1 m UNION ALL SELECT 2 UNION ALL SELECT 3 UNION ALL SELECT 4
		UNION ALL SELECT 5 UNION ALL SELECT 6 UNION ALL SELECT 7 UNION ALL SELECT 8
		UNION ALL SELECT 9 UNION ALL SELECT 10 UNION ALL SELECT 11 UNION ALL SELECT 12) months) ym
    LEFT JOIN  AllPost 
	ON ym.y = YEAR(DatePost) AND ym.m = MONTH(DatePost)
WHERE (y = YEAR(CURDATE()) AND m <= MONTH(CURDATE())) OR (y < YEAR(CURDATE()) AND m > MONTH(CURDATE()))
GROUP BY y, m
order by y, m;
$$ 

delimiter $$
CREATE view countAllAccount as
SELECT  y, m , Count(CreatedAt) as TotalAcc
FROM 
	(SELECT y, m
	FROM
		(SELECT YEAR(CURDATE()) y UNION ALL SELECT YEAR(CURDATE())-1) years,
		(SELECT 1 m UNION ALL SELECT 2 UNION ALL SELECT 3 UNION ALL SELECT 4
		UNION ALL SELECT 5 UNION ALL SELECT 6 UNION ALL SELECT 7 UNION ALL SELECT 8
		UNION ALL SELECT 9 UNION ALL SELECT 10 UNION ALL SELECT 11 UNION ALL SELECT 12) months) ym
    LEFT JOIN  AllAccount 
	ON ym.y = YEAR(CreatedAt) AND ym.m = MONTH(CreatedAt)
WHERE (y = YEAR(CURDATE()) AND m <= MONTH(CURDATE())) OR (y < YEAR(CURDATE()) AND m > MONTH(CURDATE()))
GROUP BY y, m
order by y, m;
$$ 

delimiter $$
CREATE view countTotal as
select ca.y as year, ca.m as month, ca.TotalApptn, cp.TotalPost, cacc.TotalAcc
From
countAllAppointment ca, countAllPost cp, countAllAccount cacc
where ca.y = cp.y and ca.m = cp.m and cp.y = cacc.y and cp.m = cacc.m
$$ -- drop view countTotal -- select * from countTotal 

 -------------------------------------------------
DELIMITER $$ 
CREATE PROCEDURE UpdateStatusPost (IN idP int)
BEGIN
	
    DECLARE statusP INT;
    SET statusP = (SELECT Status
    FROM post
    WHERE id = idP);
    
	IF statusP = 1
    THEN 
    UPDATE post SET Status = 2
    WHERE id = idP ;
	ELSE
	UPDATE post SET Status = 1
    WHERE id = idP;
    END IF;
END$$

DELIMITER $$ 
CREATE PROCEDURE PostDetailById (IN id int)
BEGIN
    declare Auth INT default 0;
    SET Auth = (select a.Authorization from post p, account a where p.idAuthor = a.id and p.id = id );
    IF (Auth = 2)
    THEN
    SELECT pacis.id, pacis.FeaturedImage, pacis.Title, pacis.Brief, pacis.Content, pacis.DatePost, pacis.idAuthor, pacis.FirstName, pacis.LastName, pacis.Avt, pacis.Degree, pacis.idCategories, 
    pacis.Categories, pacis.idSimilar, pacis.Similar, pacis.idMajor, m.Major, pacis.idClassify, pacis.Classify
    FROM
    (SELECT p.id, p.FeaturedImage, p.Title, p.Brief, p.Content, p.DatePost, a.id as idAuthor, a.FirstName, a.LastName, a.Avt, i.Degree, c.id as idCategories, c.Categories, s.id as idSimilar,
    s.Similar, p.idMajor, p.idClassify, cp.Classify
    FROM post p, account a, categories c, infordoctor i, similarcategories s, classifypost cp
    WHERE p.idAuthor = a.id and p.idCategories = c.id and a.id = i.idAccount and p.idSimilar = s.id and p.idClassify = cp.id and p.id = id AND p.Status = 1) as pacis
    left join major m
    on pacis.idMajor = m.id ;
    else
    SELECT pacs.id, pacs.FeaturedImage, pacs.Title, pacs.Brief, pacs.Content, pacs.DatePost, pacs.idAuthor, pacs.FirstName, pacs.LastName, pacs.Avt, pacs.idCategories, 
    pacs.Categories, pacs.idSimilar, pacs.Similar, pacs.idMajor, m.Major, pacs.idClassify, pacs.Classify
    FROM
    (SELECT p.id, p.FeaturedImage, p.Title, p.Brief, p.Content, p.DatePost, a.id as idAuthor, a.FirstName, a.LastName, a.Avt, c.id as idCategories, c.Categories, s.id as idSimilar, s.Similar,
    p.idMajor, p.idClassify, cp.Classify
    FROM post p, account a, categories c, similarcategories s, classifypost cp
    WHERE p.idAuthor = a.id and p.idCategories = c.id and p.idSimilar = s.id and p.idClassify = cp.id and p.id = id AND p.Status = 1) as pacs
    left join major m
    on pacs.idMajor = m.id ;
    END IF;
END$$ -- drop PROCEDURE PostDetailById -- call PostDetailById (1)

DELIMITER $$ 
CREATE PROCEDURE SimilarDoctorById (IN idP int)
BEGIN
    declare idM INT default 0;
    SET idM = (select idMajor from post where id = idP );
    SELECT a.id, a.FirstName, a.LastName, a.Avt, i.Degree, i.Experience
    FROM account a, infordoctor i
    WHERE a.id = i.idAccount and i.idMajor = idM;
END$$ -- drop PROCEDURE SimilarDoctorById use doccoming

DELIMITER $$
CREATE PROCEDURE PostByCategories(IN id int )
BEGIN
	SELECT  pa.id, pa.FeaturedImage, pa.Title, pa.Brief, pa.Content, pa.DatePost, pa.Similar, pa.FirstName, pa.LastName, pa.Avt, i.Degree, pa.idMajor, pa.idClassify,  cp.Classify
    FROM
    (SELECT p.id, p.FeaturedImage, p.Title, p.Brief, p.Content, p.DatePost, s.Similar, a.FirstName, a.LastName, a.Avt, p.idMajor, p.idClassify
    FROM post p, account a, similarcategories s
    WHERE p.idAuthor = a.id and p.idCategories = id and p.idSimilar = s.id and p.Status = 1) as pa
    LEFT JOIN infordoctor i
    on pa.id = i.idAccount
    left join classifypost cp
    on pa.idClassify = cp.id;
END$$ -- drop procedure PostByCategories --  call PostByCategories(5)


DELIMITER $$
CREATE PROCEDURE PostBySimilarCategories(IN id int )
BEGIN
	SELECT  pa.id, pa.FeaturedImage, pa.Title, pa.Brief, pa.Content, pa.DatePost, pa.Categories, pa.FirstName, pa.LastName, pa.Avt, i.Degree, pa.idMajor, pa.idClassify, pa.Classify
    FROM
    (SELECT p.id, p.FeaturedImage, p.Title, p.Brief, p.Content, p.DatePost, c.Categories, a.FirstName, a.LastName, a.Avt, p.idMajor, p.idClassify, cp.Classify
    FROM post p, account a, categories c, classifypost cp
    WHERE p.idAuthor = a.id and p.idSimilar = id and p.idCategories = c.id and p.idClassify = cp.id  AND p.Status = 1 ) as pa
    LEFT JOIN infordoctor i
    on pa.id = i.idAccount; 
END$$ -- drop procedure PostBySimilarCategories

DELIMITER $$
CREATE PROCEDURE ListSearch(IN search text )
BEGIN
	SELECT  pa.id, pa.LastName, pa.FirstName, pa.Categories, pa.FeaturedImage, pa.Similar, pa.Title, pa.Brief, pa.Content, pa.idAuthor,
    pa.DatePost, pa.Avt, i.Degree, pa.idMajor, pa.idClassify, pa.Classify
    FROM
    (SELECT a.LastName, a.FirstName, c.Categories, p.FeaturedImage, s.Similar, p.Title, p.Brief, p.Content, p.id, p.idAuthor, p.DatePost, a.Avt, p.idMajor, p.idClassify, cp.Classify
    FROM  account a, categories c, post p, similarcategories s, classifypost cp
    WHERE p.Status = 1 
    AND p.idCategories = c.id 
    AND a.id = p.idAuthor 
    AND p.idSimilar = s.id
	and p.idClassify = cp.id
    AND (c.Categories like search or p.Title like search or s.Similar like search) ) as pa
	LEFT JOIN infordoctor i
    on pa.id = i.idAccount;
END$$ -- drop PROCEDURE ListSearch

DELIMITER $$
CREATE PROCEDURE ListSearchById(IN search text,  IN idA int )
BEGIN
	SELECT  pa.id, pa.LastName, pa.FirstName, pa.Categories, pa.FeaturedImage, pa.Similar, pa.Title, pa.Brief, pa.Content, pa.idAuthor,
    pa.DatePost, pa.Avt, i.Degree, pa.idMajor, pa.idClassify, pa.Classify, pa.Status
    FROM
    (SELECT a.LastName, a.FirstName, c.Categories, p.FeaturedImage, s.Similar, p.Title, p.Brief, p.Content, p.id, p.idAuthor, p.DatePost, a.Avt, p.idMajor, p.idClassify, cp.Classify
    FROM  account a, categories c, post p, similarcategories s, classifypost cp
    WHERE
	p.idCategories = c.id 
    AND a.id = p.idAuthor 
    AND p.idSimilar = s.id
	and p.idClassify = cp.id
    And p.idAuthor = idA
    AND (c.Categories like search or p.Title like search or s.Similar like search) ) as pa
	LEFT JOIN infordoctor i
    on pa.id = i.idAccount;
END$$ -- drop PROCEDURE ListSearchById use dbdoccoming

DELIMITER $$
CREATE PROCEDURE SearchDoctor(IN search text )
BEGIN
	SELECT aim.id, aim.LastName, aim.FirstName, aim.Avt, aim.Gender, aim.Email, aim.Degree, aim.Introduce, aim.Major, aim.Experience, aim.Training, ra.Star
    FROM
    (SELECT a.id, a.LastName, a.FirstName, a.Avt, a.Gender, a.Email, i.Degree, i.Introduce, m.Major, i.Experience, i.Training
    FROM  account a, infordoctor i, major m
    WHERE a.id = i.idAccount
    AND i.idMajor = m.id
    AND (CONCAT(a.FirstName, ' ', a.LastName) like  search )) as aim
    left join
    (select idDoctor, avg(Star) as Star from ratedoctor r, appointment a where r.idAppointment = a.id group by a.idDoctor) as ra 
	on aim.id = ra.idDoctor;
END$$ -- drop PROCEDURE SearchDoctor

DELIMITER $$	
CREATE PROCEDURE SearchDisease(IN search text )
BEGIN
    SELECT acc.id, pi.idMajor, pi.Major, acc.FirstName, acc.LastName, acc.Gender, acc.Email, acc.Avt, pi.Degree, pi.Introduce, pi.Experience, pi.Training
    FROM
    (SELECT p.Title, p.Brief, p.idMajor, m.Major, i.idAccount, i.Degree, i.Introduce, i.Experience, i.Training
    FROM  post p, infordoctor i, major m
    WHERE p.idMajor = i.idMajor and i.idMajor = m.id and (p.Title like search or  p.Brief like search)) as pi
    left join
	account acc
	on acc.id = pi.idAccount and acc.Authorization = 2
    group by acc.id;
END$$ -- drop PROCEDURE SearchDisease call SearchDisease('%dau%') call AllCmt(12)

DELIMITER $$
CREATE PROCEDURE ListSearchService(IN search text )
BEGIN
    SELECT *
    FROM  service
    WHERE Service like  search  or Description like  search;
END$$ -- drop PROCEDURE ListSearchService

DELIMITER $$ 
CREATE PROCEDURE AppointmentData (IN idDoctor int, IN DateBooking date)
BEGIN
	SELECT a.id, sd.EstimatedTime, a.TimeBooking
    FROM servicedoctor sd, appointment a
    WHERE a.DateBooking = DateBooking and a.idDoctor = idDoctor and a.idDoctor = sd.idDoctor and sd.idService = a.idService and a.Status = 1
    ORDER BY a.TimeBooking asc;
END$$ -- drop PROCEDURE AppointmentData 

DELIMITER $$ 
CREATE PROCEDURE ScheduleData (IN idDoctor int, IN DateBooking date)
BEGIN
	declare COUNT INT default 0;
    SET COUNT = (select count(*) from schedule s where s.SpecificDay = DateBooking and s.idDoctor = idDoctor);
    IF (COUNT >  0)
    THEN 
    SELECT id, FirstShiftStart, FirstShiftEnd, SecondShiftStart, SecondShiftEnd, ThirdShiftStart, ThirdShiftEnd, SpecificDay
    FROM schedule s
    WHERE s.idDoctor = idDoctor and s.SpecificDay = DateBooking;
    ELSE
    SELECT id, FirstShiftStart, FirstShiftEnd, SecondShiftStart, SecondShiftEnd, ThirdShiftStart, ThirdShiftEnd, SpecificDay
    FROM schedule s
    WHERE s.idDoctor = idDoctor and status = 0;
    END IF;
END$$ -- drop PROCEDURE ScheduleData

delimiter $$
CREATE PROCEDURE CHECK_SERVICE (IN idService int, IN idDoctor int, IN EstimatedTime TIME, IN Price Double)
BEGIN
	DECLARE Count int default 0;
    SET Count = (select count(*) from servicedoctor s where s.idService = idService and s.idDoctor = idDoctor);
    IF Count > 0
    THEN
    update servicedoctor s set s.EstimatedTime = EstimatedTime, s.Price = Price where s.idService = idService and s.idDoctor = idDoctor;
    ELSE 
    insert into servicedoctor (idService, idDoctor, EstimatedTime, Price) values (idService,idDoctor,EstimatedTime,Price);
    END IF;
END$$ -- drop PROCEDURE CHECK_SERVICE 

DELIMITER $$  
CREATE PROCEDURE AllCmt (IN idPost int)
BEGIN
	select  ac.id, ac.LastName, ac.FirstName, ac.Avt,  ac.idAccount, ac.Cmt, ac.CmtTime, ac.Love, "false" as IsLoved, ac.Status, ar.LastName as repLastName, ar.FirstName as repFirstName, 
			ar.Avt as repAvt, ar.id as repid, ar.idAccount as repidAccount , ar.Cmt as repCmt, ar.CmtTime as repCmtTime, ar.Love as repLove, "false" as repIsLoved, ar.Status as repStatus
    from
    (SELECT a.LastName, a.FirstName, a.Avt, c.id, c.idAccount, c.idPost, c.Cmt, c.CmtTime, c.Love, c.Status 
    FROM account a, comment c 
    where a.id = c.idAccount and c.idPost = idPost ) as ac
    left join 
    (SELECT a.LastName, a.FirstName, a.Avt, r.id, r.idAccount, r.idComment, r.Cmt, r.CmtTime, r.Love, r.Status 
    FROM account a, replycomment r
    where a.id = r.idAccount) as ar
    on ac.id = ar.idComment 
    ORDER BY ac.CmtTime desc, repCmtTime desc ;
    
END$$ -- drop PROCEDURE AllCmt call AllCmt(1) select idComment, idReplycomment, Status from lovecomment where idAccount = 235523490 and idPost = 1

delimiter $$
CREATE procedure detailDoctor (IN id int)
select aim.id, aim.FullName, aim.Gender, aim.Avt, aim.Phone, aim.Address, aim.BirthDate, aim.Email, aim.Degree, aim.Introduce, aim.idMajor, m.Major, aim.Experience, aim.Training, ra.Star
FROM
(select a.id, CONCAT(a.FirstName, ' ', a.LastName) as FullName, a.Gender, a.Avt, a.Phone, a.Address, a.BirthDate, a.Email, i.Degree, i.Introduce, i.idMajor, i.Experience, i.Training 
 FROM account a, infordoctor i
 where a.id = i.idAccount and a.id = id) as aim
left join
(select idDoctor, avg(Star) as Star from ratedoctor r, appointment a where r.idAppointment = a.id and a.idDoctor = id) as ra 
on aim.id = ra.idDoctor
left join major m
on m.id = aim.idMajor
$$ -- drop procedure detailDoctor -- call detailDoctor(235523521)

delimiter $$
CREATE procedure getProfile (IN id int)
select a.id, CONCAT(FirstName, ' ', LastName) as FullName, BirthDate, Gender, Address, Email, Phone, Avt from account a where a.id = id;
$$ -- drop procedure getProfile	
 
delimiter $$
CREATE procedure RateDoctor (IN id int)
select r.idAppointment, ap.idPatient, CONCAT(a.FirstName, ' ', a.LastName) as FullName, a.Gender, a.Avt, r.Comment, r.Star
from ratedoctor r, account a, appointment ap
where r.idAppointment = ap.id and a.id = ap.idPatient and ap.idDoctor = id
$$ -- drop procedure RateDoctor 

delimiter $$
CREATE procedure getAccountByKeyword (IN search text )
SELECT ta.id, ta.FirstName, ta.LastName, ta.BirthDate, ta.Address, ta.Email, ta.Phone, ta.Avt, ta.Role, ta.CreatedAt , dm.Major
FROM
(SELECT a.id, a.FirstName, a.LastName, a.BirthDate, a.Address, a.Email, a.Phone, a.Avt, t.Role, a.CreatedAt
FROM account a, authorization t
WHERE a.Authorization = t.id
 and (CONCAT(a.FirstName, ' ', a.LastName) like search or a.Phone like search or a.Email like search)) as ta
LEFT JOIN
(SELECT d.idAccount, m.Major
FROM  infordoctor d, major m
WHERE d.idMajor = m.id) as dm
ON ta.id = dm.idAccount where ta.Role != "Admin"
$$ -- drop procedure getAccountByKeyword call getAccountByKeyword("%quoc anh%")

delimiter $$
CREATE procedure getPostByKeyword (IN search text )
select pacs.id, pacs.FeaturedImage, pacs.Title, pacs.Brief, pacs.Content, pacs.DatePost, pacs.idAuthor, pacs.FirstName, pacs.LastName, pacs.Avt, pacs.idCategories, pacs.Categories,
 pacs.idSimilar, pacs.Similar, pacs.idMajor, m.Major, pacs.idClassify, pacs.Classify, pacs.Status
from
(SELECT p.id, p.FeaturedImage, p.Title, p.Brief, p.Content, p.DatePost, a.id as idAuthor, a.FirstName, a.LastName, a.Avt, p.idCategories, c.Categories, p.idSimilar, s.Similar, p.idMajor,
 p.idClassify, cp.Classify, p.Status
FROM post p, account a, categories c, similarcategories s, classifypost cp
WHERE p.idAuthor = a.id and p.idCategories = c.id and p.idSimilar = s.id and p.idClassify = cp.id
and (p.Title like search or p.Brief like search or CONCAT(a.FirstName, ' ', a.LastName) like search or c.Categories like search)) as pacs
left join major m
on pacs.idMajor = m.id 
order by pacs.DatePost desc
$$ -- drop procedure getPostByKeyword call getPostByKeyword('%ray%') 

delimiter $$
CREATE procedure getAppointmentPatient (IN idP int)
select acsv.id, acsv.idService, acsv.Service, acsv.idDoctor, acsv.LastName, acsv.FirstName, acsv.Phone, acsv.Avt, DATE_FORMAT(acsv.DateBooking, '%d/%m/%Y') as DateBooking, acsv.TimeBooking, acsv.Price, acsv.Status,
 acsv.Information, acsv.Type, r.id as rateid, r.Star, r.Comment, apptn.Advice, DATE_FORMAT(apptn.ReExaminationDate, '%d/%m/%Y %H:%i') as ReExaminationDate, apptn.Price as ReExaminationPrice, apptn.Status as NoteStatus,
 mr.id as idMedicalRecord, mr.Record, mr.IllnessDate,mr.Note as NoteRecord
from
(select a.id, sv.id as idService, sv.Service, a.idDoctor, ac.LastName, ac.FirstName, ac.Phone, ac.Avt, a.DateBooking, a.TimeBooking, a.Price, a.Status, a.Information, s.Type
from account ac, appointment a, appointmentstatus s, service sv
where ac.id = a.idDoctor 
and a.Status = s.id and a.idService = sv.id and a.idPatient = idP 
order by DateBooking, TimeBooking) as acsv
left join appointmentnote apptn
on apptn.idAppointment = acsv.id
left join ratedoctor r
on r.idAppointment = acsv.id 
left join medicalrecord mr
on mr.idAppointment = acsv.id 
order by acsv.DateBooking desc, acsv.TimeBooking desc
$$ -- drop procedure getAppointmentPatient 

delimiter $$
CREATE procedure getAppointmentDoctor (IN idD int)
select acsv.id, acsv.idService, acsv.Service, acsv.idPatient, acsv.LastName, acsv.FirstName, acsv.Phone, acsv.Avt, acsv.Address, DATE_FORMAT(acsv.DateBooking, '%d/%m/%Y') as DateBooking, acsv.TimeBooking, acsv.Price, acsv.Status,
 acsv.Information, acsv.Type, r.id as rateid, r.Star, r.Comment, apptn.Advice, DATE_FORMAT(apptn.ReExaminationDate, '%d/%m/%Y %H:%i') as ReExaminationDate, apptn.Price as ReExaminationPrice, svd.EstimatedTime, apptn.Status as NoteStatus, 
 mr.id as idMedicalRecord, mr.Record, mr.IllnessDate, mr.Note as NoteRecord
from
(select a.id, sv.id as idService, sv.Service, a.idPatient, ac.LastName, ac.FirstName, ac.Phone, ac.Avt, ac.Address, a.DateBooking, a.TimeBooking, a.Price, a.Status, a.Information, s.Type
from account ac, appointment a, appointmentstatus s, service sv
where ac.id = a.idPatient 
and a.Status = s.id and a.idService = sv.id and a.idDoctor = idD
order by DateBooking, TimeBooking) as acsv
left join appointmentnote apptn
on apptn.idAppointment = acsv.id
left join ratedoctor r
on r.idAppointment = acsv.id 
left join servicedoctor svd
on svd.idDoctor = idD and svd.idService = acsv.idService
left join medicalrecord mr
on mr.idAppointment = acsv.id 
order by acsv.DateBooking desc, acsv.TimeBooking desc
$$ -- drop procedure getAppointmentDoctor 

delimiter $$
CREATE procedure getNotification (IN idA int)
select n.id, n.Notification, n.Type, n.NotiTime, n.Status, c.Unread 
from notification n 
left join 
(select count(idAccount) as Unread, idAccount from notification where idAccount = idA and Status = 0) as c
on n.idAccount = c.idAccount 
where n.idAccount = idA
order by NotiTime desc 
limit 10
$$ -- drop procedure getNotification    call getNotification(235523500)

delimiter $$
CREATE procedure getMedicalRecordPatient (IN idP int)
select m.id, m.idAppointment, acc.id as idDoctor, CONCAT(acc.FirstName, ' ', acc.LastName) as FullNameDoctor, m.Record, DATE_FORMAT(m.IllnessDate, '%d/%m/%Y') as IllnessDate, m.Note
from medicalrecord m, account acc, appointment a
where m.idAppointment = a.id and acc.id = a.idDoctor and a.idPatient = idP

$$ -- drop procedure getMedicalRecordPatient 	

delimiter $$
CREATE procedure getMedicalRecordDoctor (IN Y int)
select m.id, m.idAppointment, acc.id as idPatient, CONCAT(acc.FirstName, ' ', acc.LastName) as FullNamePatient, m.Record, DATE_FORMAT(m.IllnessDate, '%d/%m/%Y') as IllnessDate, m.Note
from medicalrecord m, account acc, appointment a
where m.idAppointment = a.id and acc.id = a.idPatient and a.idDoctor = idD
$$ -- drop procedure getMedicalRecordDoctor 







